// Generated by tools/gen_cjk_font.swift; do not edit by hand.
#include "cjk_font.h"
static const uint8_t ja_glyphs[][DISPLAY_CJK_GLYPH_BYTES] = {
    {0x00,0x00,0x18,0x00,0x18,0xF8,0x3E,0x98,0x00,0x98,0x3D,0x9C,0x03,0x00,0x3F,0xFC,0x00,0xC8,0x3C,0xD8,0x36,0x70,0x26,0x70,0x3F,0xDC,0x37,0x06,0x00,0x00,0x00,0x00},
    {0x00,0x00,0x01,0x00,0x01,0x80,0x3F,0xFC,0x20,0x04,0x3F,0xFC,0x09,0x90,0x0D,0x80,0x0D,0xF8,0x09,0x80,0x1D,0x80,0x1F,0x80,0x33,0xFC,0x20,0x00,0x00,0x00,0x00,0x00},
    {0x00,0x00,0x01,0x00,0x03,0x00,0x03,0xF8,0x06,0x18,0x0C,0x10,0x1F,0x30,0x33,0xE0,0x00,0xE0,0x00,0xC0,0x01,0x80,0x07,0x00,0x0E,0x00,0x08,0x00,0x00,0x00,0x00,0x00},
    {0x00,0x00,0x00,0x00,0x00,0x18,0x00,0x30,0x00,0x60,0x01,0xC0,0x03,0x80,0x1E,0x80,0x38,0x80,0x00,0x80,0x00,0x80,0x00,0x80,0x00,0x80,0x00,0x00,0x00,0x00,0x00,0x00},
    {0x00,0x00,0x00,0x00,0x03,0x00,0x03,0x00,0x03,0x00,0x02,0x00,0x06,0x20,0x06,0x20,0x04,0x30,0x0C,0x18,0x0C,0x78,0x3F,0xFC,0x30,0x0C,0x00,0x00,0x00,0x00,0x00,0x00},
    {0x00,0x04,0x00,0x1C,0x00,0x1E,0x18,0x08,0x18,0x18,0x0C,0x10,0x0C,0x30,0x04,0x30,0x00,0x60,0x00,0xC0,0x01,0xC0,0x03,0x80,0x06,0x00,0x00,0x00,0x00,0x00,0x00,0x00},
    {0x00,0x00,0x00,0x00,0x00,0x00,0x00,0x00,0x00,0x00,0x00,0x00,0x00,0x00,0x3F,0xFC,0x00,0x00,0x00,0x00,0x00,0x00,0x00,0x00,0x00,0x00,0x00,0x00,0x00,0x00,0x00,0x00},
    {0x00,0x00,0x00,0x00,0x00,0x00,0x18,0x00,0x0C,0x08,0x06,0x0C,0x02,0x18,0x00,0x18,0x00,0x70,0x00,0xE0,0x03,0xC0,0x1F,0x00,0x18,0x00,0x00,0x00,0x00,0x00,0x00,0x00},
    {0x00,0x00,0x00,0x00,0x3E,0xFC,0x36,0x84,0x22,0x84,0x36,0xFC,0x3E,0x8C,0x22,0x84,0x22,0xFC,0x3E,0xFC,0x33,0x84,0x01,0x04,0x03,0x1C,0x06,0x1C,0x00,0x00,0x00,0x00},
    {0x00,0x00,0x00,0x00,0x0F,0xE0,0x0F,0xE0,0x00,0xC0,0x01,0x80,0x07,0x00,0x0F,0xF0,0x1C,0x18,0x13,0x08,0x07,0x98,0x04,0xF8,0x07,0xF0,0x00,0x00,0x00,0x00,0x00,0x00},
    {0x00,0x00,0x00,0x00,0x01,0x80,0x00,0x98,0x1F,0xF8,0x1F,0xC0,0x00,0x60,0x00,0x60,0x0F,0xF0,0x18,0x10,0x18,0x00,0x1C,0x30,0x0F,0xF0,0x00,0x00,0x00,0x00,0x00,0x00},
    {0x00,0x00,0x01,0x00,0x01,0x80,0x01,0xFC,0x01,0x00,0x01,0x80,0x1F,0xF8,0x18,0x18,0x18,0x18,0x1F,0xF8,0x12,0x58,0x12,0x48,0x32,0x4C,0x22,0x64,0x00,0x00,0x00,0x00},
    {0x00,0x00,0x20,0x38,0x30,0x3C,0x1F,0xFC,0x04,0x30,0x67,0xF4,0x3C,0xBC,0x07,0xF8,0x07,0xF8,0x1F,0xD8,0x3D,0xF8,0x3F,0x7E,0x7E,0x6E,0x28,0xC4,0x00,0x00,0x00,0x00},
    {0x00,0x00,0x00,0x80,0x1F,0xFC,0x13,0x30,0x13,0x30,0x1F,0xFC,0x13,0x20,0x13,0xE0,0x30,0x10,0x37,0xF8,0x33,0x30,0x21,0xE0,0x67,0xFC,0x3C,0x1C,0x00,0x00,0x00,0x00},
    {0x00,0x00,0x00,0x00,0x3F,0xFC,0x20,0x04,0x20,0x04,0x27,0xE4,0x24,0x64,0x24,0x24,0x24,0x24,0x27,0xE4,0x20,0x04,0x20,0x04,0x3F,0xFC,0x30,0x0C,0x00,0x00,0x00,0x00},
    {0x00,0x00,0x08,0x00,0x3F,0xFC,0x3F,0x78,0x1E,0x00,0x3F,0x00,0x3F,0xFE,0x3F,0x60,0x3F,0x78,0x1E,0x48,0x3F,0x4C,0x3E,0xDC,0x08,0xFC,0x0C,0x04,0x00,0x00,0x00,0x00},
    {0x00,0x00,0x18,0x40,0x1B,0xFC,0x1A,0x60,0x3F,0xFC,0x3C,0x64,0x3F,0xFC,0x7B,0xF8,0x1B,0x08,0x1B,0xF8,0x1B,0x08,0x1B,0xF8,0x1A,0x08,0x1A,0x38,0x00,0x00,0x00,0x00},
    {0x00,0x00,0x0C,0x00,0x0C,0xFC,0x3F,0x84,0x0C,0x9C,0x3F,0x98,0x12,0xFC,0x16,0xEC,0x3F,0xEC,0x0C,0xB8,0x3F,0x98,0x0C,0xB8,0x0C,0xEE,0x0C,0xE6,0x00,0x00,0x00,0x00},
    {0x00,0x00,0x03,0x00,0x01,0x80,0x3F,0xFC,0x3F,0xFC,0x0F,0xF0,0x08,0x10,0x0F,0xF0,0x00,0x00,0x0F,0xF8,0x18,0x18,0x18,0x18,0x1F,0xF8,0x18,0x18,0x00,0x00,0x00,0x00},
    {0x00,0x00,0x18,0x00,0x19,0xFC,0x3E,0x60,0x01,0xF8,0x3C,0xC8,0x00,0xC8,0x3F,0xFE,0x00,0x00,0x3D,0xFC,0x35,0x8C,0x25,0x8C,0x3D,0xFC,0x25,0x8C,0x00,0x00,0x00,0x00},
    {0x00,0x00,0x01,0x00,0x01,0x80,0x3F,0xFC,0x20,0x04,0x2F,0xF4,0x00,0x00,0x3F,0xFC,0x3F,0xFC,0x06,0x40,0x06,0x40,0x0C,0x44,0x38,0x7C,0x30,0x78,0x00,0x00,0x00,0x00},
    {0x00,0x00,0x00,0x00,0x3F,0xFC,0x00,0x18,0x00,0x30,0x00,0xE0,0x01,0x80,0x01,0x80,0x01,0x80,0x01,0x80,0x01,0x80,0x01,0x80,0x07,0x80,0x07,0x00,0x00,0x00,0x00,0x00},
    {0x00,0x00,0x01,0x00,0x1F,0xF8,0x1F,0xFC,0x10,0x0C,0x1F,0xFC,0x10,0x80,0x10,0x80,0x1F,0xFC,0x11,0xC4,0x31,0xC0,0x23,0x30,0x7E,0x1C,0x78,0x0C,0x00,0x00,0x00,0x00},
    {0x00,0x00,0x00,0x00,0x3F,0x80,0x13,0xFC,0x13,0x44,0x1F,0x4C,0x13,0x48,0x1F,0x68,0x13,0x38,0x13,0x30,0x3F,0xB8,0x3B,0x6C,0x03,0xCE,0x03,0x80,0x00,0x00,0x00,0x00},
    {0x00,0x00,0x10,0x40,0x1A,0x4C,0x0B,0x58,0x01,0x58,0x33,0xFC,0x1A,0x0C,0x03,0xFC,0x03,0xFC,0x0A,0x0C,0x1B,0xFC,0x12,0x0C,0x32,0x3C,0x22,0x38,0x00,0x00,0x00,0x00},
    {0x00,0x00,0x04,0x04,0x35,0xA4,0x35,0x24,0x17,0x24,0x3F,0xA4,0x31,0xA4,0x3F,0xA4,0x31,0xA4,0x31,0xA4,0x3F,0xA4,0x31,0x84,0x31,0x9C,0x33,0x1C,0x00,0x00,0x00,0x00},
    {0x00,0x00,0x04,0x60,0x3E,0xE0,0x25,0xB8,0x2F,0x1C,0x3F,0xFE,0x3C,0x60,0x2C,0x60,0x27,0xFC,0x3D,0x58,0x3F,0x48,0x26,0x4C,0x26,0xC4,0x20,0xC0,0x00,0x00,0x00,0x00},
    {0x00,0x00,0x01,0x00,0x3F,0xFC,0x3F,0xFC,0x21,0x84,0x3F,0xFC,0x01,0x80,0x1F,0xF0,0x01,0x80,0x3F,0xFC,0x03,0xC0,0x06,0x60,0x3C,0x3C,0x30,0x0C,0x00,0x00,0x00,0x00},
    {0x00,0x00,0x0C,0x00,0x0D,0xFC,0x18,0x00,0x34,0x00,0x0F,0x04,0x1B,0xFC,0x38,0x10,0x38,0x10,0x08,0x10,0x08,0x10,0x08,0x10,0x08,0x70,0x08,0x70,0x00,0x00,0x00,0x00},
    {0x00,0x00,0x01,0x80,0x01,0x80,0x01,0x80,0x3F,0xFC,0x31,0x8C,0x31,0x8C,0x31,0x8C,0x3F,0xFC,0x31,0x8C,0x01,0x80,0x01,0x80,0x01,0x80,0x01,0x80,0x00,0x00,0x00,0x00},
    {0x00,0x00,0x00,0x00,0x00,0x40,0x00,0x40,0x1F,0xFC,0x1F,0xF8,0x01,0xE0,0x01,0xE0,0x07,0x60,0x0E,0x60,0x38,0x60,0x30,0x60,0x00,0x60,0x00,0x00,0x00,0x00,0x00,0x00},
    {0x00,0x00,0x00,0x00,0x00,0x00,0x1F,0xF8,0x00,0x18,0x00,0x18,0x00,0x10,0x00,0x30,0x00,0x60,0x00,0xC0,0x01,0xC0,0x07,0x00,0x0E,0x00,0x00,0x00,0x00,0x00,0x00,0x00},
    {0x00,0x00,0x00,0x00,0x00,0x00,0x10,0x00,0x10,0x30,0x10,0x30,0x10,0x18,0x10,0x08,0x19,0x0C,0x19,0x0C,0x0B,0x04,0x0E,0x00,0x04,0x00,0x00,0x00,0x00,0x00,0x00,0x00},
    {0x00,0x00,0x00,0x00,0x07,0xC0,0x01,0xE0,0x00,0x00,0x0F,0xE0,0x08,0xC0,0x01,0x80,0x03,0x80,0x07,0xC0,0x0C,0xC0,0x18,0x44,0x30,0x7C,0x00,0x00,0x00,0x00,0x00,0x00},
    {0x00,0x00,0x10,0x18,0x18,0x3C,0x3E,0x34,0x03,0xFE,0x3C,0x10,0x02,0x30,0x3F,0xF0,0x00,0x90,0x3C,0x90,0x34,0xFA,0x27,0xCE,0x3E,0x0E,0x34,0x04,0x00,0x00,0x00,0x00},
    {0x00,0x00,0x06,0x00,0x03,0x90,0x00,0xF0,0x04,0x30,0x04,0x60,0x14,0x78,0x34,0xC8,0x35,0x8C,0x27,0x04,0x66,0x16,0x1C,0x30,0x37,0xF0,0x23,0xE0,0x00,0x00,0x00,0x00},
    {0x00,0x00,0x04,0x00,0x0F,0xFC,0x38,0x60,0x71,0xFC,0x07,0x0C,0x0D,0xFC,0x39,0x0C,0x21,0xFC,0x07,0x0C,0x0D,0xFC,0x39,0xB8,0x73,0x1C,0x06,0x06,0x00,0x00,0x00,0x00},
    {0x00,0x00,0x0C,0x40,0x18,0x60,0x33,0xFC,0x28,0x40,0x0F,0xFC,0x1B,0xFC,0x30,0x18,0x73,0xFC,0x13,0x10,0x11,0x90,0x10,0x90,0x10,0x50,0x10,0x70,0x00,0x00,0x00,0x00},
    {0x00,0x00,0x11,0x48,0x13,0x58,0x13,0xFC,0x7F,0xF8,0x3B,0xDC,0x3F,0xFC,0x3F,0xFC,0x77,0xFC,0x53,0x6C,0x13,0xB8,0x16,0xF6,0x1E,0xFC,0x1D,0x8C,0x00,0x00,0x00,0x00},
    {0x00,0x00,0x00,0x00,0x3F,0xFC,0x30,0x0C,0x3F,0xFC,0x30,0x0C,0x33,0xCC,0x37,0xEC,0x34,0x2C,0x34,0x2C,0x37,0xEC,0x30,0x0C,0x30,0x3C,0x30,0x38,0x00,0x00,0x00,0x00},
    {0x00,0x00,0x11,0x00,0x13,0x7C,0x3F,0xC4,0x13,0x44,0x1F,0x7C,0x13,0x6C,0x1F,0x44,0x13,0x7C,0x3B,0xFC,0x3F,0xC4,0x1A,0xC4,0x33,0x8C,0x21,0x9C,0x00,0x00,0x00,0x00},
    {0x00,0x00,0x20,0xC0,0x3F,0xFC,0x1F,0xFC,0x01,0xF0,0x70,0xE0,0x3F,0xBC,0x0E,0x1C,0x03,0xF8,0x1B,0x18,0x13,0xF8,0x32,0x18,0x26,0x18,0x24,0x08,0x00,0x00,0x00,0x00},
    {0x00,0x00,0x00,0x00,0x0F,0x80,0x0F,0x80,0x01,0x10,0x01,0x10,0x03,0x10,0x1F,0xF0,0x36,0x78,0x36,0x3C,0x34,0x24,0x3C,0x60,0x01,0xC0,0x00,0x00,0x00,0x00,0x00,0x00},
    {0x00,0x00,0x01,0x80,0x01,0x80,0x1F,0xF8,0x11,0x88,0x01,0x80,0x21,0x84,0x3F,0xFC,0x03,0xC0,0x07,0xE0,0x0D,0xB0,0x39,0x9C,0x21,0x8C,0x01,0x80,0x00,0x00,0x00,0x00},
    {0x00,0x00,0x0C,0x30,0x06,0x60,0x3F,0xFC,0x00,0x0C,0x1F,0x4C,0x13,0x48,0x1F,0x48,0x1F,0x48,0x13,0x48,0x1F,0x68,0x13,0x08,0x13,0x28,0x16,0x38,0x00,0x00,0x00,0x00},
    {0x00,0x00,0x04,0x20,0x06,0x60,0x3F,0xFC,0x01,0x00,0x1F,0xF8,0x01,0x00,0x3F,0xFC,0x02,0x00,0x07,0xF8,0x0C,0x40,0x18,0x40,0x3F,0xFC,0x20,0x04,0x00,0x00,0x00,0x00},
    {0x00,0x00,0x00,0x00,0x06,0x38,0x04,0x3C,0x04,0x10,0x06,0x00,0x07,0x00,0x07,0xE0,0x04,0x70,0x04,0x10,0x04,0x00,0x04,0x00,0x06,0x00,0x00,0x00,0x00,0x00,0x00,0x00},
    {0x00,0x00,0x00,0x00,0x0C,0x30,0x0C,0x30,0x0C,0x30,0x0C,0x30,0x0C,0x30,0x0C,0x30,0x00,0x30,0x00,0x20,0x00,0x60,0x01,0xC0,0x07,0x80,0x00,0x00,0x00,0x00,0x00,0x00},
    {0x00,0x00,0x00,0x00,0x06,0x00,0x04,0x00,0x04,0x00,0x06,0x00,0x07,0x00,0x07,0xE0,0x04,0x70,0x04,0x10,0x04,0x00,0x04,0x00,0x06,0x00,0x00,0x00,0x00,0x00,0x00,0x00},
    {0x00,0x00,0x00,0x00,0x00,0x00,0x1F,0xF0,0x00,0x60,0x00,0x60,0x00,0xC0,0x00,0xC0,0x01,0xC0,0x07,0x60,0x0E,0x30,0x3C,0x18,0x30,0x0C,0x00,0x00,0x00,0x00,0x00,0x00},
    {0x00,0x00,0x00,0x00,0x03,0x00,0x03,0x00,0x03,0xF8,0x3F,0x80,0x01,0x80,0x01,0x9C,0x0F,0xF8,0x3F,0x80,0x00,0x80,0x00,0xC0,0x00,0xC0,0x00,0xC0,0x00,0x00,0x00,0x00},
    {0x00,0x00,0x00,0x00,0x00,0x00,0x00,0x00,0x06,0x00,0x06,0x10,0x07,0xF8,0x1E,0x30,0x02,0x60,0x03,0x40,0x03,0x00,0x03,0x00,0x01,0x00,0x01,0x00,0x00,0x00,0x00,0x00},
    {0x00,0x00,0x00,0x80,0x0D,0x80,0x0D,0x80,0x1F,0xF8,0x39,0x80,0x31,0x80,0x3F,0xFC,0x03,0xC0,0x03,0xC0,0x06,0x60,0x0C,0x30,0x38,0x1C,0x30,0x04,0x00,0x00,0x00,0x00},
    {0x00,0x00,0x00,0x40,0x3E,0x40,0x32,0xC0,0x3E,0xFC,0x3E,0x88,0x33,0xC8,0x3F,0xD8,0x32,0x70,0x36,0x70,0x1E,0x30,0x16,0x78,0x33,0xCC,0x21,0x04,0x00,0x00,0x00,0x00},
    {0x00,0x00,0x00,0x00,0x00,0x00,0x00,0x00,0x00,0x00,0x0B,0x18,0x09,0x90,0x0D,0xB0,0x04,0x30,0x00,0x60,0x00,0xC0,0x01,0x80,0x07,0x00,0x00,0x00,0x00,0x00,0x00,0x00},
    {0x00,0x00,0x00,0x0C,0x00,0x1A,0x1F,0xFE,0x00,0x1C,0x00,0x18,0x00,0x30,0x00,0x30,0x00,0x60,0x00,0xC0,0x01,0x80,0x07,0x00,0x0E,0x00,0x00,0x00,0x00,0x00,0x00,0x00},
    {0x00,0x00,0x00,0x00,0x00,0x00,0x1F,0xF8,0x3F,0xF0,0x00,0xCC,0x01,0x9E,0x03,0x0E,0x03,0x00,0x03,0x00,0x03,0x80,0x01,0xE0,0x00,0x70,0x00,0x00,0x00,0x00,0x00,0x00},
    {0x00,0x00,0x00,0x00,0x3F,0xFC,0x01,0x80,0x1F,0xF8,0x19,0x98,0x19,0x88,0x1F,0xF8,0x11,0x88,0x3F,0xFC,0x18,0x08,0x10,0x08,0x10,0x18,0x10,0x78,0x00,0x00,0x00,0x00},
    {0x00,0x00,0x01,0x00,0x01,0x80,0x01,0x90,0x1F,0xF8,0x00,0x70,0x00,0xE0,0x01,0xC0,0x0F,0xF0,0x3D,0xBC,0x01,0x8C,0x01,0x80,0x01,0x80,0x01,0x00,0x00,0x00,0x00,0x00},
    {0x00,0x00,0x00,0x00,0x00,0x00,0x1F,0xF8,0x18,0x18,0x18,0x18,0x18,0x18,0x10,0x10,0x00,0x30,0x00,0x60,0x00,0xE0,0x03,0xC0,0x03,0x00,0x00,0x00,0x00,0x00,0x00,0x00},
    {0x00,0x00,0x01,0x00,0x03,0x00,0x03,0xF8,0x07,0xF8,0x0C,0x10,0x18,0x30,0x30,0x30,0x00,0x60,0x00,0xC0,0x01,0x80,0x07,0x00,0x0E,0x00,0x00,0x00,0x00,0x00,0x00,0x00},
    {0x00,0x00,0x02,0xA8,0x37,0xFC,0x1F,0xFC,0x0E,0xE4,0x07,0xFC,0x01,0xB0,0x3B,0xFC,0x19,0xB0,0x1F,0xFC,0x19,0xB8,0x3F,0x1C,0x6F,0xFE,0x01,0xFC,0x00,0x00,0x00,0x00},
    {0x00,0x00,0x08,0x00,0x09,0xFC,0x09,0x0C,0x3F,0x0C,0x09,0x0C,0x09,0xFC,0x0F,0xB0,0x3D,0x30,0x39,0x30,0x0B,0x10,0x0A,0x18,0x1E,0x0C,0x3C,0x04,0x00,0x00,0x00,0x00},
    {0x00,0x00,0x02,0x00,0x06,0x00,0x06,0x20,0x3F,0xB8,0x0C,0x1C,0x0C,0x20,0x08,0x20,0x18,0x20,0x13,0xE0,0x33,0x78,0x06,0x6C,0x03,0xE4,0x00,0x00,0x00,0x00,0x00,0x00},
    {0x00,0x00,0x00,0x00,0x0C,0x00,0x0C,0x00,0x0C,0x00,0x08,0x00,0x08,0x00,0x08,0x00,0x08,0x08,0x08,0x18,0x0C,0x30,0x0E,0x70,0x07,0xC0,0x00,0x00,0x00,0x00,0x00,0x00},
    {0x00,0x00,0x00,0x00,0x00,0x1E,0x06,0x7A,0x04,0x6C,0x04,0x20,0x0C,0x20,0x0C,0x30,0x08,0x10,0x18,0x18,0x30,0x1C,0x30,0x0C,0x20,0x04,0x00,0x00,0x00,0x00,0x00,0x00},
    {0x00,0x00,0x02,0x00,0x07,0x00,0x01,0x80,0x01,0x80,0x01,0xC0,0x01,0xC0,0x03,0x40,0x02,0x60,0x06,0x30,0x0C,0x30,0x18,0x18,0x30,0x0E,0x20,0x04,0x00,0x00,0x00,0x00},
    {0x00,0x00,0x01,0x00,0x01,0x00,0x01,0x00,0x3F,0xF8,0x03,0x08,0x01,0x08,0x03,0x08,0x02,0x08,0x06,0x08,0x0E,0x08,0x1C,0x18,0x38,0xF8,0x20,0x20,0x00,0x00,0x00,0x00},
    {0x00,0x00,0x18,0x40,0x18,0x60,0x1B,0xFC,0x3D,0x98,0x18,0x90,0x1F,0xFC,0x1C,0xC0,0x7F,0xFC,0x1B,0xB8,0x1B,0xB0,0x19,0xF0,0x1B,0xF8,0x37,0x0C,0x00,0x00,0x00,0x00},
    {0x00,0x00,0x18,0x20,0x19,0xFC,0x17,0xFC,0x34,0x60,0x3D,0xFC,0x38,0x00,0x1F,0xFC,0x3F,0x54,0x36,0xD0,0x3C,0xD0,0x3E,0x96,0x2F,0x9C,0x22,0x1C,0x00,0x00,0x00,0x00},
    {0x00,0x00,0x01,0x80,0x0D,0x80,0x0D,0x98,0x1F,0xF8,0x31,0x80,0x31,0x80,0x3F,0xFC,0x02,0x40,0x06,0x40,0x06,0x44,0x0C,0x44,0x38,0x6C,0x30,0x78,0x00,0x00,0x00,0x00},
    {0x00,0x00,0x00,0x00,0x00,0x80,0x11,0xF8,0x1F,0xF0,0x00,0x80,0x1F,0xF8,0x0F,0xC0,0x00,0x80,0x0F,0xC0,0x18,0xF0,0x19,0x98,0x0F,0x88,0x00,0x00,0x00,0x00,0x00,0x00},
    {0x00,0x00,0x00,0x00,0x06,0x00,0x06,0x00,0x3F,0x80,0x0C,0x00,0x0C,0xF8,0x0C,0x00,0x08,0x00,0x19,0x80,0x19,0x80,0x11,0xCC,0x30,0xFC,0x00,0x00,0x00,0x00,0x00,0x00},
    {0x00,0x00,0x01,0x00,0x01,0x80,0x3F,0xFC,0x22,0x04,0x26,0x74,0x1C,0x38,0x38,0x0C,0x1F,0xF8,0x01,0x80,0x01,0x80,0x01,0x80,0x3F,0xFC,0x00,0x00,0x00,0x00,0x00,0x00},
    {0x00,0x00,0x01,0x80,0x01,0x00,0x1F,0xF8,0x18,0x18,0x10,0x08,0x10,0x08,0x1F,0xF8,0x1F,0xF8,0x10,0x08,0x10,0x08,0x18,0x18,0x1F,0xF8,0x10,0x08,0x00,0x00,0x00,0x00},
    {0x00,0x00,0x00,0x04,0x00,0x1E,0x06,0x7E,0x04,0x68,0x04,0x20,0x0C,0x20,0x0C,0x30,0x08,0x30,0x18,0x18,0x30,0x1C,0x30,0x0C,0x20,0x04,0x00,0x00,0x00,0x00,0x00,0x00},
    {0x00,0x00,0x00,0x1C,0x0C,0x1E,0x0F,0x0E,0x03,0x00,0x00,0x0C,0x1C,0x08,0x06,0x18,0x00,0x30,0x00,0x60,0x01,0xC0,0x0F,0x80,0x1C,0x00,0x00,0x00,0x00,0x00,0x00,0x00},
    {0x00,0x00,0x00,0x00,0x00,0x00,0x00,0x00,0x00,0x00,0x0F,0xE0,0x0F,0xF0,0x00,0x30,0x07,0xF0,0x0F,0xF0,0x00,0x30,0x00,0x30,0x0F,0xF0,0x00,0x00,0x00,0x00,0x00,0x00},
    {0x00,0x00,0x00,0x00,0x00,0x00,0x00,0x00,0x00,0x00,0x0F,0xF8,0x00,0x30,0x01,0xF0,0x01,0xC0,0x01,0x00,0x03,0x00,0x06,0x00,0x1C,0x00,0x00,0x00,0x00,0x00,0x00,0x00},
    {0x00,0x00,0x00,0x00,0x0F,0xF0,0x0F,0xF0,0x00,0x00,0x00,0x00,0x3F,0xFC,0x01,0x80,0x01,0x80,0x01,0x80,0x03,0x00,0x06,0x00,0x1C,0x00,0x00,0x00,0x00,0x00,0x00,0x00},
    {0x00,0x00,0x10,0x60,0x1B,0xFC,0x7F,0xFC,0x00,0x60,0x3F,0xFC,0x00,0x00,0x3F,0xFC,0x02,0xB4,0x3C,0xB0,0x24,0xB0,0x25,0xB6,0x3F,0x3C,0x22,0x1C,0x00,0x00,0x00,0x00},
    {0x00,0x00,0x00,0x80,0x30,0xC0,0x18,0x40,0x08,0x60,0x00,0x60,0x30,0xE0,0x38,0xB0,0x09,0x98,0x0B,0x1C,0x1E,0x0C,0x3C,0x00,0x67,0xFE,0x00,0xF8,0x00,0x00,0x00,0x00},
    {0x00,0x00,0x00,0x00,0x3F,0xFC,0x01,0x80,0x1F,0xF8,0x11,0x88,0x1F,0xF8,0x11,0x88,0x1F,0xF8,0x0F,0x80,0x07,0x00,0x07,0x00,0x1D,0xF8,0x38,0x3C,0x00,0x00,0x00,0x00},
    {0x00,0x00,0x08,0x0C,0x3F,0x7C,0x3F,0xC0,0x12,0x40,0x1E,0xC0,0x3F,0xFC,0x0C,0xC8,0x3F,0xC8,0x1E,0xC8,0x3F,0x88,0x2D,0x88,0x6D,0x88,0x19,0x08,0x00,0x00,0x00,0x00},
    {0x00,0x00,0x0C,0x00,0x0C,0xFC,0x3F,0x0C,0x0C,0x0C,0x0C,0x0C,0x3F,0xFC,0x14,0xC0,0x37,0xC4,0x37,0xC4,0x3C,0xFC,0x3C,0x78,0x67,0xFE,0x41,0xFC,0x00,0x00,0x00,0x00},
    {0x00,0x00,0x01,0x10,0x3F,0x30,0x3C,0x30,0x3F,0xFC,0x3F,0xFC,0x3D,0xB4,0x3F,0xA4,0x3D,0xA4,0x3F,0x24,0x3F,0xE4,0x0F,0xCC,0x3F,0xFC,0x00,0xB8,0x00,0x00,0x00,0x00},
    {0x00,0x00,0x00,0x00,0x04,0x20,0x04,0x20,0x2E,0x70,0x3F,0xFC,0x04,0x20,0x04,0x20,0x04,0x20,0x00,0x60,0x00,0x60,0x01,0xC0,0x03,0x80,0x00,0x00,0x00,0x00,0x00,0x00},
    {0x00,0x00,0x00,0x00,0x06,0x00,0x06,0x00,0x06,0x08,0x0F,0xFC,0x3E,0x18,0x06,0x30,0x06,0x60,0x06,0x00,0x06,0x00,0x07,0xF8,0x03,0xF8,0x00,0x00,0x00,0x00,0x00,0x00},
    {0x00,0x00,0x08,0x40,0x0F,0xFC,0x1B,0xFC,0x1B,0xF8,0x33,0x08,0x33,0xF8,0x77,0xFC,0x1F,0xFC,0x1F,0xFC,0x10,0x60,0x10,0x40,0x10,0x40,0x11,0xC0,0x00,0x00,0x00,0x00},
    {0x00,0x00,0x00,0x80,0x00,0x80,0x00,0x80,0x08,0x80,0x08,0x80,0x08,0xF8,0x08,0xC0,0x08,0x80,0x08,0x80,0x08,0x80,0x08,0x80,0x3F,0xFC,0x00,0x00,0x00,0x00,0x00,0x00},
    {0x00,0x00,0x3F,0x20,0x3F,0x2C,0x2F,0xF8,0x2B,0x30,0x3B,0x66,0x3B,0xFC,0x2C,0x60,0x27,0xFC,0x37,0x0C,0x3D,0xFC,0x21,0x0C,0x21,0xFC,0x21,0x0C,0x00,0x00,0x00,0x00},
    {0x00,0x00,0x1F,0xF8,0x1F,0xFC,0x1F,0xFC,0x1B,0x38,0x17,0xF8,0x1F,0xFC,0x1F,0xFC,0x1F,0xFC,0x37,0xF8,0x37,0xF8,0x27,0xF8,0x67,0xF8,0x26,0x18,0x00,0x00,0x00,0x00},
    {0x00,0x00,0x08,0x00,0x19,0xFC,0x16,0x88,0x16,0xF8,0x3C,0x70,0x3C,0xFC,0x1F,0xAE,0x3E,0x20,0x3B,0xFC,0x3E,0x20,0x2E,0x20,0x2F,0xFC,0x20,0x00,0x00,0x00,0x00,0x00},
    {0x00,0x00,0x21,0x00,0x31,0xF8,0x19,0xC8,0x19,0xE8,0x03,0x78,0x07,0xFC,0x3E,0xF4,0x1E,0xB4,0x1E,0xF4,0x1E,0x1C,0x3E,0x1C,0x7F,0xFC,0x03,0xFC,0x00,0x00,0x00,0x00},
    {0x00,0x00,0x00,0x00,0x04,0xC0,0x04,0xC0,0x04,0xC0,0x04,0xC0,0x0C,0xC0,0x0C,0x84,0x0C,0x84,0x08,0x8C,0x18,0x98,0x30,0xF0,0x30,0xE0,0x00,0x00,0x00,0x00,0x00,0x00},
    {0x00,0x00,0x18,0x20,0x19,0x20,0x19,0x20,0x19,0x2C,0x3D,0x7C,0x1F,0xE4,0x1F,0x24,0x19,0x2C,0x1D,0x38,0x1D,0x24,0x71,0x06,0x01,0xFC,0x00,0xF8,0x00,0x00,0x00,0x00},
    {0x00,0x00,0x10,0x38,0x10,0x3C,0x13,0xFC,0x17,0xFC,0x3C,0x30,0x1B,0xFC,0x12,0x7C,0x13,0xD8,0x1F,0xD8,0x3D,0xF8,0x67,0xFE,0x00,0xCE,0x00,0x84,0x00,0x00,0x00,0x00},
    {0x00,0x00,0x01,0x00,0x03,0x00,0x1F,0xF0,0x1F,0x00,0x04,0x00,0x0F,0x98,0x1C,0xF8,0x31,0xC0,0x07,0xC0,0x06,0xC0,0x06,0x00,0x07,0xF8,0x00,0x00,0x00,0x00,0x00,0x00},
    {0x00,0x00,0x00,0x00,0x1F,0xF8,0x18,0x18,0x18,0x18,0x18,0x18,0x18,0x18,0x1F,0xF8,0x18,0x18,0x18,0x18,0x18,0x18,0x18,0x18,0x1F,0xF8,0x10,0x18,0x00,0x00,0x00,0x00},
    {0x00,0x00,0x00,0x00,0x0F,0xF8,0x08,0x18,0x08,0x18,0x0F,0xF8,0x0C,0x18,0x08,0x18,0x0F,0xF8,0x0F,0xF8,0x18,0x18,0x18,0x18,0x30,0x70,0x20,0x70,0x00,0x00,0x00,0x00},
    {0x00,0x00,0x01,0x80,0x01,0x80,0x01,0x80,0x09,0x8C,0x19,0x98,0x19,0x90,0x31,0xB0,0x03,0xC0,0x03,0x40,0x06,0x60,0x0C,0x30,0x38,0x1C,0x30,0x04,0x00,0x00,0x00,0x00},
    {0x00,0x00,0x01,0x80,0x01,0x80,0x01,0x88,0x01,0x8C,0x3F,0x98,0x07,0xF0,0x05,0xE0,0x0D,0xE0,0x19,0xB0,0x31,0x9C,0x61,0x8E,0x07,0x80,0x07,0x00,0x00,0x00,0x00,0x00},
    {0x00,0x00,0x01,0x00,0x01,0x80,0x01,0x80,0x3F,0xFC,0x03,0xC0,0x03,0xC0,0x07,0xE0,0x0D,0xB0,0x1D,0xB8,0x31,0x9C,0x61,0x84,0x01,0x80,0x01,0x80,0x00,0x00,0x00,0x00},
    {0x00,0x00,0x01,0x80,0x03,0xC0,0x06,0x60,0x0C,0x30,0x3F,0xFC,0x21,0x8C,0x01,0x80,0x3F,0xFC,0x09,0x90,0x0D,0xB0,0x0D,0xA0,0x3F,0xFC,0x20,0x04,0x00,0x00,0x00,0x00},
    {0x00,0x00,0x01,0x00,0x01,0x80,0x01,0x80,0x01,0x80,0x01,0x80,0x1F,0xF8,0x01,0x80,0x01,0x80,0x01,0x80,0x01,0x80,0x01,0x80,0x3F,0xFC,0x00,0x00,0x00,0x00,0x00,0x00},
    {0x00,0x00,0x01,0x80,0x01,0x80,0x21,0x84,0x3F,0xFC,0x03,0xC0,0x03,0xC0,0x07,0xE0,0x0D,0xB0,0x19,0x98,0x7F,0xEE,0x21,0x84,0x01,0x80,0x01,0x80,0x00,0x00,0x00,0x00},
    {0x00,0x00,0x04,0x00,0x0C,0x00,0x0F,0xFC,0x18,0x80,0x30,0x80,0x2F,0xF8,0x08,0x80,0x08,0x80,0x3F,0xFC,0x3F,0xFC,0x00,0x80,0x00,0x80,0x00,0x80,0x00,0x00,0x00,0x00},
};

static const uint8_t ja_glyphs_2x[][DISPLAY_CJK_GLYPH_2X_BYTES] = {
    {0x00,0x00,0x00,0x00,0x00,0x00,0x00,0x00,0x00,0x00,0x00,0x00,0x01,0x00,0x00,0x00,0x03,0x80,0xFF,0x80,0x03,0x80,0xFF,0x80,0x01,0xC0,0xFF,0x80,0x01,0xE8,0xC1,0x80,0x1F,0xF8,0xC1,0x80,0x1F,0xF9,0xC1,0x80,0x00,0x01,0xC1,0x80,0x00,0x01,0x81,0x80,0x0F,0xF3,0x81,0xF8,0x0F,0xFF,0x01,0xF8,0x00,0x0F,0x00,0x00,0x00,0x06,0x00,0x00,0x0F,0xF7,0xFF,0xE0,0x0F,0xF7,0xFF,0xE0,0x00,0x01,0xC0,0xE0,0x00,0x00,0xC1,0xC0,0x0F,0xF0,0xE3,0x80,0x0F,0xF0,0x73,0x80,0x0C,0x30,0x7F,0x00,0x0C,0x30,0x3E,0x00,0x0C,0x30,0x3E,0x00,0x0C,0x30,0x7F,0x80,0x0F,0xF1,0xF3,0xE0,0x0F,0xFF,0xE1,0xF8,0x0C,0x3F,0x80,0x78,0x0C,0x36,0x00,0x18,0x00,0x00,0x00,0x00,0x00,0x00,0x00,0x00},
    {0x00,0x00,0x00,0x00,0x00,0x00,0x00,0x00,0x00,0x00,0x00,0x00,0x00,0x02,0x00,0x00,0x00,0x07,0x00,0x00,0x00,0x03,0x80,0x00,0x00,0x03,0x80,0x00,0x1F,0xFF,0xFF,0xF0,0x1F,0xFF,0xFF,0xF0,0x1C,0x00,0x00,0x70,0x1C,0x00,0x00,0x70,0x1C,0x00,0x00,0x70,0x1F,0xFF,0xFF,0xF0,0x01,0xFF,0xFF,0x80,0x00,0x03,0x80,0x00,0x00,0x03,0x80,0x00,0x00,0xE3,0x80,0x00,0x00,0xE3,0x80,0x00,0x00,0xC3,0xFF,0x80,0x00,0xC3,0xFF,0x80,0x01,0xC3,0x80,0x80,0x01,0xC3,0x80,0x00,0x03,0xE3,0x80,0x00,0x03,0xE3,0x80,0x00,0x07,0x7B,0x80,0x00,0x07,0x3F,0x80,0x00,0x0E,0x1F,0xE0,0xF0,0x1E,0x07,0xFF,0xF0,0x1C,0x00,0xFF,0xF0,0x08,0x00,0x00,0x00,0x00,0x00,0x00,0x00,0x00,0x00,0x00,0x00},
    {0x00,0x00,0x00,0x00,0x00,0x00,0x00,0x00,0x00,0x00,0x00,0x00,0x00,0x04,0x00,0x00,0x00,0x07,0x00,0x00,0x00,0x0E,0x00,0x00,0x00,0x0E,0x00,0x00,0x00,0x1E,0x0F,0x80,0x00,0x1F,0xFF,0xC0,0x00,0x3F,0xFF,0xC0,0x00,0x78,0x03,0x80,0x00,0xF0,0x03,0x80,0x01,0xE0,0x07,0x00,0x03,0xC8,0x07,0x00,0x07,0xDE,0x0F,0x00,0x0F,0x9F,0x0E,0x00,0x0E,0x07,0xDE,0x00,0x04,0x03,0xFC,0x00,0x00,0x00,0xF8,0x00,0x00,0x00,0x78,0x00,0x00,0x00,0xF0,0x00,0x00,0x01,0xE0,0x00,0x00,0x03,0xC0,0x00,0x00,0x07,0x80,0x00,0x00,0x1F,0x00,0x00,0x00,0x3E,0x00,0x00,0x00,0xFC,0x00,0x00,0x03,0xF0,0x00,0x00,0x01,0xC0,0x00,0x00,0x00,0x00,0x00,0x00,0x00,0x00,0x00,0x00,0x00,0x00,0x00,0x00},
    {0x00,0x00,0x00,0x00,0x00,0x00,0x00,0x00,0x00,0x00,0x00,0x00,0x00,0x00,0x00,0x00,0x00,0x00,0x01,0x00,0x00,0x00,0x01,0xC0,0x00,0x00,0x03,0xC0,0x00,0x00,0x07,0x80,0x00,0x00,0x1F,0x00,0x00,0x00,0x3E,0x00,0x00,0x00,0x7C,0x00,0x00,0x00,0xF0,0x00,0x00,0x03,0xE0,0x00,0x00,0x0F,0xC0,0x00,0x00,0x3F,0xC0,0x00,0x00,0xFF,0xC0,0x00,0x03,0xF9,0xC0,0x00,0x1F,0xE1,0xC0,0x00,0x1F,0x01,0xC0,0x00,0x0C,0x01,0xC0,0x00,0x00,0x01,0xC0,0x00,0x00,0x01,0xC0,0x00,0x00,0x01,0xC0,0x00,0x00,0x01,0xC0,0x00,0x00,0x01,0xC0,0x00,0x00,0x01,0xC0,0x00,0x00,0x01,0xC0,0x00,0x00,0x01,0xC0,0x00,0x00,0x01,0xC0,0x00,0x00,0x00,0x00,0x00,0x00,0x00,0x00,0x00,0x00,0x00,0x00,0x00},
    {0x00,0x00,0x00,0x00,0x00,0x00,0x00,0x00,0x00,0x00,0x00,0x00,0x00,0x00,0x00,0x00,0x00,0x04,0x00,0x00,0x00,0x07,0x00,0x00,0x00,0x0F,0x00,0x00,0x00,0x0E,0x00,0x00,0x00,0x0E,0x00,0x00,0x00,0x0E,0x00,0x00,0x00,0x1C,0x00,0x00,0x00,0x1C,0x00,0x00,0x00,0x1C,0x00,0x00,0x00,0x38,0x00,0x00,0x00,0x38,0x18,0x00,0x00,0x38,0x3C,0x00,0x00,0x70,0x1E,0x00,0x00,0x70,0x0E,0x00,0x00,0x70,0x0F,0x00,0x00,0xE0,0x07,0x00,0x00,0xE0,0x07,0x80,0x01,0xC0,0x03,0x80,0x01,0xC0,0x07,0xC0,0x03,0xC3,0xFF,0xC0,0x1F,0xFF,0xFF,0xE0,0x1F,0xFF,0xE0,0xE0,0x1F,0xE0,0x00,0xF0,0x00,0x00,0x00,0x70,0x00,0x00,0x00,0x00,0x00,0x00,0x00,0x00,0x00,0x00,0x00,0x00,0x00,0x00,0x00,0x00},
    {0x00,0x00,0x00,0x00,0x00,0x00,0x00,0x00,0x00,0x00,0x00,0x20,0x00,0x00,0x01,0x70,0x00,0x00,0x03,0xB8,0x00,0x00,0x03,0x9C,0x00,0x00,0x01,0xDC,0x07,0x00,0x00,0xCC,0x07,0x80,0x00,0xC0,0x03,0x80,0x03,0x80,0x03,0xC0,0x03,0x80,0x01,0xC0,0x07,0x80,0x01,0xC0,0x07,0x00,0x00,0xE0,0x07,0x00,0x00,0xE0,0x0E,0x00,0x00,0xE0,0x0E,0x00,0x00,0x40,0x1E,0x00,0x00,0x00,0x1C,0x00,0x00,0x00,0x3C,0x00,0x00,0x00,0x38,0x00,0x00,0x00,0x78,0x00,0x00,0x00,0xF0,0x00,0x00,0x01,0xE0,0x00,0x00,0x03,0xC0,0x00,0x00,0x0F,0x80,0x00,0x00,0x1F,0x00,0x00,0x00,0x7E,0x00,0x00,0x00,0x78,0x00,0x00,0x00,0x70,0x00,0x00,0x00,0x00,0x00,0x00,0x00,0x00,0x00,0x00,0x00,0x00,0x00,0x00},
    {0x00,0x00,0x00,0x00,0x00,0x00,0x00,0x00,0x00,0x00,0x00,0x00,0x00,0x00,0x00,0x00,0x00,0x00,0x00,0x00,0x00,0x00,0x00,0x00,0x00,0x00,0x00,0x00,0x00,0x00,0x00,0x00,0x00,0x00,0x00,0x00,0x00,0x00,0x00,0x00,0x00,0x00,0x00,0x00,0x00,0x00,0x00,0x00,0x00,0x00,0x00,0x00,0x00,0x00,0x00,0x00,0x00,0x00,0x00,0x00,0x1F,0xFF,0xFF,0xF0,0x1F,0xFF,0xFF,0xF0,0x1F,0xFF,0xFF,0xF0,0x00,0x00,0x00,0x00,0x00,0x00,0x00,0x00,0x00,0x00,0x00,0x00,0x00,0x00,0x00,0x00,0x00,0x00,0x00,0x00,0x00,0x00,0x00,0x00,0x00,0x00,0x00,0x00,0x00,0x00,0x00,0x00,0x00,0x00,0x00,0x00,0x00,0x00,0x00,0x00,0x00,0x00,0x00,0x00,0x00,0x00,0x00,0x00,0x00,0x00,0x00,0x00,0x00,0x00,0x00,0x00},
    {0x00,0x00,0x00,0x00,0x00,0x00,0x00,0x00,0x00,0x00,0x00,0x00,0x00,0x00,0x00,0x00,0x00,0x00,0x00,0x00,0x00,0x00,0x00,0x00,0x00,0x00,0x00,0x00,0x03,0x00,0x00,0x00,0x07,0xC0,0x00,0x00,0x03,0xE0,0x00,0x00,0x01,0xF0,0x00,0x40,0x00,0x78,0x00,0xE0,0x00,0x3C,0x00,0xE0,0x00,0x1C,0x01,0xE0,0x00,0x08,0x01,0xC0,0x00,0x00,0x03,0xC0,0x00,0x00,0x07,0x80,0x00,0x00,0x0F,0x00,0x00,0x00,0x1F,0x00,0x00,0x00,0x3E,0x00,0x00,0x00,0x7C,0x00,0x00,0x01,0xF8,0x00,0x00,0x07,0xE0,0x00,0x00,0x1F,0xC0,0x00,0x01,0xFF,0x00,0x00,0x07,0xFC,0x00,0x00,0x07,0xE0,0x00,0x00,0x07,0x00,0x00,0x00,0x00,0x00,0x00,0x00,0x00,0x00,0x00,0x00,0x00,0x00,0x00,0x00,0x00,0x00,0x00,0x00},
    {0x00,0x00,0x00,0x00,0x00,0x00,0x00,0x00,0x00,0x00,0x00,0x00,0x00,0x00,0x00,0x00,0x00,0x00,0x00,0x00,0x0F,0xF9,0xFF,0xF0,0x1F,0xF9,0xFF,0xF0,0x1F,0xF9,0xC0,0x70,0x1C,0x18,0xC0,0x70,0x1C,0x18,0xC0,0x70,0x1C,0x18,0xC0,0x70,0x1C,0x18,0xFF,0xF0,0x1C,0x38,0xFF,0xF0,0x1F,0xF9,0xFF,0xF0,0x1F,0xF9,0xC0,0x70,0x1C,0x19,0xC0,0x70,0x1C,0x19,0xC0,0x70,0x1C,0x19,0xC0,0x70,0x1C,0x19,0xFF,0xF0,0x1C,0x19,0xFF,0xF0,0x1F,0xF9,0xFF,0xF0,0x1F,0xF9,0x80,0x70,0x1C,0x3B,0x80,0x70,0x1C,0x1B,0x80,0x70,0x0C,0x07,0x00,0x70,0x00,0x07,0x00,0x70,0x00,0x0E,0x00,0x70,0x00,0x1E,0x07,0xF0,0x00,0x3C,0x07,0xE0,0x00,0x18,0x03,0xC0,0x00,0x00,0x00,0x00,0x00,0x00,0x00,0x00},
    {0x00,0x00,0x00,0x00,0x00,0x00,0x00,0x00,0x00,0x00,0x00,0x00,0x00,0x00,0x00,0x00,0x00,0x00,0x00,0x00,0x00,0x00,0x08,0x00,0x00,0xFF,0xFC,0x00,0x00,0xFF,0xFC,0x00,0x00,0x80,0x78,0x00,0x00,0x00,0xF0,0x00,0x00,0x01,0xE0,0x00,0x00,0x03,0xC0,0x00,0x00,0x07,0x80,0x00,0x00,0x0F,0x00,0x00,0x00,0x3E,0x00,0x00,0x00,0x7F,0xFE,0x00,0x00,0xFF,0xFF,0x00,0x01,0xFC,0x07,0x80,0x07,0xE0,0x03,0xC0,0x0F,0x80,0x01,0xC0,0x0F,0x00,0x00,0xC0,0x04,0x3F,0x80,0xC0,0x00,0x7F,0xC1,0xC0,0x00,0x71,0xE1,0xC0,0x00,0x70,0xE3,0xC0,0x00,0x70,0x7F,0x80,0x00,0x7F,0xFF,0x00,0x00,0x3F,0xFC,0x00,0x00,0x07,0xC0,0x00,0x00,0x00,0x00,0x00,0x00,0x00,0x00,0x00,0x00,0x00,0x00,0x00},
    {0x00,0x00,0x00,0x00,0x00,0x00,0x00,0x00,0x00,0x00,0x00,0x00,0x00,0x00,0x00,0x00,0x00,0x03,0x80,0x00,0x00,0x03,0x80,0x00,0x00,0x03,0x80,0x00,0x00,0x01,0xC0,0x00,0x00,0x01,0xC7,0xC0,0x00,0x01,0xFF,0xC0,0x07,0xFF,0xFF,0x00,0x07,0xFF,0xF0,0x00,0x07,0x80,0x70,0x00,0x00,0x00,0x78,0x00,0x00,0x00,0x38,0x00,0x00,0x00,0x1C,0x00,0x00,0x00,0x1C,0x00,0x00,0x3F,0xFE,0x00,0x00,0xFF,0xFF,0x00,0x01,0xF0,0x3F,0x00,0x03,0xC0,0x06,0x00,0x03,0x80,0x00,0x00,0x03,0x00,0x00,0x00,0x03,0x80,0x00,0x00,0x03,0x80,0x02,0x00,0x03,0xE0,0x1E,0x00,0x01,0xFF,0xFF,0x00,0x00,0x7F,0xFC,0x00,0x00,0x07,0x00,0x00,0x00,0x00,0x00,0x00,0x00,0x00,0x00,0x00,0x00,0x00,0x00,0x00},
    {0x00,0x00,0x00,0x00,0x00,0x00,0x00,0x00,0x00,0x00,0x00,0x00,0x00,0x03,0x00,0x00,0x00,0x03,0x00,0x00,0x00,0x03,0x00,0x00,0x00,0x03,0x00,0x00,0x00,0x03,0xFF,0xE0,0x00,0x03,0xFF,0xE0,0x00,0x03,0x00,0x00,0x00,0x03,0x00,0x00,0x00,0x03,0x00,0x00,0x01,0xFF,0xFF,0x80,0x03,0xFF,0xFF,0x80,0x03,0xFF,0xFF,0x80,0x03,0x80,0x01,0x80,0x03,0x80,0x01,0x80,0x03,0x80,0x01,0x80,0x03,0x80,0x01,0x80,0x03,0xFF,0xFF,0x80,0x03,0xFF,0xFF,0x80,0x03,0xFF,0xFF,0x80,0x02,0x00,0x01,0x80,0x03,0x18,0xE3,0x80,0x07,0x18,0x61,0xC0,0x0E,0x18,0x71,0xE0,0x0E,0x1C,0x70,0xE0,0x1C,0x1C,0x38,0x70,0x3C,0x1C,0x38,0x70,0x18,0x1C,0x38,0x20,0x00,0x00,0x00,0x00,0x00,0x00,0x00,0x00},
    {0x00,0x00,0x00,0x00,0x00,0x00,0x00,0x00,0x00,0x00,0x00,0x00,0x00,0x00,0x06,0x80,0x1C,0x00,0x0F,0xC0,0x1E,0x00,0x0E,0xF0,0x0F,0x00,0x0E,0x70,0x07,0xFF,0xFF,0xF0,0x03,0xFF,0xFF,0xF8,0x00,0x70,0x0E,0x00,0x00,0x60,0x06,0x00,0x30,0x7F,0xFE,0x00,0x3C,0x7F,0xFE,0x70,0x1E,0x61,0x86,0x60,0x0F,0x61,0x86,0x60,0x07,0x6D,0x9E,0x60,0x00,0x6D,0xBE,0xE0,0x00,0x6D,0xB7,0xC0,0x00,0x6D,0xB7,0xC0,0x06,0x7D,0xF3,0xC0,0x06,0x7D,0xA3,0x80,0x06,0xEB,0xC3,0x80,0x0E,0xE3,0xE7,0x80,0x0E,0xE7,0x77,0x98,0x1C,0xC6,0x3F,0xDC,0x1D,0xCE,0x3D,0xDC,0x19,0xDC,0x3C,0xF8,0x3B,0x98,0x78,0xF8,0x3B,0x80,0xF0,0x78,0x11,0x00,0x60,0x00,0x00,0x00,0x00,0x00,0x00,0x00,0x00,0x00},
    {0x00,0x00,0x00,0x00,0x00,0x00,0x00,0x00,0x00,0x00,0x00,0x00,0x00,0x01,0x80,0x00,0x00,0x01,0xC0,0x00,0x00,0x01,0xC0,0x00,0x07,0xFF,0xFF,0xF8,0x07,0xFF,0xFF,0xF0,0x06,0x0C,0x0E,0x00,0x06,0x0C,0x0E,0x00,0x07,0xFF,0xFF,0xF8,0x07,0xFF,0xFF,0xF8,0x07,0xFF,0xFF,0xF0,0x06,0x0C,0x0E,0x00,0x06,0x0C,0x0E,0x00,0x0E,0x0F,0xFE,0x00,0x0E,0x0F,0xFE,0x00,0x0E,0x00,0x00,0x00,0x0E,0x00,0x00,0x00,0x0E,0xFF,0xFF,0x80,0x0E,0xFF,0xFF,0x80,0x0C,0x1E,0x07,0x00,0x0C,0x0E,0x1E,0x00,0x1C,0x07,0xBC,0x00,0x1C,0x03,0xF8,0x00,0x1C,0x03,0xF0,0x00,0x38,0x0F,0xFE,0x00,0x38,0xFF,0x1F,0xF0,0x33,0xFC,0x07,0xF8,0x13,0xC0,0x00,0xF0,0x00,0x00,0x00,0x00,0x00,0x00,0x00,0x00},
    {0x00,0x00,0x00,0x00,0x00,0x00,0x00,0x00,0x00,0x00,0x00,0x00,0x00,0x00,0x00,0x00,0x00,0x00,0x00,0x00,0x1F,0xFF,0xFF,0xF0,0x1F,0xFF,0xFF,0xF0,0x1C,0x00,0x00,0x70,0x1C,0x00,0x00,0x70,0x1C,0x00,0x00,0x70,0x1C,0x00,0x00,0x70,0x1C,0x3F,0xF8,0x70,0x1C,0x3F,0xF8,0x70,0x1C,0x30,0x18,0x70,0x1C,0x30,0x18,0x70,0x1C,0x30,0x18,0x70,0x1C,0x30,0x18,0x70,0x1C,0x30,0x18,0x70,0x1C,0x30,0x18,0x70,0x1C,0x30,0x18,0x70,0x1C,0x3F,0xF8,0x70,0x1C,0x3F,0xF8,0x70,0x1C,0x00,0x00,0x70,0x1C,0x00,0x00,0x70,0x1C,0x00,0x00,0x70,0x1C,0x00,0x00,0x70,0x1F,0xFF,0xFF,0xF0,0x1F,0xFF,0xFF,0xF0,0x1C,0x00,0x00,0x70,0x1C,0x00,0x00,0x70,0x00,0x00,0x00,0x00,0x00,0x00,0x00,0x00},
    {0x00,0x00,0x00,0x00,0x00,0x00,0x00,0x00,0x00,0x00,0x00,0x00,0x00,0xC0,0x00,0x00,0x00,0xC0,0x00,0x00,0x00,0xC0,0x00,0x00,0x1F,0xFE,0xFF,0xF0,0x1F,0xFE,0xFF,0xF0,0x00,0xC0,0x00,0x00,0x00,0xC0,0x00,0x00,0x0F,0xFC,0x00,0x00,0x1F,0xFC,0x00,0x00,0x0C,0xCC,0x00,0x00,0x0C,0xCD,0xFF,0xF8,0x0F,0xFF,0xFF,0xF8,0x0F,0xFF,0xFF,0xF8,0x0D,0xCC,0x18,0x00,0x0C,0xCC,0x18,0x00,0x0C,0xCC,0x39,0x80,0x1F,0xFE,0x39,0x80,0x0F,0xFC,0x31,0xC0,0x00,0xC0,0x70,0xC0,0x00,0xC0,0x70,0xE0,0x3F,0xFE,0x60,0xE0,0x3F,0xFE,0xE0,0x70,0x00,0xC0,0xE7,0xF0,0x00,0xC1,0xFF,0xF0,0x00,0xC1,0xFE,0x38,0x00,0xC1,0x80,0x38,0x00,0xC0,0x00,0x10,0x00,0x00,0x00,0x00,0x00,0x00,0x00,0x00},
    {0x00,0x00,0x00,0x00,0x00,0x00,0x00,0x00,0x00,0x00,0x00,0x00,0x03,0x00,0x30,0x00,0x03,0x00,0x30,0x00,0x03,0x1F,0xFF,0xF0,0x03,0x1F,0xFF,0xF0,0x03,0x1F,0xFF,0xF0,0x03,0xC0,0x30,0x00,0x1B,0xEF,0xFF,0xE0,0x1B,0xEF,0xFF,0xE0,0x1B,0x60,0x30,0x00,0x1B,0x7F,0xFF,0xF0,0x3B,0x3F,0xFF,0xF8,0x3B,0x3F,0xFF,0xF8,0x33,0x00,0x00,0x00,0x33,0x0F,0xFF,0xC0,0x13,0x0F,0xFF,0xC0,0x03,0x0C,0x00,0xC0,0x03,0x0F,0xFF,0xC0,0x03,0x0F,0xFF,0xC0,0x03,0x0F,0xFF,0xC0,0x03,0x0C,0x00,0xC0,0x03,0x0F,0xFF,0xC0,0x03,0x0F,0xFF,0xC0,0x03,0x0C,0x00,0xC0,0x03,0x0C,0x00,0xC0,0x03,0x0C,0x0D,0xC0,0x03,0x0C,0x0F,0xC0,0x03,0x0C,0x0F,0xC0,0x00,0x00,0x00,0x00,0x00,0x00,0x00,0x00},
    {0x00,0x00,0x00,0x00,0x00,0x00,0x00,0x00,0x00,0x00,0x00,0x00,0x00,0xC0,0x00,0x00,0x00,0xE0,0x00,0x00,0x00,0xC0,0xFF,0xF0,0x00,0xE0,0xFF,0xF0,0x1F,0xFE,0xC0,0x30,0x1F,0xFE,0xC0,0x70,0x00,0xC0,0xC0,0x70,0x00,0xC0,0xC7,0xE0,0x1F,0xFF,0xC7,0xE0,0x3F,0xFF,0xC0,0x00,0x0E,0x1C,0xE0,0x00,0x06,0x1C,0xFF,0xF0,0x07,0x18,0xFF,0xF0,0x07,0x38,0xF8,0x60,0x07,0x38,0xD8,0x60,0x1F,0xFE,0xDC,0xE0,0x1F,0xFE,0xCC,0xE0,0x00,0xC0,0xCE,0xC0,0x00,0xC0,0xCF,0xC0,0x1F,0xFF,0xC7,0x80,0x1F,0xFF,0xC3,0x80,0x10,0xE0,0xC7,0xC0,0x00,0xC0,0xCF,0xE0,0x00,0xC0,0xDE,0xF0,0x00,0xC0,0xFC,0x78,0x00,0xE0,0xF8,0x38,0x00,0xC0,0xD0,0x18,0x00,0x00,0x00,0x00,0x00,0x00,0x00,0x00},
    {0x00,0x00,0x00,0x00,0x00,0x00,0x00,0x00,0x00,0x00,0x00,0x00,0x00,0x04,0x00,0x00,0x00,0x0E,0x00,0x00,0x00,0x07,0x00,0x00,0x00,0x03,0x80,0x00,0x00,0x03,0xC0,0x00,0x3F,0xFF,0xFF,0xF8,0x3F,0xFF,0xFF,0xF0,0x00,0x00,0x00,0x00,0x00,0x00,0x00,0x00,0x03,0xFF,0xFF,0x80,0x03,0xFF,0xFF,0x80,0x00,0x00,0x00,0x00,0x00,0x00,0x00,0x00,0x03,0xFF,0xFF,0x80,0x03,0xFF,0xFF,0x80,0x00,0x00,0x00,0x00,0x00,0x00,0x00,0x00,0x03,0xFF,0xFF,0x80,0x03,0xFF,0xFF,0x80,0x03,0x80,0x03,0x80,0x03,0x80,0x03,0x80,0x03,0x80,0x03,0x80,0x03,0x80,0x03,0x80,0x03,0x80,0x03,0x80,0x03,0xFF,0xFF,0x80,0x03,0xFF,0xFF,0x80,0x03,0x80,0x03,0x80,0x00,0x00,0x00,0x00,0x00,0x00,0x00,0x00},
    {0x00,0x00,0x00,0x00,0x00,0x00,0x00,0x00,0x00,0x00,0x00,0x00,0x02,0x00,0x00,0x00,0x07,0x03,0xFF,0xF0,0x03,0x87,0xFF,0xF8,0x01,0xC7,0xFF,0xF0,0x3F,0xF8,0x38,0x00,0x3F,0xF8,0x30,0x00,0x10,0x0B,0xFF,0xC0,0x00,0x03,0xFF,0xC0,0x0F,0xF3,0xF1,0xC0,0x1F,0xF0,0x60,0xC0,0x0F,0xF0,0xE0,0xC0,0x00,0x00,0xE0,0xC0,0x00,0x0F,0xFF,0xF8,0x1F,0xFF,0xFF,0xF8,0x1F,0xFC,0x00,0x18,0x00,0x00,0x00,0x00,0x00,0x03,0xFF,0xE0,0x1F,0xF3,0xFF,0xE0,0x1F,0xF3,0xFF,0xE0,0x1C,0x33,0x00,0x60,0x1C,0x33,0x00,0x60,0x1C,0x33,0x00,0x60,0x1C,0x33,0x00,0x60,0x1F,0xF3,0xFF,0xE0,0x1F,0xF3,0xFF,0xE0,0x1C,0x33,0xFF,0xE0,0x1C,0x33,0x00,0x60,0x00,0x00,0x00,0x00,0x00,0x00,0x00,0x00},
    {0x00,0x00,0x00,0x00,0x00,0x00,0x00,0x00,0x00,0x00,0x00,0x00,0x00,0x06,0x00,0x00,0x00,0x07,0x00,0x00,0x00,0x07,0x00,0x00,0x08,0x07,0x80,0x20,0x1F,0xFF,0xFF,0xF0,0x1F,0xFF,0xFF,0xF0,0x1C,0x00,0x00,0x30,0x1C,0x00,0x00,0x30,0x1D,0xFF,0xFF,0x30,0x1D,0xFF,0xFF,0x30,0x01,0xFF,0xFF,0x00,0x00,0x00,0x00,0x00,0x00,0x00,0x00,0x00,0x1F,0xFF,0xFF,0xF0,0x1F,0xFF,0xFF,0xF0,0x1F,0xFF,0xFF,0xF0,0x00,0x18,0x60,0x00,0x00,0x38,0x60,0x00,0x00,0x38,0x60,0x00,0x00,0x30,0x60,0x00,0x00,0x70,0x60,0x30,0x00,0xF0,0x60,0x38,0x01,0xE0,0x60,0x38,0x07,0xC0,0x70,0x38,0x1F,0x80,0x7F,0xF0,0x3E,0x00,0x7F,0xE0,0x18,0x00,0x00,0x00,0x00,0x00,0x00,0x00,0x00,0x00,0x00,0x00},
    {0x00,0x00,0x00,0x00,0x00,0x00,0x00,0x00,0x00,0x00,0x00,0x00,0x00,0x00,0x00,0x00,0x00,0x00,0x00,0x00,0x0F,0xFF,0xFF,0xE0,0x0F,0xFF,0xFF,0xE0,0x00,0x00,0x03,0xC0,0x00,0x00,0x07,0x80,0x00,0x00,0x0F,0x00,0x00,0x00,0x3E,0x00,0x00,0x00,0x7C,0x00,0x00,0x03,0xF0,0x00,0x00,0x03,0xE0,0x00,0x00,0x03,0x80,0x00,0x00,0x03,0x80,0x00,0x00,0x03,0x80,0x00,0x00,0x03,0x80,0x00,0x00,0x03,0x80,0x00,0x00,0x03,0x80,0x00,0x00,0x03,0x80,0x00,0x00,0x03,0x80,0x00,0x00,0x03,0x80,0x00,0x00,0x03,0x80,0x00,0x00,0x03,0x80,0x00,0x00,0x03,0x80,0x00,0x00,0x03,0x80,0x00,0x00,0x7F,0x80,0x00,0x00,0x7F,0x80,0x00,0x00,0x3F,0x00,0x00,0x00,0x00,0x00,0x00,0x00,0x00,0x00,0x00},
    {0x00,0x00,0x00,0x00,0x00,0x00,0x00,0x00,0x00,0x00,0x00,0x00,0x00,0x03,0x00,0x00,0x00,0x07,0x80,0x00,0x00,0x03,0x80,0x00,0x07,0xFF,0xFF,0xE0,0x07,0xFF,0xFF,0xE0,0x06,0x00,0x00,0xE0,0x06,0x00,0x00,0xE0,0x06,0x00,0x00,0xE0,0x07,0x00,0x00,0xE0,0x07,0xFF,0xFF,0xE0,0x07,0xFF,0xFF,0xE0,0x06,0x00,0x00,0x00,0x06,0x01,0xC0,0x00,0x06,0x01,0xC0,0x00,0x06,0x01,0xC0,0x00,0x07,0xFF,0xFF,0xF0,0x07,0xFF,0xFF,0xF0,0x0E,0xC3,0xE0,0x60,0x0E,0x01,0xE0,0x00,0x0E,0x03,0xF0,0x00,0x0C,0x07,0x38,0x00,0x1C,0x0F,0x1C,0x00,0x1C,0x1E,0x1E,0x00,0x1C,0x7C,0x07,0x80,0x3B,0xF0,0x03,0xF0,0x3B,0xE0,0x00,0xF0,0x13,0x00,0x00,0x30,0x00,0x00,0x00,0x00,0x00,0x00,0x00,0x00},
    {0x00,0x00,0x00,0x00,0x00,0x00,0x00,0x00,0x00,0x00,0x00,0x00,0x00,0x00,0x00,0x00,0x3F,0xFF,0x00,0x00,0x3F,0xFF,0x80,0x00,0x1F,0xFF,0xFF,0xF0,0x06,0x0D,0xFF,0xF0,0x06,0x0D,0xFF,0xF0,0x06,0x0C,0x60,0x70,0x07,0xFC,0x70,0x70,0x07,0xFC,0x70,0x60,0x06,0x0C,0x70,0x60,0x06,0x0C,0x30,0xE0,0x06,0x0C,0x30,0xE0,0x06,0x0C,0x38,0xC0,0x07,0xFC,0x19,0xC0,0x07,0xFC,0x1D,0x80,0x06,0x0C,0x1F,0x80,0x06,0x0C,0x0F,0x80,0x06,0x0C,0x0F,0x00,0x06,0x0F,0x0F,0x00,0x06,0x7F,0x0F,0x80,0x3F,0xFF,0x1F,0x80,0x3F,0xFC,0x39,0xC0,0x3C,0x0C,0x78,0xF0,0x00,0x0F,0xF0,0xF8,0x00,0x0F,0xE0,0x3C,0x00,0x0F,0x80,0x18,0x00,0x0E,0x00,0x00,0x00,0x00,0x00,0x00,0x00,0x00,0x00,0x00},
    {0x00,0x00,0x00,0x00,0x00,0x00,0x00,0x00,0x00,0x00,0x00,0x00,0x00,0x00,0x30,0x00,0x0E,0x18,0x70,0x40,0x0F,0x3C,0x30,0xE0,0x07,0x9C,0x30,0xE0,0x03,0xCE,0x31,0xC0,0x01,0xCE,0x31,0xC0,0x00,0x87,0x33,0x80,0x00,0x06,0x33,0x00,0x18,0x1F,0xFF,0xE0,0x1E,0x1F,0xFF,0xE0,0x0F,0x1C,0x00,0xE0,0x07,0x9C,0x00,0x60,0x03,0x9C,0x00,0x60,0x00,0x1F,0xFF,0xE0,0x00,0x1F,0xFF,0xE0,0x00,0x1F,0xFF,0xE0,0x01,0x9C,0x00,0x60,0x01,0x9C,0x00,0x60,0x03,0x9F,0xFF,0xE0,0x03,0x9F,0xFF,0xE0,0x07,0x1F,0xFF,0xE0,0x07,0x1C,0x00,0x60,0x0E,0x1C,0x00,0x60,0x0E,0x1C,0x00,0x60,0x1C,0x1C,0x0F,0xE0,0x1C,0x1C,0x0F,0xE0,0x08,0x1C,0x07,0xC0,0x00,0x00,0x00,0x00,0x00,0x00,0x00,0x00},
    {0x00,0x00,0x00,0x00,0x00,0x00,0x00,0x00,0x00,0x00,0x00,0x00,0x00,0x60,0x00,0x00,0x08,0x71,0x00,0x70,0x1C,0x71,0x80,0x70,0x1C,0x73,0x9C,0x70,0x0E,0x73,0x9C,0x70,0x06,0x77,0x1C,0x70,0x07,0x76,0x1C,0x70,0x06,0x76,0x1C,0x70,0x0F,0xFF,0x1C,0x70,0x0F,0xFF,0x9C,0x70,0x0F,0xFF,0x9C,0x70,0x0C,0x03,0x9C,0x70,0x0C,0x03,0x9C,0x70,0x0F,0xFF,0x9C,0x70,0x0F,0xFF,0x9C,0x70,0x0C,0x03,0x9C,0x70,0x0C,0x03,0x9C,0x70,0x0C,0x03,0x9C,0x70,0x0F,0xFF,0x9C,0x70,0x0F,0xFF,0x9C,0x70,0x0C,0x03,0x98,0x70,0x0C,0x03,0x80,0x70,0x0C,0x03,0x80,0x70,0x0C,0x03,0x80,0x70,0x0C,0x3F,0x87,0xF0,0x0C,0x3F,0x07,0xF0,0x0C,0x1F,0x07,0xC0,0x00,0x00,0x00,0x00,0x00,0x00,0x00,0x00},
    {0x00,0x00,0x00,0x00,0x00,0x00,0x00,0x00,0x00,0x00,0x00,0x00,0x00,0x00,0x30,0x00,0x0F,0xF0,0x38,0x00,0x1F,0xF8,0x7C,0x00,0x1C,0x70,0xFE,0x00,0x1C,0x71,0xCF,0x00,0x1C,0x63,0xC7,0x80,0x1C,0xE7,0x83,0xC0,0x1C,0xCF,0x01,0xF0,0x1D,0xFE,0x00,0xFC,0x1D,0xBF,0xFF,0xFC,0x1D,0xD3,0xFF,0xD8,0x1D,0xC0,0x30,0x00,0x1C,0xE0,0x30,0x00,0x1C,0xE0,0x38,0x00,0x1C,0x7F,0xFF,0xF8,0x1C,0x7F,0xFF,0xF8,0x1C,0x60,0x38,0x00,0x1C,0x67,0x33,0x80,0x1F,0xE7,0x31,0xC0,0x1F,0xEE,0x31,0xC0,0x1C,0x0E,0x30,0xE0,0x1C,0x1C,0x30,0x70,0x1C,0x3C,0x30,0x70,0x1C,0x78,0x30,0x38,0x1C,0x73,0xF0,0x38,0x1C,0x03,0xF0,0x00,0x1C,0x01,0xE0,0x00,0x00,0x00,0x00,0x00,0x00,0x00,0x00,0x00},
    {0x00,0x00,0x00,0x00,0x00,0x00,0x00,0x00,0x00,0x00,0x00,0x00,0x00,0x06,0x00,0x00,0x00,0x07,0x00,0x00,0x00,0x03,0x80,0x00,0x1F,0xFF,0xFF,0xF0,0x1F,0xFF,0xFF,0xF0,0x1C,0x03,0x80,0x70,0x1C,0x03,0x80,0x70,0x1C,0x03,0x80,0x70,0x1F,0xFF,0xFF,0xF0,0x03,0xFF,0xFF,0x80,0x00,0x03,0x00,0x00,0x00,0x03,0x00,0x00,0x03,0xFF,0xFF,0x80,0x03,0xFF,0xFF,0x80,0x00,0x03,0x00,0x00,0x00,0x03,0x00,0x00,0x1F,0xFF,0xFF,0xF0,0x1F,0xFF,0xFF,0xF0,0x1E,0x0F,0xC0,0x70,0x00,0x0F,0xC0,0x00,0x00,0x1C,0xE0,0x00,0x00,0x3C,0x78,0x00,0x00,0xF8,0x3E,0x00,0x03,0xF0,0x1F,0x80,0x1F,0xC0,0x07,0xF0,0x1F,0x00,0x01,0xF8,0x1C,0x00,0x00,0x30,0x00,0x00,0x00,0x00,0x00,0x00,0x00,0x00},
    {0x00,0x00,0x00,0x00,0x00,0x00,0x00,0x00,0x00,0x00,0x00,0x00,0x00,0x40,0x00,0x00,0x00,0xE0,0x00,0x00,0x01,0xE7,0xFF,0xE0,0x03,0xC7,0xFF,0xF0,0x07,0x80,0x00,0x00,0x0F,0x00,0x00,0x00,0x1E,0x00,0x00,0x00,0x1C,0x70,0x00,0x00,0x18,0xF0,0x00,0x00,0x00,0xEF,0xFF,0xF8,0x01,0xCF,0xFF,0xF8,0x03,0x8F,0xFF,0xF0,0x07,0x80,0x07,0x00,0x0F,0x80,0x07,0x00,0x3F,0x80,0x07,0x00,0x3D,0x80,0x07,0x00,0x11,0x80,0x07,0x00,0x01,0x80,0x07,0x00,0x01,0x80,0x07,0x00,0x01,0x80,0x07,0x00,0x01,0x80,0x07,0x00,0x01,0x80,0x07,0x00,0x01,0x80,0x07,0x00,0x01,0x80,0x07,0x00,0x01,0x80,0xFF,0x00,0x01,0x80,0xFF,0x00,0x01,0x80,0x7C,0x00,0x00,0x00,0x00,0x00,0x00,0x00,0x00,0x00},
    {0x00,0x00,0x00,0x00,0x00,0x00,0x00,0x00,0x00,0x00,0x00,0x00,0x00,0x03,0x00,0x00,0x00,0x03,0x80,0x00,0x00,0x03,0x80,0x00,0x00,0x03,0x80,0x00,0x00,0x03,0x80,0x00,0x00,0x03,0x80,0x00,0x0F,0xFF,0xFF,0xE0,0x0F,0xFF,0xFF,0xE0,0x0C,0x03,0x80,0x60,0x0C,0x03,0x80,0x60,0x0C,0x03,0x80,0x60,0x0C,0x03,0x80,0x60,0x0C,0x03,0x80,0x60,0x0C,0x03,0x80,0x60,0x0E,0x03,0x80,0xE0,0x0F,0xFF,0xFF,0xE0,0x0F,0xFF,0xFF,0xE0,0x0C,0x03,0x80,0x60,0x0C,0x03,0x80,0x60,0x00,0x03,0x80,0x00,0x00,0x03,0x80,0x00,0x00,0x03,0x80,0x00,0x00,0x03,0x80,0x00,0x00,0x03,0x80,0x00,0x00,0x03,0x80,0x00,0x00,0x03,0x80,0x00,0x00,0x03,0x80,0x00,0x00,0x00,0x00,0x00,0x00,0x00,0x00,0x00},
    {0x00,0x00,0x00,0x00,0x00,0x00,0x00,0x00,0x00,0x00,0x00,0x00,0x00,0x00,0x00,0x00,0x00,0x00,0x30,0x00,0x00,0x00,0x38,0x00,0x00,0x00,0x30,0x00,0x00,0x00,0x30,0x00,0x00,0x00,0x38,0x00,0x00,0x00,0x78,0x20,0x0F,0xFF,0xFF,0xE0,0x0F,0xFF,0xFF,0xE0,0x00,0x00,0xF8,0x00,0x00,0x01,0xF8,0x00,0x00,0x01,0xF8,0x00,0x00,0x03,0xB8,0x00,0x00,0x07,0x38,0x00,0x00,0x0F,0x38,0x00,0x00,0x3E,0x38,0x00,0x00,0x7C,0x38,0x00,0x00,0xF8,0x38,0x00,0x03,0xE0,0x38,0x00,0x07,0xC0,0x38,0x00,0x1F,0x80,0x38,0x00,0x1E,0x00,0x38,0x00,0x0C,0x00,0x38,0x00,0x00,0x00,0x38,0x00,0x00,0x00,0x38,0x00,0x00,0x00,0x38,0x00,0x00,0x00,0x00,0x00,0x00,0x00,0x00,0x00,0x00,0x00,0x00,0x00},
    {0x00,0x00,0x00,0x00,0x00,0x00,0x00,0x00,0x00,0x00,0x00,0x00,0x00,0x00,0x00,0x00,0x00,0x00,0x00,0x00,0x00,0x00,0x00,0x00,0x00,0x00,0x00,0x00,0x07,0xFF,0xFF,0xC0,0x07,0xFF,0xFF,0xC0,0x07,0xFF,0xFF,0xC0,0x00,0x00,0x03,0xC0,0x00,0x00,0x03,0x80,0x00,0x00,0x03,0x80,0x00,0x00,0x07,0x80,0x00,0x00,0x07,0x00,0x00,0x00,0x0F,0x00,0x00,0x00,0x0E,0x00,0x00,0x00,0x1E,0x00,0x00,0x00,0x3C,0x00,0x00,0x00,0x38,0x00,0x00,0x00,0x78,0x00,0x00,0x01,0xF0,0x00,0x00,0x03,0xE0,0x00,0x00,0x07,0xC0,0x00,0x00,0x1F,0x00,0x00,0x00,0xFE,0x00,0x00,0x01,0xFC,0x00,0x00,0x00,0xF0,0x00,0x00,0x00,0x00,0x00,0x00,0x00,0x00,0x00,0x00,0x00,0x00,0x00,0x00,0x00,0x00,0x00,0x00},
    {0x00,0x00,0x00,0x00,0x00,0x00,0x00,0x00,0x00,0x00,0x00,0x00,0x00,0x00,0x00,0x00,0x00,0x00,0x00,0x00,0x00,0x00,0x00,0x00,0x00,0x00,0x00,0x00,0x07,0x00,0x00,0x00,0x07,0x00,0x04,0x00,0x07,0x00,0x1C,0x00,0x06,0x00,0x0E,0x00,0x07,0x00,0x0F,0x00,0x07,0x00,0x07,0x80,0x07,0x00,0x03,0x80,0x07,0x00,0x03,0xC0,0x07,0x00,0x01,0xC0,0x07,0x00,0x01,0xC0,0x07,0x00,0x00,0xE0,0x07,0x06,0x00,0xE0,0x07,0x07,0x00,0xE0,0x03,0x87,0x00,0x70,0x03,0x86,0x00,0x70,0x03,0x8E,0x00,0x70,0x01,0xCE,0x00,0x70,0x01,0xFC,0x00,0x00,0x00,0xFC,0x00,0x00,0x00,0x78,0x00,0x00,0x00,0x00,0x00,0x00,0x00,0x00,0x00,0x00,0x00,0x00,0x00,0x00,0x00,0x00,0x00,0x00,0x00,0x00,0x00,0x00},
    {0x00,0x00,0x00,0x00,0x00,0x00,0x00,0x00,0x00,0x00,0x00,0x00,0x00,0x00,0x00,0x00,0x00,0x20,0x00,0x00,0x00,0x7E,0x00,0x00,0x00,0x7F,0xF8,0x00,0x00,0x0F,0xF8,0x00,0x00,0x00,0x30,0x00,0x00,0x00,0x00,0x00,0x00,0x00,0x00,0x00,0x00,0x1F,0xF8,0x00,0x01,0xFF,0xFC,0x00,0x01,0xFF,0xF8,0x00,0x00,0x00,0xF0,0x00,0x00,0x01,0xE0,0x00,0x00,0x03,0xC0,0x00,0x00,0x07,0x80,0x00,0x00,0x0F,0x00,0x00,0x00,0x1F,0xC0,0x00,0x00,0x3F,0xE0,0x00,0x00,0x7C,0xE0,0x00,0x00,0xF0,0x60,0x00,0x01,0xE0,0x60,0x00,0x03,0xC0,0x60,0x00,0x0F,0x80,0x70,0x70,0x0F,0x00,0x7F,0xF0,0x0E,0x00,0x3F,0xF0,0x00,0x00,0x00,0x00,0x00,0x00,0x00,0x00,0x00,0x00,0x00,0x00,0x00,0x00,0x00,0x00},
    {0x00,0x00,0x00,0x00,0x00,0x00,0x00,0x00,0x00,0x00,0x00,0x00,0x06,0x00,0x00,0x00,0x07,0x00,0x07,0xC0,0x07,0x00,0x06,0xE0,0x03,0x80,0x06,0x70,0x1F,0xF0,0x06,0x30,0x3F,0xF0,0x07,0x30,0x1F,0xFF,0xFF,0xF8,0x00,0x0F,0xFF,0xF8,0x08,0x20,0x06,0x00,0x1F,0xF0,0x06,0x00,0x0F,0xE0,0x06,0x00,0x00,0x0F,0xFF,0x00,0x00,0x0F,0xFF,0x00,0x1F,0xFF,0xFF,0x00,0x0F,0xF1,0xC7,0x00,0x00,0x01,0xC3,0x00,0x00,0x01,0xC3,0x00,0x0F,0xE1,0xC3,0x00,0x0F,0xF1,0xC3,0x80,0x0C,0x71,0xCF,0x80,0x0C,0x71,0xFD,0x9C,0x0C,0x77,0xF9,0xDC,0x0C,0x7F,0xC1,0xDC,0x0F,0xFE,0x00,0xF8,0x0F,0xF0,0x00,0x78,0x0C,0x70,0x00,0x78,0x0C,0x20,0x00,0x00,0x00,0x00,0x00,0x00,0x00,0x00,0x00,0x00},
    {0x00,0x00,0x00,0x00,0x00,0x00,0x00,0x00,0x00,0x00,0x00,0x00,0x00,0x30,0x00,0x00,0x00,0x7C,0x00,0x00,0x00,0x3F,0x02,0x00,0x00,0x0F,0xC3,0x80,0x00,0x03,0xE7,0x00,0x00,0x00,0xE7,0x00,0x00,0x20,0x6E,0x00,0x00,0x70,0x0E,0x00,0x00,0x70,0x1C,0x00,0x04,0x70,0x1C,0x00,0x07,0x70,0x39,0x80,0x06,0x70,0x71,0xC0,0x0E,0x70,0xF1,0xC0,0x0E,0x70,0xE0,0xE0,0x0E,0x71,0xC0,0xE0,0x0C,0x73,0x80,0x70,0x1C,0x77,0x80,0x70,0x1C,0x7F,0x00,0x30,0x38,0x7E,0x06,0x38,0x38,0x7C,0x07,0x38,0x30,0xF0,0x06,0x18,0x01,0xF0,0x06,0x10,0x07,0xF0,0x06,0x00,0x1F,0x70,0x0E,0x00,0x3E,0x3F,0xFE,0x00,0x18,0x3F,0xFC,0x00,0x00,0x01,0x00,0x00,0x00,0x00,0x00,0x00,0x00,0x00,0x00,0x00},
    {0x00,0x00,0x00,0x00,0x00,0x00,0x00,0x00,0x00,0x00,0x00,0x00,0x00,0x00,0x00,0x00,0x00,0x7F,0xFF,0xF0,0x00,0xFF,0xFF,0xF8,0x03,0xEF,0xFF,0xF8,0x07,0x80,0x38,0x00,0x1F,0x00,0x70,0x00,0x3E,0x07,0xFF,0xE0,0x38,0x07,0xFF,0xE0,0x10,0x26,0x00,0x60,0x00,0x76,0x00,0x60,0x00,0xE7,0xFF,0xE0,0x03,0xC7,0xFF,0xE0,0x07,0x87,0x00,0xE0,0x1F,0x06,0x00,0x60,0x3E,0x06,0x00,0xE0,0x38,0x07,0xFF,0xE0,0x00,0x27,0xFF,0xE0,0x00,0x7E,0x00,0x60,0x00,0xF6,0x00,0x60,0x01,0xE7,0xFF,0xE0,0x03,0xC7,0xFF,0xE0,0x07,0x81,0x87,0x00,0x0F,0x03,0xC7,0x80,0x3E,0x07,0x87,0xE0,0x3C,0x3F,0x01,0xF0,0x10,0x7C,0x00,0x78,0x00,0x30,0x00,0x18,0x00,0x00,0x00,0x00,0x00,0x00,0x00,0x00},
    {0x00,0x00,0x00,0x00,0x00,0x00,0x00,0x00,0x00,0x00,0x00,0x00,0x00,0xC0,0x30,0x00,0x01,0xC0,0x30,0x00,0x03,0xC0,0x30,0x00,0x07,0x80,0x70,0x00,0x0F,0x1F,0xFF,0xE0,0x1E,0x1F,0xFF,0xE0,0x3C,0x80,0x30,0x00,0x10,0xC0,0x30,0x00,0x01,0xC0,0x30,0x00,0x03,0xFF,0xFF,0xF0,0x03,0xBF,0xFF,0xF0,0x07,0x00,0x03,0x80,0x0F,0x00,0x03,0x00,0x1F,0x00,0x03,0x00,0x3F,0x1F,0xFF,0xF0,0x33,0x1F,0xFF,0xF0,0x03,0x04,0x03,0x80,0x03,0x0E,0x03,0x00,0x03,0x0F,0x03,0x00,0x03,0x07,0x83,0x00,0x03,0x03,0xC3,0x00,0x03,0x01,0xC3,0x00,0x03,0x00,0xC3,0x00,0x03,0x00,0x03,0x00,0x07,0x00,0x7F,0x00,0x07,0x00,0x7F,0x00,0x07,0x00,0x3E,0x00,0x00,0x00,0x00,0x00,0x00,0x00,0x00,0x00},
    {0x00,0x00,0x00,0x00,0x00,0x00,0x00,0x00,0x00,0x00,0x00,0x00,0x06,0x00,0x00,0x00,0x07,0x06,0x71,0x80,0x07,0x0E,0x71,0x80,0x07,0x0C,0x73,0x80,0x07,0x1D,0x77,0x70,0x07,0x1B,0xF7,0xE0,0x3F,0xFF,0xFF,0xE0,0x3F,0xFF,0x3F,0xC0,0x0F,0x3E,0x31,0xE0,0x0F,0x0F,0xB3,0xF0,0x0F,0x9D,0xF7,0xF0,0x0F,0xFF,0xFF,0xF0,0x0F,0xFF,0xFF,0xB8,0x1F,0x38,0xF3,0x98,0x1F,0x0C,0x31,0xC0,0x3F,0x7F,0xFF,0xF8,0x37,0x7F,0xFF,0xF8,0x77,0x0C,0x18,0xC0,0x27,0x0E,0x1C,0xC0,0x27,0x0F,0x1D,0xC0,0x07,0x1F,0x8F,0x80,0x07,0x19,0xCF,0x18,0x07,0x38,0x9F,0x18,0x07,0x38,0x7F,0xB8,0x07,0xF3,0xF3,0xF8,0x07,0xE7,0xC1,0xF0,0x07,0x43,0x00,0xF0,0x00,0x00,0x00,0x00,0x00,0x00,0x00,0x00},
    {0x00,0x00,0x00,0x00,0x00,0x00,0x00,0x00,0x00,0x00,0x00,0x00,0x00,0x00,0x00,0x00,0x00,0x00,0x00,0x00,0x0F,0xFF,0xFF,0xE0,0x0F,0xFF,0xFF,0xE0,0x0C,0x00,0x00,0x60,0x0C,0x00,0x00,0x60,0x0C,0xFF,0xFE,0x60,0x0C,0xFF,0xFF,0x60,0x0C,0xFF,0xFF,0x60,0x0C,0x00,0x00,0x60,0x0C,0x00,0x00,0x60,0x0C,0x3F,0xF8,0x60,0x0C,0x3F,0xF8,0x60,0x0C,0x3F,0xF8,0x60,0x0C,0x30,0x18,0x60,0x0C,0x30,0x18,0x60,0x0C,0x30,0x18,0x60,0x0C,0x30,0x18,0x60,0x0C,0x30,0x18,0x60,0x0C,0x3F,0xF8,0x60,0x0C,0x3F,0xF8,0x60,0x0C,0x00,0x00,0x60,0x0C,0x00,0x00,0x60,0x0C,0x00,0x00,0x60,0x0C,0x00,0x1F,0xE0,0x0C,0x00,0x1F,0xE0,0x0C,0x00,0x03,0x80,0x00,0x00,0x00,0x00,0x00,0x00,0x00,0x00},
    {0x00,0x00,0x00,0x00,0x00,0x00,0x00,0x00,0x00,0x00,0x00,0x00,0x00,0x00,0x00,0x00,0x07,0x0E,0x00,0x00,0x06,0x0E,0x3F,0xF0,0x07,0x0E,0x3F,0xF0,0x3F,0xFF,0xB0,0x70,0x1F,0xFF,0xB0,0x70,0x06,0x0E,0x30,0x70,0x06,0x0C,0x30,0x70,0x07,0x0C,0x30,0x70,0x07,0xFC,0x3F,0xF0,0x07,0xFC,0x3F,0xF0,0x06,0x0C,0x30,0x70,0x06,0x0C,0x30,0x70,0x07,0xFC,0x30,0x70,0x07,0xFC,0x30,0x70,0x07,0x0C,0x70,0x70,0x06,0x0C,0x7F,0xF0,0x07,0x0E,0x7F,0xF0,0x3F,0xFF,0xF0,0x70,0x3F,0xFF,0xF0,0x70,0x00,0x00,0x60,0x70,0x03,0x98,0x60,0x70,0x07,0x1C,0xE0,0x70,0x0F,0x0F,0xC0,0x70,0x1E,0x07,0xC7,0xF0,0x3C,0x03,0x87,0xE0,0x18,0x01,0x83,0xE0,0x00,0x00,0x00,0x00,0x00,0x00,0x00,0x00},
    {0x00,0x00,0x00,0x00,0x00,0x00,0x00,0x00,0x00,0x00,0x00,0x00,0x00,0x00,0x60,0x00,0x0C,0x00,0x70,0x00,0x1F,0x00,0x70,0x00,0x07,0xFF,0xFF,0xF8,0x03,0xFF,0xFF,0xF8,0x01,0x87,0x07,0x80,0x00,0x03,0x8F,0x00,0x00,0x01,0xFE,0x00,0x38,0x00,0xFC,0x00,0x3C,0x01,0xFC,0x00,0x1F,0x0F,0xFF,0x80,0x07,0xFF,0x87,0xF8,0x03,0xFC,0x01,0xF8,0x00,0x5C,0x01,0x90,0x00,0x0C,0x01,0x80,0x00,0x0F,0xFF,0x80,0x03,0x0F,0xFF,0x80,0x03,0x8C,0x03,0x80,0x03,0x0C,0x01,0x80,0x07,0x0C,0x01,0x80,0x07,0x1F,0xFF,0x80,0x0E,0x1F,0xFF,0x80,0x0E,0x38,0x01,0x80,0x1C,0x38,0x01,0x80,0x3C,0x70,0x01,0x80,0x38,0xE0,0x01,0x80,0x10,0x40,0x01,0x80,0x00,0x00,0x00,0x00,0x00,0x00,0x00,0x00},
    {0x00,0x00,0x00,0x00,0x00,0x00,0x00,0x00,0x00,0x00,0x00,0x00,0x00,0x00,0x00,0x00,0x00,0x00,0x00,0x00,0x00,0x01,0x00,0x00,0x03,0xFF,0x80,0x00,0x03,0xFF,0x80,0x00,0x00,0x03,0x80,0x00,0x00,0x07,0x00,0x00,0x00,0x07,0x03,0x80,0x00,0x07,0x03,0x80,0x00,0x06,0x03,0x80,0x00,0x0E,0x03,0x80,0x00,0x0E,0x03,0x00,0x00,0xFF,0xC3,0x00,0x03,0xFF,0xFB,0x00,0x07,0x9D,0xFF,0x00,0x0F,0x38,0x1F,0x80,0x0E,0x38,0x07,0xE0,0x1C,0x38,0x07,0xF8,0x1C,0x70,0x0E,0x78,0x1C,0x70,0x1E,0x30,0x1C,0xE0,0x1C,0x00,0x0F,0xE0,0x38,0x00,0x0F,0xC0,0x78,0x00,0x07,0x81,0xF0,0x00,0x00,0x03,0xE0,0x00,0x00,0x01,0x80,0x00,0x00,0x00,0x00,0x00,0x00,0x00,0x00,0x00,0x00,0x00,0x00,0x00},
    {0x00,0x00,0x00,0x00,0x00,0x00,0x00,0x00,0x00,0x00,0x00,0x00,0x00,0x03,0x80,0x00,0x00,0x03,0x80,0x00,0x00,0x03,0x00,0x00,0x00,0x03,0x00,0x00,0x04,0x03,0x80,0x40,0x0F,0xFF,0xFF,0xE0,0x07,0xFF,0xFF,0xC0,0x00,0x03,0x00,0x00,0x00,0x03,0x00,0x00,0x00,0x03,0x00,0x00,0x00,0x03,0x00,0x00,0x1C,0x03,0x80,0x30,0x1F,0xFF,0xFF,0xF0,0x1F,0xFF,0xFF,0xF0,0x00,0x0F,0xC0,0x00,0x00,0x1F,0xE0,0x00,0x00,0x3F,0xF0,0x00,0x00,0x7B,0x38,0x00,0x00,0x73,0x3C,0x00,0x01,0xE3,0x1E,0x00,0x03,0xC3,0x0F,0x00,0x0F,0x83,0x07,0xC0,0x1F,0x03,0x01,0xF0,0x3E,0x03,0x00,0xF8,0x18,0x03,0x00,0x70,0x00,0x03,0x80,0x00,0x00,0x03,0x80,0x00,0x00,0x00,0x00,0x00,0x00,0x00,0x00,0x00},
    {0x00,0x00,0x00,0x00,0x00,0x00,0x00,0x00,0x00,0x00,0x00,0x00,0x00,0xE0,0x0E,0x00,0x00,0xF0,0x1E,0x00,0x00,0x70,0x1C,0x00,0x00,0x38,0x38,0x00,0x18,0x3C,0x78,0x70,0x3F,0xFF,0xFF,0xF8,0x1F,0xFF,0xFF,0xF0,0x00,0x00,0x00,0x00,0x00,0x00,0x00,0xE0,0x0F,0xFE,0x38,0xE0,0x0F,0xFE,0x38,0xE0,0x0E,0x06,0x30,0xE0,0x0E,0x06,0x30,0xE0,0x0F,0xFE,0x30,0xE0,0x0F,0xFE,0x30,0xE0,0x0F,0xFE,0x30,0xE0,0x0E,0x06,0x30,0xE0,0x0E,0x06,0x30,0xE0,0x0F,0xFE,0x30,0xE0,0x0F,0xFE,0x38,0xE0,0x0E,0x0E,0x38,0xE0,0x0E,0x06,0x00,0xE0,0x0E,0x06,0x00,0xE0,0x0E,0x0E,0x00,0xE0,0x0E,0x7E,0x1F,0xE0,0x0E,0x7E,0x1F,0xE0,0x06,0x3C,0x0F,0xC0,0x00,0x00,0x00,0x00,0x00,0x00,0x00,0x00},
    {0x00,0x00,0x00,0x00,0x00,0x00,0x00,0x00,0x00,0x00,0x00,0x00,0x00,0x60,0x0C,0x00,0x00,0x70,0x1C,0x00,0x00,0x38,0x3C,0x00,0x00,0x38,0x38,0x00,0x0F,0xFF,0xFF,0xE0,0x0F,0xFF,0xFF,0xE0,0x00,0x03,0x00,0x00,0x00,0x03,0x00,0x00,0x07,0xFF,0xFF,0xC0,0x07,0xFF,0xFF,0xC0,0x00,0x07,0x00,0x00,0x00,0x06,0x00,0x00,0x1F,0xFF,0xFF,0xF0,0x1F,0xFF,0xFF,0xF8,0x10,0x1E,0x00,0x10,0x00,0x1C,0x00,0x00,0x00,0x1C,0x00,0x00,0x00,0x3F,0xFF,0xC0,0x00,0x7F,0xFF,0xC0,0x00,0x70,0x70,0x00,0x00,0xE0,0x70,0x00,0x01,0xC0,0x70,0x00,0x07,0x80,0x70,0x00,0x0F,0x80,0x70,0x00,0x3E,0xFF,0xFF,0xF0,0x3C,0xFF,0xFF,0xF0,0x10,0x00,0x00,0x00,0x00,0x00,0x00,0x00,0x00,0x00,0x00,0x00},
    {0x00,0x00,0x00,0x00,0x00,0x00,0x00,0x00,0x00,0x00,0x00,0x00,0x00,0x00,0x00,0x00,0x00,0x70,0x01,0x80,0x00,0x70,0x0B,0xC0,0x00,0x70,0x1D,0xC0,0x00,0x70,0x0E,0xE0,0x00,0x70,0x0E,0x60,0x00,0x70,0x07,0x40,0x00,0x70,0x07,0x00,0x00,0x70,0x00,0x00,0x00,0x70,0x00,0x00,0x00,0x7C,0x00,0x00,0x00,0x7F,0x80,0x00,0x00,0x7F,0xE0,0x00,0x00,0x73,0xF8,0x00,0x00,0x70,0xFE,0x00,0x00,0x70,0x3F,0x00,0x00,0x70,0x0F,0x80,0x00,0x70,0x03,0x80,0x00,0x70,0x01,0x00,0x00,0x70,0x00,0x00,0x00,0x70,0x00,0x00,0x00,0x70,0x00,0x00,0x00,0x70,0x00,0x00,0x00,0x70,0x00,0x00,0x00,0x70,0x00,0x00,0x00,0x70,0x00,0x00,0x00,0x00,0x00,0x00,0x00,0x00,0x00,0x00,0x00,0x00,0x00,0x00},
    {0x00,0x00,0x00,0x00,0x00,0x00,0x00,0x00,0x00,0x00,0x00,0x00,0x00,0x00,0x00,0x00,0x00,0x00,0x00,0x00,0x00,0xC0,0x0E,0x00,0x00,0xC0,0x0E,0x00,0x00,0xC0,0x0E,0x00,0x00,0xC0,0x0E,0x00,0x00,0xC0,0x0E,0x00,0x00,0xC0,0x0E,0x00,0x00,0xC0,0x0E,0x00,0x00,0xC0,0x0E,0x00,0x00,0xC0,0x0E,0x00,0x00,0xC0,0x0E,0x00,0x00,0xC0,0x0E,0x00,0x00,0xC0,0x0E,0x00,0x00,0xC0,0x0E,0x00,0x00,0x00,0x0E,0x00,0x00,0x00,0x0E,0x00,0x00,0x00,0x1C,0x00,0x00,0x00,0x1C,0x00,0x00,0x00,0x38,0x00,0x00,0x00,0x78,0x00,0x00,0x01,0xF0,0x00,0x00,0x07,0xE0,0x00,0x00,0x3F,0x80,0x00,0x00,0x3F,0x00,0x00,0x00,0x18,0x00,0x00,0x00,0x00,0x00,0x00,0x00,0x00,0x00,0x00,0x00,0x00,0x00,0x00},
    {0x00,0x00,0x00,0x00,0x00,0x00,0x00,0x00,0x00,0x00,0x00,0x00,0x00,0x00,0x00,0x00,0x00,0x70,0x00,0x00,0x00,0x70,0x00,0x00,0x00,0x70,0x00,0x00,0x00,0x70,0x00,0x00,0x00,0x70,0x00,0x00,0x00,0x70,0x00,0x00,0x00,0x70,0x00,0x00,0x00,0x70,0x00,0x00,0x00,0x70,0x00,0x00,0x00,0x7C,0x00,0x00,0x00,0x7F,0x80,0x00,0x00,0x7F,0xE0,0x00,0x00,0x73,0xF8,0x00,0x00,0x70,0xFE,0x00,0x00,0x70,0x3F,0x80,0x00,0x70,0x0F,0x80,0x00,0x70,0x03,0x80,0x00,0x70,0x01,0x00,0x00,0x70,0x00,0x00,0x00,0x70,0x00,0x00,0x00,0x70,0x00,0x00,0x00,0x70,0x00,0x00,0x00,0x70,0x00,0x00,0x00,0x70,0x00,0x00,0x00,0x70,0x00,0x00,0x00,0x00,0x00,0x00,0x00,0x00,0x00,0x00,0x00,0x00,0x00,0x00},
    {0x00,0x00,0x00,0x00,0x00,0x00,0x00,0x00,0x00,0x00,0x00,0x00,0x00,0x00,0x00,0x00,0x00,0x00,0x00,0x00,0x00,0x00,0x00,0x00,0x00,0x00,0x04,0x00,0x03,0xFF,0xFE,0x00,0x03,0xFF,0xFE,0x00,0x00,0x00,0x1E,0x00,0x00,0x00,0x1C,0x00,0x00,0x00,0x3C,0x00,0x00,0x00,0x38,0x00,0x00,0x00,0x78,0x00,0x00,0x00,0xF0,0x00,0x00,0x00,0xE0,0x00,0x00,0x01,0xE0,0x00,0x00,0x03,0xC0,0x00,0x00,0x07,0xE0,0x00,0x00,0x0F,0xF8,0x00,0x00,0x1E,0x7C,0x00,0x00,0x3C,0x3E,0x00,0x00,0x78,0x0F,0x00,0x01,0xF0,0x07,0x80,0x07,0xE0,0x03,0xC0,0x1F,0x80,0x01,0xE0,0x0F,0x00,0x00,0xE0,0x0C,0x00,0x00,0xC0,0x00,0x00,0x00,0x00,0x00,0x00,0x00,0x00,0x00,0x00,0x00,0x00,0x00,0x00,0x00,0x00},
    {0x00,0x00,0x00,0x00,0x00,0x00,0x00,0x00,0x00,0x00,0x00,0x00,0x00,0x00,0x00,0x00,0x00,0x0E,0x00,0x00,0x00,0x0E,0x00,0x00,0x00,0x0E,0x00,0x00,0x00,0x0E,0x00,0x00,0x00,0x06,0x03,0x80,0x00,0x07,0xFF,0x80,0x00,0x3F,0xFF,0x80,0x0F,0xFF,0xF0,0x00,0x0F,0xFF,0x00,0x00,0x0F,0x03,0x00,0x00,0x00,0x03,0x00,0x00,0x00,0x03,0x80,0x00,0x00,0x03,0x83,0xE0,0x00,0x03,0xFF,0xE0,0x00,0x3F,0xFF,0xC0,0x0F,0xFF,0xF0,0x00,0x0F,0xFD,0xC0,0x00,0x0E,0x01,0xC0,0x00,0x00,0x01,0xC0,0x00,0x00,0x01,0xC0,0x00,0x00,0x00,0xC0,0x00,0x00,0x00,0xE0,0x00,0x00,0x00,0xE0,0x00,0x00,0x00,0xE0,0x00,0x00,0x00,0xE0,0x00,0x00,0x00,0x00,0x00,0x00,0x00,0x00,0x00,0x00,0x00,0x00,0x00},
    {0x00,0x00,0x00,0x00,0x00,0x00,0x00,0x00,0x00,0x00,0x00,0x00,0x00,0x00,0x00,0x00,0x00,0x00,0x00,0x00,0x00,0x00,0x00,0x00,0x00,0x00,0x00,0x00,0x00,0x00,0x00,0x00,0x00,0x00,0x00,0x00,0x00,0x30,0x00,0x00,0x00,0x30,0x00,0x00,0x00,0x38,0x00,0x00,0x00,0x38,0x07,0x80,0x00,0x3B,0xFF,0x80,0x00,0xFF,0xFF,0x80,0x07,0xFF,0x87,0x00,0x07,0xFC,0x07,0x00,0x00,0x1C,0x0E,0x00,0x00,0x1C,0x1C,0x00,0x00,0x1C,0x78,0x00,0x00,0x0C,0x70,0x00,0x00,0x0C,0x20,0x00,0x00,0x0E,0x00,0x00,0x00,0x0E,0x00,0x00,0x00,0x0E,0x00,0x00,0x00,0x06,0x00,0x00,0x00,0x06,0x00,0x00,0x00,0x07,0x00,0x00,0x00,0x07,0x00,0x00,0x00,0x06,0x00,0x00,0x00,0x00,0x00,0x00,0x00,0x00,0x00,0x00},
    {0x00,0x00,0x00,0x00,0x00,0x00,0x00,0x00,0x00,0x00,0x00,0x00,0x00,0x00,0x00,0x00,0x00,0x61,0x80,0x00,0x00,0x71,0x80,0x00,0x00,0xE1,0x80,0x00,0x00,0xE1,0x80,0x00,0x01,0xFF,0xFF,0xC0,0x01,0xFF,0xFF,0xE0,0x03,0xFF,0xFF,0xC0,0x07,0x81,0x80,0x00,0x0F,0x03,0x80,0x00,0x0E,0x03,0x80,0x00,0x0C,0x03,0x80,0x00,0x04,0x03,0x80,0x10,0x1F,0xFF,0xFF,0xF0,0x1F,0xFF,0xFF,0xF0,0x00,0x07,0xC0,0x00,0x00,0x07,0xC0,0x00,0x00,0x0E,0xE0,0x00,0x00,0x0E,0x70,0x00,0x00,0x1C,0x78,0x00,0x00,0x38,0x3C,0x00,0x00,0xF8,0x1E,0x00,0x01,0xE0,0x0F,0x80,0x07,0xC0,0x07,0xE0,0x1F,0x80,0x01,0xF8,0x1E,0x00,0x00,0x78,0x08,0x00,0x00,0x10,0x00,0x00,0x00,0x00,0x00,0x00,0x00,0x00},
    {0x00,0x00,0x00,0x00,0x00,0x00,0x00,0x00,0x00,0x00,0x00,0x00,0x00,0x00,0x00,0x00,0x00,0x00,0x70,0x00,0x0F,0xFC,0x70,0x00,0x0F,0xFC,0x70,0x00,0x0C,0x1C,0x60,0x00,0x0C,0x1C,0x70,0x00,0x0C,0x1C,0xFF,0xF8,0x0F,0xFC,0xFF,0xF8,0x0F,0xFD,0xC0,0xC0,0x0C,0x1D,0xC1,0xC0,0x0C,0x1F,0xC1,0xC0,0x0C,0x1F,0xE1,0xC0,0x0F,0xFF,0x61,0x80,0x0F,0xFE,0x61,0x80,0x0F,0xFC,0x73,0x80,0x0C,0x1C,0x33,0x00,0x0C,0x1C,0x3F,0x00,0x0C,0x1C,0x1F,0x00,0x0F,0xFC,0x1E,0x00,0x0F,0xFC,0x1E,0x00,0x02,0x30,0x3F,0x00,0x07,0x70,0x3F,0x80,0x07,0x38,0x73,0xC0,0x0E,0x1D,0xE1,0xF0,0x1E,0x1F,0xC0,0xF8,0x3C,0x0F,0x80,0x78,0x18,0x03,0x00,0x10,0x00,0x00,0x00,0x00,0x00,0x00,0x00,0x00},
    {0x00,0x00,0x00,0x00,0x00,0x00,0x00,0x00,0x00,0x00,0x00,0x00,0x00,0x00,0x00,0x00,0x00,0x00,0x00,0x00,0x00,0x00,0x00,0x00,0x00,0x00,0x00,0x00,0x00,0x00,0x00,0x00,0x00,0x00,0x00,0x00,0x00,0x00,0x00,0x00,0x00,0x04,0x00,0x00,0x00,0x0E,0x03,0x80,0x03,0x87,0x03,0x80,0x01,0xC7,0x03,0x00,0x01,0xC3,0x87,0x00,0x00,0xE3,0x87,0x00,0x00,0xE3,0x87,0x00,0x00,0xE1,0x0E,0x00,0x00,0x60,0x0E,0x00,0x00,0x00,0x1C,0x00,0x00,0x00,0x1C,0x00,0x00,0x00,0x38,0x00,0x00,0x00,0x70,0x00,0x00,0x00,0xF0,0x00,0x00,0x03,0xE0,0x00,0x00,0x07,0xC0,0x00,0x00,0x1F,0x00,0x00,0x00,0x3E,0x00,0x00,0x00,0x18,0x00,0x00,0x00,0x00,0x00,0x00,0x00,0x00,0x00,0x00,0x00,0x00,0x00,0x00},
    {0x00,0x00,0x00,0x00,0x00,0x00,0x00,0x00,0x00,0x00,0x00,0x00,0x00,0x00,0x00,0xF0,0x00,0x00,0x01,0xF8,0x00,0x00,0x01,0x9C,0x00,0x00,0x01,0x8C,0x07,0xFF,0xFF,0x8C,0x07,0xFF,0xFF,0xF8,0x07,0xFF,0xFF,0xF0,0x00,0x00,0x03,0x80,0x00,0x00,0x03,0x80,0x00,0x00,0x03,0x80,0x00,0x00,0x07,0x00,0x00,0x00,0x07,0x00,0x00,0x00,0x0F,0x00,0x00,0x00,0x0E,0x00,0x00,0x00,0x1E,0x00,0x00,0x00,0x3C,0x00,0x00,0x00,0x38,0x00,0x00,0x00,0x78,0x00,0x00,0x01,0xF0,0x00,0x00,0x03,0xE0,0x00,0x00,0x07,0x80,0x00,0x00,0x1F,0x00,0x00,0x00,0xFE,0x00,0x00,0x01,0xF8,0x00,0x00,0x00,0xE0,0x00,0x00,0x00,0x00,0x00,0x00,0x00,0x00,0x00,0x00,0x00,0x00,0x00,0x00,0x00,0x00,0x00,0x00},
    {0x00,0x00,0x00,0x00,0x00,0x00,0x00,0x00,0x00,0x00,0x00,0x00,0x00,0x00,0x00,0x00,0x00,0x00,0x00,0x00,0x00,0x00,0x00,0x00,0x00,0x00,0x00,0x00,0x00,0x00,0xFF,0xE0,0x0F,0xFF,0xFF,0xE0,0x1F,0xFF,0xFF,0xC0,0x1F,0x80,0x7C,0x00,0x00,0x00,0xF0,0x60,0x00,0x01,0xE0,0x70,0x00,0x03,0x87,0x70,0x00,0x07,0x03,0xB8,0x00,0x07,0x01,0x9C,0x00,0x0E,0x01,0xD8,0x00,0x0E,0x00,0xC0,0x00,0x0C,0x00,0x00,0x00,0x0C,0x00,0x00,0x00,0x0E,0x00,0x00,0x00,0x0E,0x00,0x00,0x00,0x0F,0x00,0x00,0x00,0x07,0x80,0x00,0x00,0x03,0xE0,0x00,0x00,0x01,0xFE,0x00,0x00,0x00,0xFE,0x00,0x00,0x00,0x1E,0x00,0x00,0x00,0x00,0x00,0x00,0x00,0x00,0x00,0x00,0x00,0x00,0x00,0x00,0x00,0x00,0x00},
    {0x00,0x00,0x00,0x00,0x00,0x00,0x00,0x00,0x00,0x00,0x00,0x00,0x00,0x00,0x00,0x00,0x1F,0xFF,0xFF,0xF8,0x1F,0xFF,0xFF,0xF8,0x1F,0xFF,0xFF,0xF8,0x00,0x03,0x00,0x00,0x00,0x03,0x00,0x00,0x02,0x03,0x80,0x80,0x07,0xFF,0xFF,0xC0,0x07,0xFF,0xFF,0xC0,0x07,0x03,0x01,0xC0,0x07,0x03,0x01,0xC0,0x07,0x03,0x81,0xC0,0x07,0xFF,0xFF,0xC0,0x07,0xFF,0xFF,0xC0,0x07,0x03,0x01,0xC0,0x07,0x03,0x01,0xC0,0x07,0x03,0x01,0xC0,0x3F,0xFF,0xFF,0xF8,0x3F,0xFF,0xFF,0xF8,0x07,0x00,0x01,0xC0,0x07,0x00,0x01,0xC0,0x07,0x00,0x01,0xC0,0x07,0x00,0x01,0xC0,0x07,0x00,0x01,0xC0,0x07,0x00,0x31,0xC0,0x07,0x00,0x3F,0xC0,0x07,0x00,0x3F,0x80,0x00,0x00,0x00,0x00,0x00,0x00,0x00,0x00},
    {0x00,0x00,0x00,0x00,0x00,0x00,0x00,0x00,0x00,0x00,0x00,0x00,0x00,0x00,0x00,0x00,0x00,0x03,0x80,0x00,0x00,0x03,0x80,0x00,0x00,0x03,0x80,0x00,0x00,0x03,0x80,0x00,0x03,0xFF,0xFF,0x00,0x03,0xFF,0xFF,0x80,0x03,0xFF,0xFF,0x80,0x00,0x00,0x0F,0x00,0x00,0x00,0x1E,0x00,0x00,0x00,0x7C,0x00,0x00,0x00,0xF8,0x00,0x00,0x03,0xE0,0x00,0x00,0x07,0xC0,0x00,0x00,0x1F,0xF8,0x00,0x00,0x7F,0xFE,0x00,0x03,0xFB,0xBF,0x80,0x1F,0xE3,0x8F,0xE0,0x0F,0x03,0x83,0xF0,0x0C,0x03,0x80,0xF0,0x00,0x03,0x80,0x20,0x00,0x03,0x80,0x00,0x00,0x03,0x80,0x00,0x00,0x03,0x80,0x00,0x00,0x03,0x80,0x00,0x00,0x03,0x80,0x00,0x00,0x03,0x00,0x00,0x00,0x00,0x00,0x00,0x00,0x00,0x00,0x00},
    {0x00,0x00,0x00,0x00,0x00,0x00,0x00,0x00,0x00,0x00,0x00,0x00,0x00,0x00,0x00,0x00,0x00,0x00,0x00,0x00,0x00,0x00,0x00,0x00,0x02,0x00,0x00,0x80,0x07,0xFF,0xFF,0xC0,0x07,0xFF,0xFF,0xC0,0x03,0x00,0x01,0xC0,0x03,0x00,0x01,0xC0,0x03,0x00,0x01,0xC0,0x03,0x00,0x01,0xC0,0x03,0x00,0x03,0x80,0x03,0x00,0x03,0x80,0x07,0x00,0x03,0x80,0x03,0x00,0x07,0x80,0x00,0x00,0x07,0x00,0x00,0x00,0x0F,0x00,0x00,0x00,0x0E,0x00,0x00,0x00,0x1E,0x00,0x00,0x00,0x3C,0x00,0x00,0x00,0x78,0x00,0x00,0x01,0xF0,0x00,0x00,0x03,0xE0,0x00,0x00,0x1F,0xC0,0x00,0x00,0x3F,0x00,0x00,0x00,0x1C,0x00,0x00,0x00,0x00,0x00,0x00,0x00,0x00,0x00,0x00,0x00,0x00,0x00,0x00,0x00,0x00,0x00,0x00},
    {0x00,0x00,0x00,0x00,0x00,0x00,0x00,0x00,0x00,0x00,0x00,0x00,0x00,0x00,0x00,0x00,0x00,0x07,0x00,0x00,0x00,0x0F,0x00,0x00,0x00,0x0E,0x00,0x00,0x00,0x1E,0x00,0x00,0x00,0x1F,0xFF,0x80,0x00,0x3F,0xFF,0x80,0x00,0x3C,0x03,0x80,0x00,0x70,0x03,0x80,0x00,0xF0,0x07,0x00,0x01,0xE0,0x07,0x00,0x03,0xC0,0x0E,0x00,0x0F,0x80,0x0E,0x00,0x0F,0x00,0x1E,0x00,0x06,0x00,0x1C,0x00,0x00,0x00,0x3C,0x00,0x00,0x00,0x78,0x00,0x00,0x00,0xF0,0x00,0x00,0x01,0xE0,0x00,0x00,0x03,0xC0,0x00,0x00,0x07,0x80,0x00,0x00,0x1F,0x00,0x00,0x00,0x3E,0x00,0x00,0x00,0xFC,0x00,0x00,0x01,0xF0,0x00,0x00,0x00,0xC0,0x00,0x00,0x00,0x00,0x00,0x00,0x00,0x00,0x00,0x00,0x00,0x00,0x00,0x00},
    {0x00,0x00,0x00,0x00,0x00,0x00,0x00,0x00,0x00,0x00,0x00,0x00,0x00,0x00,0x00,0x00,0x08,0x3F,0xCF,0xE0,0x1C,0x3F,0xDF,0xF0,0x1E,0x30,0xDC,0x70,0x0F,0x30,0xDC,0x70,0x07,0xBF,0xDF,0xF0,0x03,0xBF,0xDF,0xE0,0x01,0x30,0x78,0x30,0x00,0x30,0xFC,0x30,0x00,0x3F,0xDF,0xF0,0x00,0x3F,0xCF,0xE0,0x00,0x03,0x86,0x00,0x3F,0x83,0x8E,0x00,0x3F,0xBF,0xFF,0xE0,0x03,0xBF,0xFF,0xF0,0x03,0x83,0x06,0x00,0x03,0x83,0x06,0x00,0x03,0xFF,0xFF,0xF0,0x03,0xFF,0xFF,0xF0,0x03,0x83,0x86,0x00,0x03,0x87,0x8F,0x80,0x07,0x9F,0x03,0xE0,0x0F,0xFC,0x00,0xF0,0x1C,0xF8,0x00,0x70,0x38,0x7F,0xFF,0xF8,0x30,0x3F,0xFF,0xF8,0x00,0x00,0x00,0x00,0x00,0x00,0x00,0x00,0x00,0x00,0x00,0x00},
    {0x00,0x00,0x00,0x00,0x00,0x00,0x00,0x00,0x00,0x00,0x00,0x00,0x01,0x80,0x00,0x00,0x01,0x80,0x00,0x00,0x01,0x83,0xFF,0xE0,0x01,0x83,0xFF,0xE0,0x01,0x83,0x00,0x60,0x01,0x83,0x00,0x60,0x1F,0xFB,0x00,0x60,0x1F,0xFB,0x00,0x60,0x03,0x83,0x00,0x60,0x01,0x83,0x00,0x60,0x01,0x83,0x00,0x60,0x01,0x83,0xFF,0xE0,0x01,0x97,0xFF,0xE0,0x01,0xFF,0x0C,0x00,0x03,0xF7,0x0E,0x00,0x1F,0xC7,0x0E,0x00,0x3F,0x87,0x0E,0x00,0x19,0x86,0x06,0x00,0x01,0x86,0x07,0x00,0x01,0x8E,0x07,0x00,0x01,0x8E,0x03,0x80,0x01,0x8C,0x03,0xC0,0x01,0x9C,0x01,0xC0,0x01,0xBC,0x00,0xE0,0x1B,0xF8,0x00,0xF8,0x1F,0xF0,0x00,0x78,0x1F,0x30,0x00,0x30,0x00,0x00,0x00,0x00,0x00,0x00,0x00,0x00},
    {0x00,0x00,0x00,0x00,0x00,0x00,0x00,0x00,0x00,0x00,0x00,0x00,0x00,0x00,0x00,0x00,0x00,0x38,0x00,0x00,0x00,0x38,0x00,0x00,0x00,0x38,0x00,0x00,0x00,0x38,0x00,0x00,0x00,0x70,0x98,0x00,0x0F,0xFF,0x9F,0x00,0x0F,0xFF,0x9F,0xC0,0x0F,0xF8,0x07,0xE0,0x00,0xE0,0x01,0xF0,0x00,0xE0,0x00,0x60,0x00,0xC0,0x1C,0x00,0x01,0xC0,0x1C,0x00,0x01,0xC0,0x1C,0x00,0x03,0x80,0x1C,0x00,0x03,0x80,0x1C,0x00,0x07,0x00,0x1C,0x00,0x07,0x07,0xFC,0x00,0x0E,0x1F,0xFE,0x00,0x1E,0x1E,0x1F,0x80,0x1C,0x38,0x1F,0xC0,0x0C,0x38,0x1D,0xF0,0x00,0x38,0x1C,0xF0,0x00,0x1F,0xF8,0x20,0x00,0x0F,0xF8,0x00,0x00,0x07,0xE0,0x00,0x00,0x00,0x00,0x00,0x00,0x00,0x00,0x00,0x00,0x00,0x00,0x00},
    {0x00,0x00,0x00,0x00,0x00,0x00,0x00,0x00,0x00,0x00,0x00,0x00,0x00,0x00,0x00,0x00,0x00,0x00,0x00,0x00,0x01,0xC0,0x00,0x00,0x00,0xC0,0x00,0x00,0x00,0xC0,0x00,0x00,0x00,0xC0,0x00,0x00,0x01,0xC0,0x00,0x00,0x01,0xC0,0x00,0x00,0x01,0xC0,0x00,0x00,0x01,0xC0,0x00,0x00,0x01,0xC0,0x00,0x00,0x01,0xC0,0x00,0x00,0x01,0xC0,0x00,0x00,0x01,0xC0,0x00,0x00,0x01,0xC0,0x01,0xC0,0x01,0xC0,0x01,0xC0,0x01,0xC0,0x01,0xC0,0x01,0xC0,0x03,0xC0,0x01,0xC0,0x03,0x80,0x01,0xC0,0x07,0x80,0x01,0xE0,0x0F,0x00,0x00,0xE0,0x1E,0x00,0x00,0xF8,0x7E,0x00,0x00,0x7F,0xF8,0x00,0x00,0x3F,0xF0,0x00,0x00,0x03,0x00,0x00,0x00,0x00,0x00,0x00,0x00,0x00,0x00,0x00,0x00,0x00,0x00,0x00},
    {0x00,0x00,0x00,0x00,0x00,0x00,0x00,0x00,0x00,0x00,0x00,0x00,0x00,0x00,0x00,0x00,0x00,0x00,0x00,0xF0,0x00,0x00,0x01,0xF8,0x00,0x20,0x11,0x98,0x00,0x38,0x3B,0x1C,0x00,0x70,0x39,0x98,0x00,0x70,0x39,0xF8,0x00,0x70,0x18,0xF0,0x00,0x70,0x1C,0x00,0x00,0x70,0x1C,0x00,0x00,0xE0,0x1C,0x00,0x00,0xE0,0x1C,0x00,0x00,0xE0,0x0E,0x00,0x01,0xE0,0x0E,0x00,0x01,0xC0,0x0E,0x00,0x01,0xC0,0x07,0x00,0x03,0xC0,0x07,0x00,0x03,0x80,0x03,0x80,0x07,0x80,0x03,0xC0,0x07,0x00,0x01,0xC0,0x0F,0x00,0x01,0xE0,0x1E,0x00,0x00,0xF0,0x3C,0x00,0x00,0x70,0x18,0x00,0x00,0x70,0x00,0x00,0x00,0x00,0x00,0x00,0x00,0x00,0x00,0x00,0x00,0x00,0x00,0x00,0x00,0x00,0x00,0x00,0x00,0x00},
    {0x00,0x00,0x00,0x00,0x00,0x00,0x00,0x00,0x00,0x00,0x00,0x00,0x00,0x00,0x00,0x00,0x00,0x18,0x00,0x00,0x00,0x3C,0x00,0x00,0x00,0x1E,0x00,0x00,0x00,0x07,0x00,0x00,0x00,0x03,0x80,0x00,0x00,0x03,0xC0,0x00,0x00,0x03,0xC0,0x00,0x00,0x03,0xC0,0x00,0x00,0x07,0xE0,0x00,0x00,0x07,0xE0,0x00,0x00,0x06,0x70,0x00,0x00,0x0E,0x70,0x00,0x00,0x0E,0x30,0x00,0x00,0x1C,0x38,0x00,0x00,0x1C,0x38,0x00,0x00,0x38,0x1C,0x00,0x00,0x38,0x1C,0x00,0x00,0x70,0x0E,0x00,0x00,0xF0,0x0F,0x00,0x01,0xE0,0x07,0x80,0x03,0xC0,0x03,0xC0,0x07,0x80,0x01,0xE0,0x0F,0x00,0x01,0xF0,0x3E,0x00,0x00,0xF8,0x1C,0x00,0x00,0x38,0x00,0x00,0x00,0x00,0x00,0x00,0x00,0x00,0x00,0x00,0x00,0x00},
    {0x00,0x00,0x00,0x00,0x00,0x00,0x00,0x00,0x00,0x00,0x00,0x00,0x00,0x07,0x00,0x00,0x00,0x07,0x00,0x00,0x00,0x07,0x00,0x00,0x00,0x07,0x00,0x00,0x00,0x07,0x00,0x00,0x00,0x07,0x00,0x00,0x0F,0xFF,0xFF,0xC0,0x0F,0xFF,0xFF,0xE0,0x0F,0xFF,0xFF,0xE0,0x00,0x07,0x00,0xE0,0x00,0x06,0x00,0xE0,0x00,0x06,0x00,0xE0,0x00,0x0E,0x00,0xC0,0x00,0x0E,0x00,0xC0,0x00,0x0E,0x00,0xC0,0x00,0x1C,0x00,0xC0,0x00,0x1C,0x00,0xC0,0x00,0x3C,0x00,0xC0,0x00,0x38,0x00,0xC0,0x00,0x70,0x01,0xC0,0x00,0xF0,0x01,0xC0,0x01,0xE0,0x01,0xC0,0x03,0xC0,0x01,0xC0,0x0F,0x80,0xF3,0x80,0x1F,0x00,0xFF,0x80,0x1C,0x00,0xFF,0x00,0x00,0x00,0x00,0x00,0x00,0x00,0x00,0x00,0x00,0x00,0x00,0x00},
    {0x00,0x00,0x00,0x00,0x00,0x00,0x00,0x00,0x00,0x00,0x00,0x00,0x03,0x00,0x20,0x00,0x03,0x00,0x60,0x00,0x03,0x00,0x70,0x00,0x03,0x00,0x78,0x00,0x03,0x1F,0xFF,0xF0,0x03,0x1F,0xFF,0xF0,0x3F,0xE3,0x01,0x80,0x3F,0xE3,0x83,0x80,0x03,0x03,0x83,0x00,0x03,0x01,0x87,0x00,0x03,0x1F,0xFF,0xF8,0x03,0x3F,0xFF,0xF8,0x03,0x3F,0xFF,0xF8,0x03,0xE0,0x70,0x00,0x07,0xE0,0xE0,0x00,0x3F,0xBF,0xFF,0xF8,0x3F,0x3F,0xFF,0xF8,0x33,0x3F,0xC7,0xB0,0x03,0x07,0x83,0x00,0x03,0x07,0x07,0x00,0x03,0x0F,0xCE,0x00,0x03,0x07,0xFC,0x00,0x03,0x00,0xFE,0x00,0x03,0x01,0xFF,0x80,0x07,0x1F,0xC7,0xE0,0x1F,0x7F,0x01,0xF0,0x1E,0x78,0x00,0x60,0x00,0x00,0x00,0x00,0x00,0x00,0x00,0x00},
    {0x00,0x00,0x00,0x00,0x00,0x00,0x00,0x00,0x00,0x00,0x00,0x00,0x00,0x00,0x18,0x00,0x03,0x80,0x18,0x00,0x03,0x00,0x18,0x00,0x03,0x0F,0xFF,0xF0,0x07,0x2F,0xFF,0xF0,0x06,0x30,0x18,0x00,0x0E,0x70,0x18,0x00,0x0C,0x60,0x18,0x00,0x1C,0xE7,0xFF,0xF0,0x3F,0xC7,0xFF,0xE0,0x3F,0xC0,0x00,0x00,0x13,0x80,0x00,0x10,0x03,0xE7,0xFF,0xF0,0x07,0x77,0xFF,0xF0,0x0E,0x76,0x00,0x30,0x0F,0xFE,0x66,0x30,0x1F,0xFE,0x66,0x30,0x1E,0x18,0x66,0x00,0x00,0x30,0xE6,0x00,0x0D,0xF0,0xE6,0x00,0x1D,0xB0,0xE6,0x18,0x1D,0xB1,0xC6,0x18,0x1D,0xBB,0xC6,0x18,0x19,0x9F,0x86,0x38,0x19,0x9F,0x07,0xF8,0x39,0x9E,0x07,0xF0,0x10,0x08,0x00,0x00,0x00,0x00,0x00,0x00,0x00,0x00,0x00,0x00},
    {0x00,0x00,0x00,0x00,0x00,0x00,0x00,0x00,0x00,0x00,0x00,0x00,0x00,0x03,0x00,0x00,0x00,0xE3,0x80,0x00,0x00,0xE3,0x80,0x00,0x00,0xE3,0x80,0x00,0x01,0xC3,0x80,0x00,0x01,0xFF,0xFF,0xC0,0x03,0xFF,0xFF,0xC0,0x07,0xFF,0xFF,0xC0,0x07,0x03,0x80,0x00,0x0E,0x03,0x80,0x00,0x0E,0x03,0x80,0x00,0x04,0x03,0x80,0x00,0x1F,0xFF,0xFF,0xF8,0x1F,0xFF,0xFF,0xF8,0x18,0x3C,0x70,0x30,0x00,0x18,0x70,0x00,0x00,0x18,0x70,0x00,0x00,0x38,0x70,0x00,0x00,0x38,0x70,0x00,0x00,0x38,0x70,0x20,0x00,0x70,0x70,0x30,0x00,0xF0,0x70,0x30,0x01,0xE0,0x70,0x30,0x03,0xC0,0x70,0x70,0x1F,0x80,0x7F,0xF0,0x3F,0x00,0x7F,0xE0,0x1C,0x00,0x1F,0xC0,0x00,0x00,0x00,0x00,0x00,0x00,0x00,0x00},
    {0x00,0x00,0x00,0x00,0x00,0x00,0x00,0x00,0x00,0x00,0x00,0x00,0x00,0x00,0x00,0x00,0x00,0x01,0x80,0x00,0x00,0x01,0x80,0x00,0x00,0x01,0x80,0x00,0x00,0x01,0x80,0xC0,0x07,0xF3,0xFF,0xC0,0x07,0xFF,0xFF,0xC0,0x03,0xFF,0xF0,0x00,0x00,0x01,0x80,0x00,0x00,0x01,0x80,0x00,0x00,0x01,0x83,0x80,0x03,0xFF,0xFF,0xC0,0x03,0xFF,0xFF,0x80,0x00,0x01,0xC0,0x00,0x00,0x01,0x80,0x00,0x00,0x01,0xC0,0x00,0x00,0x01,0xC0,0x00,0x00,0xFF,0xC0,0x00,0x01,0xFF,0xF8,0x00,0x03,0xC1,0xFE,0x00,0x03,0x01,0xDF,0x00,0x07,0x01,0xC7,0xC0,0x03,0x83,0xC3,0xE0,0x03,0xFF,0x81,0xC0,0x01,0xFF,0x00,0x40,0x00,0x7C,0x00,0x00,0x00,0x00,0x00,0x00,0x00,0x00,0x00,0x00,0x00,0x00,0x00,0x00},
    {0x00,0x00,0x00,0x00,0x00,0x00,0x00,0x00,0x00,0x00,0x00,0x00,0x00,0x00,0x00,0x00,0x00,0x38,0x00,0x00,0x00,0x38,0x00,0x00,0x00,0x30,0x00,0x00,0x00,0x30,0x00,0x00,0x00,0x70,0x80,0x00,0x0F,0xFF,0x80,0x00,0x0F,0xFF,0x80,0x00,0x0F,0xF8,0x00,0x00,0x00,0x60,0x00,0x00,0x00,0xE1,0xFF,0xC0,0x00,0xE1,0xFF,0xC0,0x00,0xE1,0xE0,0x00,0x00,0xC0,0x00,0x00,0x01,0xC0,0x00,0x00,0x01,0xC0,0x00,0x00,0x01,0xC1,0x80,0x00,0x03,0x83,0x80,0x00,0x03,0x83,0x80,0x00,0x03,0x87,0x00,0x00,0x07,0x07,0x00,0x00,0x07,0x03,0x80,0x00,0x0F,0x03,0xFF,0xE0,0x0E,0x01,0xFF,0xF0,0x0E,0x00,0x7F,0xC0,0x04,0x00,0x00,0x00,0x00,0x00,0x00,0x00,0x00,0x00,0x00,0x00,0x00,0x00,0x00,0x00},
    {0x00,0x00,0x00,0x00,0x00,0x00,0x00,0x00,0x00,0x00,0x00,0x00,0x00,0x06,0x00,0x00,0x00,0x07,0x00,0x00,0x00,0x07,0x00,0x00,0x00,0x03,0x80,0x00,0x1F,0xFF,0xFF,0xF0,0x1F,0xFF,0xFF,0xF0,0x1C,0x00,0x00,0x70,0x1C,0x18,0x30,0x70,0x1C,0x38,0x3C,0x70,0x0C,0x78,0x1E,0x30,0x00,0xF0,0x0F,0x80,0x03,0xE0,0x03,0xC0,0x0F,0x80,0x01,0xE0,0x1F,0x00,0x00,0xF0,0x0C,0x00,0x00,0x60,0x03,0xFF,0xFF,0x80,0x03,0xFF,0xFF,0xC0,0x02,0x03,0x81,0x80,0x00,0x03,0x80,0x00,0x00,0x03,0x80,0x00,0x00,0x03,0x80,0x00,0x00,0x03,0x80,0x00,0x00,0x03,0x80,0x00,0x1C,0x03,0x80,0x70,0x1F,0xFF,0xFF,0xF0,0x1F,0xFF,0xFF,0xF0,0x00,0x00,0x00,0x00,0x00,0x00,0x00,0x00,0x00,0x00,0x00,0x00},
    {0x00,0x00,0x00,0x00,0x00,0x00,0x00,0x00,0x00,0x00,0x00,0x00,0x00,0x03,0x00,0x00,0x00,0x07,0x00,0x00,0x00,0x07,0x00,0x00,0x00,0x07,0x00,0x00,0x03,0xFF,0xFF,0x80,0x07,0xFF,0xFF,0xC0,0x07,0xFF,0xFF,0xC0,0x07,0x00,0x01,0xC0,0x07,0x00,0x01,0xC0,0x07,0x00,0x01,0xC0,0x07,0x00,0x01,0xC0,0x07,0x00,0x01,0xC0,0x07,0x00,0x01,0xC0,0x07,0xFF,0xFF,0xC0,0x07,0xFF,0xFF,0xC0,0x07,0xFF,0xFF,0xC0,0x07,0x00,0x01,0xC0,0x07,0x00,0x01,0xC0,0x07,0x00,0x01,0xC0,0x07,0x00,0x01,0xC0,0x07,0x00,0x01,0xC0,0x07,0x00,0x01,0xC0,0x07,0x00,0x01,0xC0,0x07,0xFF,0xFF,0xC0,0x07,0xFF,0xFF,0xC0,0x07,0x00,0x01,0xC0,0x03,0x00,0x01,0xC0,0x00,0x00,0x00,0x00,0x00,0x00,0x00,0x00},
    {0x00,0x00,0x00,0x00,0x00,0x00,0x00,0x00,0x00,0x00,0x00,0x00,0x00,0x00,0x00,0x20,0x00,0x00,0x00,0x70,0x00,0x00,0x03,0x30,0x00,0x20,0x13,0xB8,0x00,0x70,0x39,0x9C,0x00,0x70,0x39,0xDC,0x00,0x70,0x38,0xC0,0x00,0x70,0x38,0x80,0x00,0x70,0x18,0x00,0x00,0x60,0x1C,0x00,0x00,0xE0,0x1C,0x00,0x00,0xE0,0x1C,0x00,0x00,0xE0,0x0E,0x00,0x01,0xC0,0x0E,0x00,0x01,0xC0,0x0E,0x00,0x01,0xC0,0x07,0x00,0x03,0x80,0x07,0x00,0x03,0x80,0x03,0x80,0x07,0x80,0x03,0x80,0x0F,0x00,0x01,0xC0,0x0E,0x00,0x01,0xE0,0x1E,0x00,0x00,0xF0,0x3C,0x00,0x00,0x70,0x18,0x00,0x00,0x70,0x00,0x00,0x00,0x00,0x00,0x00,0x00,0x00,0x00,0x00,0x00,0x00,0x00,0x00,0x00,0x00,0x00,0x00,0x00,0x00},
    {0x00,0x00,0x00,0x00,0x00,0x00,0x00,0x00,0x00,0x00,0x00,0x20,0x00,0x00,0x00,0x70,0x00,0x00,0x03,0x38,0x00,0x80,0x03,0xB8,0x01,0xF0,0x01,0xDC,0x01,0xF8,0x01,0xCC,0x00,0x7E,0x00,0xE0,0x00,0x1F,0x00,0x40,0x00,0x06,0x00,0x00,0x00,0x00,0x00,0x60,0x02,0x00,0x00,0xE0,0x07,0x80,0x00,0xE0,0x07,0xE0,0x01,0xE0,0x01,0xF8,0x01,0xC0,0x00,0x7C,0x03,0x80,0x00,0x18,0x07,0x80,0x00,0x00,0x0F,0x00,0x00,0x00,0x1E,0x00,0x00,0x00,0x3C,0x00,0x00,0x00,0x78,0x00,0x00,0x01,0xF0,0x00,0x00,0x07,0xE0,0x00,0x00,0x3F,0x80,0x00,0x03,0xFE,0x00,0x00,0x07,0xF8,0x00,0x00,0x07,0xC0,0x00,0x00,0x00,0x00,0x00,0x00,0x00,0x00,0x00,0x00,0x00,0x00,0x00,0x00,0x00,0x00,0x00,0x00},
    {0x00,0x00,0x00,0x00,0x00,0x00,0x00,0x00,0x00,0x00,0x00,0x00,0x00,0x00,0x00,0x00,0x00,0x00,0x00,0x00,0x00,0x00,0x00,0x00,0x00,0x00,0x00,0x00,0x00,0x00,0x00,0x00,0x00,0x00,0x00,0x00,0x00,0x00,0x00,0x00,0x00,0x00,0x00,0x00,0x00,0x00,0x00,0x00,0x01,0xFF,0xFE,0x00,0x01,0xFF,0xFE,0x00,0x00,0x00,0x0E,0x00,0x00,0x00,0x06,0x00,0x00,0x00,0x06,0x00,0x00,0x00,0x06,0x00,0x00,0x00,0x0E,0x00,0x00,0xFF,0xFE,0x00,0x00,0xFF,0xFE,0x00,0x00,0x00,0x06,0x00,0x00,0x00,0x06,0x00,0x00,0x00,0x06,0x00,0x00,0x00,0x06,0x00,0x00,0x00,0x0E,0x00,0x01,0xFF,0xFE,0x00,0x01,0xFF,0xFE,0x00,0x00,0x00,0x06,0x00,0x00,0x00,0x04,0x00,0x00,0x00,0x00,0x00,0x00,0x00,0x00,0x00},
    {0x00,0x00,0x00,0x00,0x00,0x00,0x00,0x00,0x00,0x00,0x00,0x00,0x00,0x00,0x00,0x00,0x00,0x00,0x00,0x00,0x00,0x00,0x00,0x00,0x00,0x00,0x00,0x00,0x00,0x00,0x00,0x00,0x00,0x00,0x00,0x00,0x00,0x00,0x00,0x00,0x01,0x00,0x01,0x00,0x01,0xFF,0xFF,0x80,0x01,0xFF,0xFF,0x80,0x00,0x00,0x03,0x80,0x00,0x00,0x07,0x00,0x00,0x03,0x0E,0x00,0x00,0x03,0x3E,0x00,0x00,0x07,0xFC,0x00,0x00,0x07,0xF0,0x00,0x00,0x07,0x60,0x00,0x00,0x07,0x00,0x00,0x00,0x07,0x00,0x00,0x00,0x0E,0x00,0x00,0x00,0x1E,0x00,0x00,0x00,0x3C,0x00,0x00,0x00,0x78,0x00,0x00,0x01,0xF0,0x00,0x00,0x03,0xE0,0x00,0x00,0x01,0x80,0x00,0x00,0x00,0x00,0x00,0x00,0x00,0x00,0x00,0x00,0x00,0x00,0x00,0x00},
    {0x00,0x00,0x00,0x00,0x00,0x00,0x00,0x00,0x00,0x00,0x00,0x00,0x00,0x00,0x00,0x00,0x00,0x00,0x00,0x00,0x00,0x00,0x00,0x00,0x03,0xFF,0xFF,0x80,0x03,0xFF,0xFF,0x80,0x00,0x00,0x00,0x00,0x00,0x00,0x00,0x00,0x00,0x00,0x00,0x00,0x00,0x00,0x00,0x00,0x00,0x00,0x00,0x00,0x1F,0xFF,0xFF,0xF0,0x1F,0xFF,0xFF,0xF0,0x08,0x03,0xC0,0x20,0x00,0x03,0x80,0x00,0x00,0x03,0x80,0x00,0x00,0x03,0x80,0x00,0x00,0x03,0x80,0x00,0x00,0x07,0x00,0x00,0x00,0x07,0x00,0x00,0x00,0x0F,0x00,0x00,0x00,0x1E,0x00,0x00,0x00,0x3C,0x00,0x00,0x00,0x7C,0x00,0x00,0x03,0xF8,0x00,0x00,0x03,0xE0,0x00,0x00,0x01,0x80,0x00,0x00,0x00,0x00,0x00,0x00,0x00,0x00,0x00,0x00,0x00,0x00,0x00,0x00},
    {0x00,0x00,0x00,0x00,0x00,0x00,0x00,0x00,0x00,0x00,0x00,0x00,0x06,0x00,0x38,0x00,0x0F,0x00,0x38,0x00,0x07,0x80,0x38,0x00,0x03,0x8F,0xFF,0xF0,0x3F,0xFF,0xFF,0xF8,0x3F,0xF8,0x38,0x10,0x00,0x00,0x38,0x00,0x00,0x00,0x38,0x00,0x1F,0xEF,0xFF,0xE0,0x1F,0xEF,0xFF,0xE0,0x00,0x00,0x00,0x00,0x00,0x00,0x00,0x00,0x1F,0xFF,0xFF,0xF0,0x1F,0xFF,0xFF,0xF0,0x1F,0xEC,0x00,0x30,0x00,0x0C,0xC6,0x30,0x00,0x1C,0xC6,0x30,0x1F,0xE0,0xC6,0x00,0x1F,0xE0,0xC6,0x00,0x18,0x60,0xC6,0x00,0x18,0x61,0xC6,0x10,0x18,0x61,0xC6,0x38,0x18,0x63,0x86,0x38,0x1F,0xE7,0x86,0x38,0x1F,0xFF,0x07,0xF0,0x18,0x3E,0x07,0xF0,0x18,0x18,0x03,0xE0,0x00,0x00,0x00,0x00,0x00,0x00,0x00,0x00},
    {0x00,0x00,0x00,0x00,0x00,0x00,0x00,0x00,0x00,0x00,0x00,0x00,0x00,0x00,0xC0,0x00,0x0C,0x01,0xE0,0x00,0x1E,0x00,0xE0,0x00,0x0F,0x00,0x70,0x00,0x07,0x80,0x30,0x00,0x03,0x80,0x38,0x00,0x01,0xC0,0x38,0x00,0x00,0x80,0x38,0x00,0x00,0x00,0x78,0x00,0x00,0x00,0x7C,0x00,0x00,0x00,0x7C,0x00,0x1F,0x80,0xEC,0x00,0x3F,0x80,0xCE,0x00,0x13,0x81,0xC6,0x00,0x03,0x83,0x87,0x00,0x03,0x83,0x83,0x80,0x03,0x87,0x03,0x80,0x03,0x8F,0x01,0xC0,0x03,0x9E,0x01,0xE0,0x03,0xBC,0x00,0xF8,0x03,0xB8,0x00,0x78,0x07,0xC0,0x00,0x30,0x1F,0xE0,0x00,0x00,0x3C,0xFC,0x00,0x38,0x38,0x7F,0xFF,0xF8,0x10,0x1F,0xFF,0xF8,0x00,0x00,0x00,0x00,0x00,0x00,0x00,0x00,0x00,0x00,0x00,0x00},
    {0x00,0x00,0x00,0x00,0x00,0x00,0x00,0x00,0x00,0x00,0x00,0x00,0x00,0x00,0x00,0x00,0x1F,0xFF,0xFF,0xF0,0x3F,0xFF,0xFF,0xF8,0x3F,0xFF,0xFF,0xF8,0x00,0x03,0x80,0x00,0x00,0x03,0x80,0x00,0x07,0xFF,0xFF,0xC0,0x07,0xFF,0xFF,0xC0,0x07,0x03,0x80,0xC0,0x07,0x03,0x80,0xC0,0x07,0x03,0x81,0xC0,0x07,0xFF,0xFF,0xC0,0x07,0xFF,0xFF,0xC0,0x07,0x03,0x80,0xC0,0x07,0x03,0x80,0xC0,0x07,0xFF,0xFF,0xC0,0x07,0xFF,0xFF,0xC0,0x03,0xFF,0xFF,0xC0,0x00,0xE7,0x00,0x00,0x00,0xF7,0x00,0x00,0x00,0x7E,0x00,0x00,0x00,0x3E,0x00,0x00,0x00,0x3F,0x80,0x00,0x00,0xFF,0xF0,0x00,0x03,0xE1,0xFF,0xF8,0x3F,0xC0,0x3F,0xF8,0x1F,0x00,0x03,0xF0,0x10,0x00,0x00,0x00,0x00,0x00,0x00,0x00},
    {0x00,0x00,0x00,0x00,0x00,0x00,0x00,0x00,0x00,0x00,0x00,0x00,0x01,0x80,0x00,0x20,0x01,0xC0,0x00,0xF0,0x00,0xE0,0x0F,0xF0,0x1F,0xFF,0x7F,0xC0,0x1F,0xFE,0x7C,0x00,0x0E,0x1C,0x60,0x00,0x06,0x1C,0x60,0x00,0x07,0x18,0x60,0x00,0x03,0x38,0x60,0x00,0x03,0x38,0x7F,0xF8,0x3F,0xFF,0x7F,0xF8,0x3F,0xFF,0x7F,0xF8,0x00,0xC0,0x61,0xC0,0x00,0xC0,0x61,0xC0,0x1F,0xFF,0x61,0xC0,0x3F,0xFF,0xE1,0xC0,0x3F,0xFF,0xE1,0xC0,0x00,0xC0,0xE1,0xC0,0x0E,0xDC,0xE1,0xC0,0x0E,0xCC,0xC1,0xC0,0x1C,0xCF,0xC1,0xC0,0x1C,0xC7,0xC1,0xC0,0x38,0xC7,0xC1,0xC0,0x38,0xC3,0x81,0xC0,0x32,0xC3,0x81,0xC0,0x07,0xC7,0x01,0xC0,0x03,0xC3,0x01,0xC0,0x00,0x00,0x00,0x00,0x00,0x00,0x00,0x00},
    {0x00,0x00,0x00,0x00,0x00,0x00,0x00,0x00,0x00,0x00,0x00,0x00,0x00,0x40,0x00,0x00,0x00,0xE0,0x00,0x00,0x00,0xE0,0xFF,0xE0,0x00,0xE0,0xFF,0xE0,0x0C,0xE6,0x00,0xE0,0x1F,0xFE,0x00,0x60,0x0F,0xFE,0x00,0x60,0x00,0xE0,0x00,0x60,0x00,0xE0,0x00,0x60,0x00,0xE0,0x00,0xE0,0x3F,0xFF,0xFF,0xE0,0x3F,0xFF,0xFF,0xE0,0x00,0xE0,0xE0,0x00,0x04,0x60,0x60,0x00,0x0E,0x60,0x60,0x00,0x0E,0x60,0x60,0x30,0x0C,0x7F,0x60,0x38,0x0C,0x7E,0x60,0x38,0x0E,0x60,0x60,0x38,0x0E,0x60,0x60,0x30,0x1F,0xE0,0x7F,0xF0,0x1F,0xE0,0x7F,0xF0,0x19,0xE0,0x00,0x00,0x38,0xF8,0x00,0x00,0x38,0x7F,0xFF,0xF8,0x30,0x0F,0xFF,0xF8,0x10,0x00,0x00,0x00,0x00,0x00,0x00,0x00,0x00,0x00,0x00,0x00},
    {0x00,0x00,0x00,0x00,0x00,0x00,0x00,0x00,0x00,0x00,0x00,0x00,0x00,0x00,0x00,0x00,0x00,0x0F,0x0E,0x00,0x1F,0xFF,0x0E,0x00,0x1F,0xF8,0x0E,0x00,0x0C,0x60,0x0E,0x00,0x10,0xF0,0x0E,0x00,0x3F,0xFF,0x8E,0x00,0x1F,0xFF,0xFF,0xF0,0x00,0x60,0x7F,0xF0,0x1F,0xFF,0x8E,0x30,0x1F,0xFF,0x8E,0x30,0x1C,0x63,0x8E,0x30,0x1F,0xFF,0x8C,0x30,0x1F,0xFF,0x8C,0x30,0x1C,0x63,0x8C,0x30,0x1C,0x63,0x8C,0x30,0x1F,0xFF,0x9C,0x70,0x0F,0xFF,0x9C,0x70,0x00,0x60,0x1C,0x70,0x1F,0xFF,0x98,0x70,0x1F,0xFF,0xB8,0x70,0x10,0xF0,0x38,0x60,0x00,0x67,0xF0,0x60,0x1F,0xFF,0xF0,0x60,0x3F,0xFF,0xEF,0xE0,0x3E,0x01,0xCF,0xC0,0x00,0x00,0x83,0x00,0x00,0x00,0x00,0x00,0x00,0x00,0x00,0x00},
    {0x00,0x00,0x00,0x00,0x00,0x00,0x00,0x00,0x00,0x00,0x00,0x00,0x00,0x00,0x00,0x00,0x00,0x00,0x00,0x00,0x00,0x60,0x0C,0x00,0x00,0x60,0x0C,0x00,0x00,0x60,0x0C,0x00,0x00,0x60,0x0C,0x00,0x00,0x60,0x0C,0x00,0x1F,0xFF,0xFF,0xF0,0x1F,0xFF,0xFF,0xF0,0x1F,0xFF,0xFF,0xF0,0x00,0x60,0x0C,0x00,0x00,0x60,0x0C,0x00,0x00,0x60,0x0C,0x00,0x00,0x60,0x1C,0x00,0x00,0x60,0x1C,0x00,0x00,0x60,0x1C,0x00,0x00,0x60,0x1C,0x00,0x00,0x00,0x1C,0x00,0x00,0x00,0x38,0x00,0x00,0x00,0x78,0x00,0x00,0x00,0xF0,0x00,0x00,0x01,0xE0,0x00,0x00,0x07,0xE0,0x00,0x00,0x1F,0x80,0x00,0x00,0x1F,0x00,0x00,0x00,0x0C,0x00,0x00,0x00,0x00,0x00,0x00,0x00,0x00,0x00,0x00,0x00,0x00,0x00,0x00},
    {0x00,0x00,0x00,0x00,0x00,0x00,0x00,0x00,0x00,0x00,0x00,0x00,0x00,0x00,0x00,0x00,0x00,0x00,0x00,0x00,0x00,0x30,0x00,0x00,0x00,0x30,0x00,0x00,0x00,0x30,0x00,0x00,0x00,0x30,0x00,0x00,0x00,0x30,0x00,0x00,0x00,0x30,0x07,0xE0,0x00,0x3B,0xFF,0xE0,0x03,0xFF,0xFF,0xE0,0x1F,0xFF,0xC1,0xC0,0x1F,0xF0,0x03,0xC0,0x00,0x30,0x07,0x80,0x00,0x30,0x0F,0x00,0x00,0x30,0x1E,0x00,0x00,0x30,0x7C,0x00,0x00,0x30,0x38,0x00,0x00,0x30,0x10,0x00,0x00,0x30,0x00,0x00,0x00,0x30,0x00,0x00,0x00,0x38,0x00,0x00,0x00,0x38,0x01,0xC0,0x00,0x3F,0xFF,0xC0,0x00,0x1F,0xFF,0xC0,0x00,0x03,0xF8,0x00,0x00,0x00,0x00,0x00,0x00,0x00,0x00,0x00,0x00,0x00,0x00,0x00,0x00,0x00,0x00,0x00},
    {0x00,0x00,0x00,0x00,0x00,0x00,0x00,0x00,0x00,0x00,0x00,0x00,0x00,0x80,0x20,0x00,0x01,0xC0,0x70,0x00,0x01,0xC0,0x70,0x00,0x01,0xFF,0xFF,0xF8,0x03,0xBF,0xFF,0xF0,0x03,0x80,0x00,0x00,0x03,0x0F,0xFF,0xC0,0x07,0x0F,0xFF,0xC0,0x0F,0x0C,0x00,0xC0,0x0F,0x0C,0x00,0xC0,0x1F,0x0F,0xFF,0xC0,0x1F,0x0F,0xFF,0xC0,0x3F,0x00,0x00,0x00,0x77,0x7F,0xFF,0xF0,0x37,0x7F,0xFF,0xF8,0x07,0x7F,0xFF,0xF8,0x07,0x60,0x00,0x38,0x07,0x7F,0xFF,0xF8,0x07,0x1F,0xFF,0xC0,0x07,0x08,0x38,0x00,0x07,0x00,0x30,0x00,0x07,0x00,0x30,0x00,0x07,0x00,0x30,0x00,0x07,0x00,0x30,0x00,0x07,0x03,0xF0,0x00,0x07,0x03,0xF0,0x00,0x07,0x03,0xE0,0x00,0x00,0x00,0x00,0x00,0x00,0x00,0x00,0x00},
    {0x00,0x00,0x00,0x00,0x00,0x00,0x00,0x00,0x00,0x00,0x00,0x00,0x00,0x00,0x00,0x00,0x00,0x01,0xC0,0x00,0x00,0x01,0xC0,0x00,0x00,0x01,0xC0,0x00,0x00,0x01,0xC0,0x00,0x00,0x01,0xC0,0x00,0x01,0xC1,0xC0,0x00,0x01,0xC1,0xC0,0x00,0x01,0xC1,0xC0,0x00,0x01,0xC1,0xC0,0x00,0x01,0xC1,0xFF,0xC0,0x01,0xC1,0xFF,0xE0,0x01,0xC1,0xFF,0xE0,0x01,0xC1,0xC0,0x00,0x01,0xC1,0xC0,0x00,0x01,0xC1,0xC0,0x00,0x01,0xC1,0xC0,0x00,0x01,0xC1,0xC0,0x00,0x01,0xC1,0xC0,0x00,0x01,0xC1,0xC0,0x00,0x01,0xC1,0xC0,0x00,0x01,0xC1,0xC0,0x00,0x01,0xC1,0xC0,0x00,0x1F,0xFF,0xFF,0xF8,0x3F,0xFF,0xFF,0xF8,0x3F,0xFF,0xFF,0xF0,0x00,0x00,0x00,0x00,0x00,0x00,0x00,0x00,0x00,0x00,0x00,0x00},
    {0x00,0x00,0x00,0x00,0x00,0x00,0x00,0x00,0x00,0x00,0x00,0x00,0x00,0x0C,0x0C,0x00,0x1F,0xFE,0x0C,0x00,0x1F,0xFE,0x0C,0x30,0x1C,0x7E,0x0C,0xF0,0x1C,0xEF,0xFF,0xE0,0x1C,0xEF,0xFF,0x80,0x1C,0xCE,0x0E,0x00,0x1D,0xCE,0x0C,0x18,0x1D,0x8E,0x0C,0x18,0x1F,0x8E,0xFC,0x38,0x1F,0x8F,0xFF,0xF8,0x1D,0xCF,0xAF,0xF0,0x1C,0xC8,0x38,0x00,0x1C,0xE0,0x70,0x00,0x1C,0x67,0xFF,0xE0,0x1C,0x67,0xFF,0xE0,0x1C,0x66,0x00,0x60,0x1C,0x66,0x00,0x60,0x1F,0xE6,0x00,0xE0,0x1F,0xE7,0xFF,0xE0,0x1F,0xC7,0xFF,0xE0,0x1C,0x06,0x00,0x60,0x1C,0x06,0x00,0x60,0x1C,0x06,0x00,0xE0,0x1C,0x07,0xFF,0xE0,0x1C,0x07,0xFF,0xE0,0x1C,0x06,0x00,0x60,0x00,0x00,0x00,0x00,0x00,0x00,0x00,0x00},
    {0x00,0x00,0x00,0x00,0x00,0x00,0x00,0x00,0x00,0x00,0x00,0x00,0x00,0x00,0x00,0x00,0x07,0xFF,0xFF,0xE0,0x07,0xFF,0xFF,0xE0,0x06,0x00,0x00,0x60,0x06,0x00,0x00,0x60,0x07,0xFF,0xFF,0xE0,0x07,0xFF,0xFF,0xE0,0x06,0x0E,0x0E,0x00,0x06,0x0E,0x0C,0x00,0x06,0xFF,0xFF,0xE0,0x06,0xFF,0xFF,0xE0,0x06,0xEC,0xE7,0x60,0x06,0xEE,0xEE,0x60,0x06,0xE7,0xFE,0x60,0x06,0xE6,0xEC,0xE0,0x0E,0xFF,0xFF,0xE0,0x0E,0x7F,0xFF,0xE0,0x0E,0x00,0x00,0x00,0x0E,0x3F,0xFF,0xC0,0x0C,0x3F,0xFF,0xC0,0x0C,0x30,0x01,0x80,0x1C,0x3F,0xFF,0x80,0x1C,0x3F,0xFF,0x80,0x18,0x30,0x01,0x80,0x38,0x3F,0xFF,0x80,0x38,0x3F,0xFF,0xC0,0x10,0x70,0x01,0xC0,0x00,0x00,0x00,0x00,0x00,0x00,0x00,0x00},
    {0x00,0x00,0x00,0x00,0x00,0x00,0x00,0x00,0x00,0x00,0x00,0x00,0x01,0x00,0x00,0x00,0x01,0x80,0x00,0x00,0x03,0x87,0xFF,0xE0,0x03,0x07,0xFF,0xE0,0x03,0x11,0xC0,0xE0,0x07,0x38,0xC1,0xC0,0x06,0x38,0xE3,0x80,0x0E,0x70,0x77,0x00,0x0C,0x60,0x3E,0x00,0x1F,0xE0,0x3E,0x00,0x1F,0xC0,0x7F,0x80,0x11,0xC1,0xF7,0xE0,0x03,0xBF,0xC1,0xF8,0x03,0x3F,0x1C,0x78,0x07,0x3C,0x1C,0x10,0x0F,0xF8,0x1C,0x00,0x1F,0xFC,0x1C,0x00,0x1F,0x8F,0xFF,0xE0,0x00,0x1B,0xFF,0xF0,0x0D,0xB8,0x1C,0x00,0x0D,0xD8,0x1C,0x00,0x0D,0xD8,0x1C,0x00,0x1C,0xDC,0x1C,0x00,0x1C,0xCC,0x1C,0x00,0x18,0xCF,0xFF,0xF8,0x38,0x0F,0xFF,0xF8,0x18,0x00,0x00,0x00,0x00,0x00,0x00,0x00,0x00,0x00,0x00,0x00},
    {0x00,0x00,0x00,0x00,0x00,0x00,0x00,0x00,0x00,0x00,0x00,0x00,0x00,0x00,0x00,0x00,0x18,0x07,0xFF,0x80,0x1C,0x07,0xFF,0xC0,0x1E,0x06,0x01,0xC0,0x0F,0x06,0x01,0xC0,0x07,0x07,0xF9,0xC0,0x03,0x87,0xF9,0xC0,0x03,0x06,0x39,0xC0,0x00,0x06,0x19,0xC0,0x00,0x0E,0x39,0xC0,0x00,0x3F,0xFF,0xF0,0x01,0x3F,0xFF,0xF0,0x3F,0x38,0x00,0x70,0x3F,0x39,0xFE,0x70,0x03,0x39,0xFE,0x70,0x03,0x39,0x86,0x70,0x03,0x39,0x86,0x70,0x03,0x39,0x86,0x70,0x03,0x39,0xFE,0x70,0x03,0x39,0xFE,0x70,0x03,0x38,0x03,0xF0,0x07,0xB8,0x03,0xF0,0x0F,0xF0,0x03,0xC0,0x1F,0xF0,0x00,0x00,0x38,0xFF,0xFF,0xF8,0x30,0x3F,0xFF,0xF8,0x00,0x00,0x00,0x00,0x00,0x00,0x00,0x00,0x00,0x00,0x00,0x00},
    {0x00,0x00,0x00,0x00,0x00,0x00,0x00,0x00,0x00,0x00,0x00,0x00,0x00,0x00,0x00,0x00,0x00,0x00,0x00,0x00,0x00,0x60,0xE0,0x00,0x00,0x60,0xE0,0x00,0x00,0x60,0xE0,0x00,0x00,0x60,0xE0,0x00,0x00,0x60,0xE0,0x00,0x00,0x60,0xC0,0x00,0x00,0x60,0xC0,0x00,0x00,0xE0,0xC0,0x00,0x00,0xE0,0xC0,0x00,0x00,0xE0,0xC0,0x00,0x00,0xE0,0xC0,0x00,0x00,0xE0,0xC0,0x30,0x00,0xE0,0xC0,0x38,0x00,0xE0,0xC0,0x78,0x01,0xC0,0xC0,0x70,0x01,0xC0,0xC0,0xF0,0x03,0xC0,0xC1,0xE0,0x03,0x80,0xC3,0xC0,0x07,0x80,0xC7,0x80,0x0F,0x00,0xFF,0x00,0x1F,0x00,0xFE,0x00,0x1E,0x00,0xFC,0x00,0x1C,0x00,0xF0,0x00,0x08,0x00,0x00,0x00,0x00,0x00,0x00,0x00,0x00,0x00,0x00,0x00,0x00,0x00,0x00,0x00},
    {0x00,0x00,0x00,0x00,0x00,0x00,0x00,0x00,0x00,0x00,0x00,0x00,0x00,0x00,0x00,0x00,0x03,0x00,0x18,0x00,0x03,0x00,0x18,0x00,0x03,0x06,0x18,0x00,0x03,0x06,0x18,0x00,0x03,0x06,0x18,0x00,0x03,0x06,0x18,0x70,0x03,0x06,0x1B,0xF0,0x3F,0xE6,0x1F,0xF0,0x3F,0xE7,0xFF,0x70,0x17,0x87,0xF8,0x70,0x03,0x3F,0xD8,0x70,0x03,0x7E,0x18,0x70,0x03,0x36,0x18,0x70,0x03,0x06,0x18,0x60,0x03,0x06,0x18,0x60,0x03,0x06,0x1B,0xE0,0x03,0x26,0x1B,0xE0,0x03,0xF6,0x1B,0x80,0x03,0xF6,0x18,0x10,0x0F,0xC6,0x18,0x18,0x3F,0x06,0x00,0x38,0x3C,0x06,0x00,0x38,0x00,0x07,0x00,0x38,0x00,0x07,0xFF,0xF0,0x00,0x03,0xFF,0xE0,0x00,0x00,0x00,0x00,0x00,0x00,0x00,0x00,0x00,0x00,0x00,0x00},
    {0x00,0x00,0x00,0x00,0x00,0x00,0x00,0x00,0x00,0x00,0x00,0x00,0x00,0x00,0x0C,0x00,0x07,0x00,0x0F,0xC0,0x07,0x00,0x0F,0xE0,0x07,0x00,0x0C,0x70,0x07,0x00,0x0C,0x20,0x07,0x3F,0xFF,0xF0,0x07,0x3F,0xFF,0xF0,0x07,0x20,0x0E,0x10,0x3F,0xE0,0x0E,0x00,0x3F,0xEF,0xEE,0x00,0x17,0x1F,0xEE,0x70,0x07,0x1C,0xEE,0x70,0x07,0x1C,0x66,0x60,0x07,0x1C,0x66,0xE0,0x07,0x1C,0x67,0xC0,0x07,0x1C,0x67,0xC0,0x07,0x1F,0xE7,0xC0,0x07,0x6F,0xE7,0x80,0x07,0xE0,0x03,0x80,0x07,0xC0,0xF7,0x80,0x3F,0x9F,0xFF,0x98,0x3E,0x7F,0x9F,0x98,0x30,0x78,0x3D,0xD8,0x00,0x00,0x79,0xF8,0x00,0x01,0xF0,0xF8,0x00,0x01,0xC0,0x78,0x00,0x00,0x80,0x30,0x00,0x00,0x00,0x00,0x00,0x00,0x00,0x00},
    {0x00,0x00,0x00,0x00,0x00,0x00,0x00,0x00,0x00,0x00,0x00,0x00,0x00,0x00,0x00,0x00,0x00,0x0E,0x00,0x00,0x00,0x0E,0x00,0x00,0x00,0x0E,0x00,0x00,0x00,0x1E,0x3F,0x00,0x07,0xFF,0xFF,0x00,0x07,0xFF,0xFC,0x00,0x00,0x38,0x00,0x00,0x00,0x70,0x00,0x00,0x00,0x70,0x00,0x00,0x00,0xFF,0x80,0x40,0x01,0xFF,0xC3,0xC0,0x03,0xF1,0xFF,0xE0,0x03,0xE0,0xFF,0x00,0x07,0x81,0xF8,0x00,0x0F,0x07,0xE0,0x00,0x0E,0x0F,0xE0,0x00,0x00,0x3E,0x60,0x00,0x00,0x38,0xE0,0x00,0x00,0x70,0xE0,0x00,0x00,0x70,0xE0,0x00,0x00,0x70,0x00,0x00,0x00,0x78,0x01,0x80,0x00,0x3F,0xFF,0x80,0x00,0x1F,0xFF,0xC0,0x00,0x03,0xF0,0x00,0x00,0x00,0x00,0x00,0x00,0x00,0x00,0x00,0x00,0x00,0x00,0x00},
    {0x00,0x00,0x00,0x00,0x00,0x00,0x00,0x00,0x00,0x00,0x00,0x00,0x00,0x00,0x00,0x00,0x00,0x00,0x00,0x00,0x03,0xFF,0xFF,0x80,0x03,0xFF,0xFF,0x80,0x03,0x80,0x03,0x80,0x03,0x00,0x01,0x80,0x03,0x00,0x01,0x80,0x03,0x00,0x01,0x80,0x03,0x00,0x01,0x80,0x03,0x00,0x01,0x80,0x03,0x00,0x01,0x80,0x03,0x00,0x01,0x80,0x03,0xFF,0xFF,0x80,0x03,0xFF,0xFF,0x80,0x03,0x80,0x01,0x80,0x03,0x00,0x01,0x80,0x03,0x00,0x01,0x80,0x03,0x00,0x01,0x80,0x03,0x00,0x01,0x80,0x03,0x00,0x01,0x80,0x03,0x00,0x01,0x80,0x03,0x00,0x01,0x80,0x03,0x80,0x03,0x80,0x03,0xFF,0xFF,0x80,0x03,0xFF,0xFF,0x80,0x03,0x00,0x01,0x80,0x03,0x00,0x01,0x80,0x00,0x00,0x00,0x00,0x00,0x00,0x00,0x00},
    {0x00,0x00,0x00,0x00,0x00,0x00,0x00,0x00,0x00,0x00,0x00,0x00,0x00,0x00,0x00,0x00,0x00,0x00,0x00,0x00,0x01,0xFF,0xFF,0x80,0x01,0xFF,0xFF,0x80,0x01,0xC0,0x03,0x80,0x01,0xC0,0x03,0x80,0x01,0xC0,0x03,0x80,0x01,0xC0,0x03,0x80,0x01,0xFF,0xFF,0x80,0x01,0xFF,0xFF,0x80,0x01,0xFF,0xFF,0x80,0x01,0xC0,0x03,0x80,0x01,0xC0,0x03,0x80,0x01,0xC0,0x03,0x80,0x01,0xC0,0x03,0x80,0x01,0xFF,0xFF,0x80,0x01,0xFF,0xFF,0x80,0x01,0xFF,0xFF,0x80,0x03,0x80,0x03,0x80,0x03,0x80,0x03,0x80,0x03,0x80,0x03,0x80,0x07,0x00,0x03,0x80,0x07,0x00,0x03,0x80,0x0E,0x00,0x03,0x80,0x1E,0x00,0x7F,0x80,0x1C,0x00,0x7F,0x00,0x08,0x00,0x3E,0x00,0x00,0x00,0x00,0x00,0x00,0x00,0x00,0x00},
    {0x00,0x00,0x00,0x00,0x00,0x00,0x00,0x00,0x00,0x00,0x00,0x00,0x00,0x00,0x00,0x00,0x00,0x03,0x80,0x00,0x00,0x03,0x80,0x00,0x00,0x03,0x80,0x00,0x00,0x03,0x80,0x00,0x00,0x03,0x80,0x00,0x01,0xC3,0x80,0xE0,0x01,0xC3,0x80,0xE0,0x01,0x83,0x81,0xC0,0x03,0x83,0x83,0xC0,0x03,0x83,0x83,0x80,0x07,0x03,0x87,0x00,0x07,0x07,0xCF,0x00,0x0E,0x07,0xCE,0x00,0x0E,0x07,0xC4,0x00,0x04,0x0E,0xE0,0x00,0x00,0x0E,0xE0,0x00,0x00,0x1C,0x70,0x00,0x00,0x1C,0x78,0x00,0x00,0x38,0x3C,0x00,0x00,0x78,0x1E,0x00,0x00,0xF0,0x1F,0x00,0x03,0xE0,0x0F,0x80,0x07,0xC0,0x07,0xC0,0x1F,0x80,0x01,0xF0,0x1E,0x00,0x00,0xF8,0x18,0x00,0x00,0x30,0x00,0x00,0x00,0x00,0x00,0x00,0x00,0x00},
    {0x00,0x00,0x00,0x00,0x00,0x00,0x00,0x00,0x00,0x00,0x00,0x00,0x00,0x00,0x00,0x00,0x00,0x03,0x80,0x00,0x00,0x03,0x80,0x00,0x00,0x03,0x80,0x00,0x00,0x03,0x80,0x00,0x00,0x03,0x80,0xC0,0x00,0x03,0x80,0xE0,0x00,0x03,0x81,0xE0,0x1F,0xFB,0xC3,0xC0,0x1F,0xFB,0xC7,0x80,0x00,0x3B,0xEF,0x00,0x00,0x3B,0xFE,0x00,0x00,0x73,0xFC,0x00,0x00,0x73,0xF8,0x00,0x00,0xE3,0xB8,0x00,0x00,0xE3,0x9C,0x00,0x01,0xC3,0x9E,0x00,0x03,0xC3,0x8F,0x00,0x03,0x83,0x87,0x80,0x07,0x03,0x83,0xC0,0x1F,0x03,0x81,0xF0,0x3E,0x03,0x80,0xF8,0x3C,0x03,0x80,0x78,0x10,0x03,0x80,0x10,0x00,0x3F,0x80,0x00,0x00,0x3F,0x80,0x00,0x00,0x0E,0x00,0x00,0x00,0x00,0x00,0x00,0x00,0x00,0x00,0x00},
    {0x00,0x00,0x00,0x00,0x00,0x00,0x00,0x00,0x00,0x00,0x00,0x00,0x00,0x00,0x00,0x00,0x00,0x03,0x80,0x00,0x00,0x03,0x80,0x00,0x00,0x03,0x80,0x00,0x00,0x03,0x80,0x00,0x00,0x03,0x80,0x00,0x1F,0xFF,0xFF,0xF0,0x1F,0xFF,0xFF,0xF0,0x1F,0xFF,0xFF,0xF0,0x00,0x07,0xC0,0x00,0x00,0x0F,0xC0,0x00,0x00,0x0F,0xE0,0x00,0x00,0x1F,0xF0,0x00,0x00,0x3B,0xF8,0x00,0x00,0x7B,0xB8,0x00,0x00,0xF3,0x9C,0x00,0x01,0xE3,0x8E,0x00,0x03,0xC3,0x8F,0x80,0x07,0x83,0x87,0xC0,0x0F,0x03,0x81,0xE0,0x3E,0x03,0x80,0xF8,0x3C,0x03,0x80,0x78,0x18,0x03,0x80,0x30,0x00,0x03,0x80,0x00,0x00,0x03,0x80,0x00,0x00,0x03,0x80,0x00,0x00,0x03,0x80,0x00,0x00,0x00,0x00,0x00,0x00,0x00,0x00,0x00},
    {0x00,0x00,0x00,0x00,0x00,0x00,0x00,0x00,0x00,0x00,0x00,0x00,0x00,0x03,0x80,0x00,0x00,0x07,0x80,0x00,0x00,0x0F,0xC0,0x00,0x00,0x0F,0xE0,0x00,0x00,0x1C,0xF0,0x00,0x00,0x78,0x78,0x00,0x00,0xF0,0x3E,0x00,0x01,0xE0,0x0F,0x00,0x07,0xC0,0x07,0xC0,0x1F,0xFF,0xFF,0xF0,0x3E,0xFF,0xFE,0xF8,0x18,0x03,0x00,0x30,0x00,0x03,0x00,0x00,0x00,0x03,0x00,0x00,0x0F,0xFF,0xFF,0xE0,0x0F,0xFF,0xFF,0xE0,0x0F,0xFF,0xFF,0xE0,0x01,0x83,0x03,0x00,0x01,0xC3,0x07,0x00,0x01,0xC3,0x07,0x00,0x00,0xE3,0x0E,0x00,0x00,0xE3,0x0E,0x00,0x00,0x63,0x1C,0x00,0x00,0x43,0x9C,0x00,0x1F,0xFF,0xFF,0xF0,0x1F,0xFF,0xFF,0xF0,0x00,0x00,0x00,0x00,0x00,0x00,0x00,0x00,0x00,0x00,0x00,0x00},
    {0x00,0x00,0x00,0x00,0x00,0x00,0x00,0x00,0x00,0x00,0x00,0x00,0x00,0x00,0x00,0x00,0x00,0x03,0x80,0x00,0x00,0x03,0x80,0x00,0x00,0x03,0x80,0x00,0x00,0x03,0x80,0x00,0x00,0x03,0x80,0x00,0x00,0x03,0x80,0x00,0x00,0x03,0x80,0x00,0x00,0x03,0x80,0x00,0x00,0x03,0x80,0x00,0x07,0xFF,0xFF,0xC0,0x07,0xFF,0xFF,0xC0,0x00,0x03,0x80,0x00,0x00,0x03,0x80,0x00,0x00,0x03,0x80,0x00,0x00,0x03,0x80,0x00,0x00,0x03,0x80,0x00,0x00,0x03,0x80,0x00,0x00,0x03,0x80,0x00,0x00,0x03,0x80,0x00,0x00,0x03,0x80,0x00,0x00,0x03,0x80,0x00,0x00,0x03,0x80,0x00,0x1F,0xFF,0xFF,0xF8,0x3F,0xFF,0xFF,0xF8,0x3F,0xFF,0xFF,0xF0,0x00,0x00,0x00,0x00,0x00,0x00,0x00,0x00,0x00,0x00,0x00,0x00},
    {0x00,0x00,0x00,0x00,0x00,0x00,0x00,0x00,0x00,0x00,0x00,0x00,0x00,0x03,0x00,0x00,0x00,0x03,0x80,0x00,0x00,0x03,0x80,0x00,0x00,0x03,0x80,0x00,0x00,0x03,0x00,0x00,0x1F,0xFF,0xFF,0xF0,0x1F,0xFF,0xFF,0xF0,0x1F,0xFF,0xFF,0xF0,0x00,0x07,0xC0,0x00,0x00,0x0F,0xE0,0x00,0x00,0x1F,0xE0,0x00,0x00,0x1B,0x70,0x00,0x00,0x3B,0x38,0x00,0x00,0x73,0x3C,0x00,0x00,0xF3,0x1E,0x00,0x01,0xE3,0x0F,0x00,0x03,0xC3,0x07,0x80,0x07,0x83,0x03,0xC0,0x0F,0x03,0x83,0xE0,0x3E,0xFF,0xFC,0xF8,0x3C,0xFF,0xFC,0x78,0x18,0x03,0x80,0x30,0x00,0x03,0x00,0x00,0x00,0x03,0x80,0x00,0x00,0x03,0x80,0x00,0x00,0x03,0x80,0x00,0x00,0x03,0x80,0x00,0x00,0x00,0x00,0x00,0x00,0x00,0x00,0x00},
    {0x00,0x00,0x00,0x00,0x00,0x00,0x00,0x00,0x00,0x00,0x00,0x00,0x00,0x60,0x00,0x00,0x00,0x70,0x00,0x00,0x00,0xE0,0x00,0x00,0x00,0xE0,0x00,0x00,0x01,0xFF,0xFF,0xE0,0x01,0xFF,0xFF,0xE0,0x03,0x80,0xC0,0x00,0x07,0x00,0xC0,0x00,0x0F,0x00,0xC0,0x00,0x1E,0x00,0xC0,0x00,0x1C,0xFF,0xFF,0xC0,0x09,0xFF,0xFF,0xC0,0x01,0xC1,0xC0,0x00,0x01,0xC0,0xC0,0x00,0x01,0xC0,0xC0,0x00,0x01,0xC0,0xC0,0x00,0x01,0xC0,0xC0,0x00,0x3F,0xFF,0xFF,0xF0,0x3F,0xFF,0xFF,0xF0,0x1F,0xFF,0xFF,0xF0,0x00,0x00,0xC0,0x00,0x00,0x00,0xC0,0x00,0x00,0x00,0xC0,0x00,0x00,0x00,0xC0,0x00,0x00,0x00,0xC0,0x00,0x00,0x00,0xC0,0x00,0x00,0x00,0xC0,0x00,0x00,0x00,0x00,0x00,0x00,0x00,0x00,0x00},
};

const display_cjk_font_t font_ja = {
    .glyphs = ja_glyphs,
    .glyphs_2x = ja_glyphs_2x,
    .count = sizeof(ja_glyphs) / sizeof(ja_glyphs[0]),
    .glyph_width = 16,
};
static const uint8_t zh_glyphs[][DISPLAY_CJK_GLYPH_BYTES] = {
    {0x00,0x00,0x10,0x00,0x18,0xF8,0x0C,0x98,0x01,0x98,0x03,0x1C,0x3A,0x00,0x1B,0xF8,0x19,0x98,0x18,0xD0,0x18,0x70,0x1E,0xF0,0x1F,0xDC,0x03,0x04,0x00,0x00,0x00,0x00},
    {0x00,0x00,0x00,0x00,0x3F,0xFC,0x3F,0xFC,0x1F,0xF8,0x3F,0xFC,0x0F,0xF0,0x0F,0xF0,0x0F,0xF0,0x0F,0xF0,0x0F,0xF0,0x0F,0xF0,0x3F,0xFC,0x00,0x00,0x00,0x00,0x00,0x00},
    {0x00,0x00,0x00,0x18,0x3C,0x18,0x24,0x18,0x27,0xFC,0x27,0xFC,0x3C,0x18,0x3D,0x98,0x24,0xD8,0x24,0xD8,0x24,0x18,0x3C,0x18,0x24,0x78,0x00,0x70,0x00,0x00,0x00,0x00},
    {0x00,0x00,0x00,0x00,0x3F,0xFC,0x30,0x10,0x34,0x30,0x36,0x20,0x33,0xE0,0x31,0xC0,0x31,0xE0,0x33,0x30,0x3E,0x18,0x30,0x00,0x3F,0xFC,0x00,0x00,0x00,0x00,0x00,0x00},
    {0x00,0x00,0x01,0x00,0x3F,0xFC,0x3F,0xFC,0x0F,0xF0,0x08,0x10,0x0F,0xF0,0x0F,0xF0,0x3F,0xFC,0x23,0xC4,0x06,0x40,0x06,0x44,0x1C,0x7C,0x30,0x38,0x00,0x00,0x00,0x00},
    {0x00,0x00,0x00,0x80,0x1F,0xFC,0x13,0x30,0x13,0x30,0x1F,0xFC,0x13,0x20,0x13,0xE0,0x30,0x10,0x37,0xF8,0x33,0x30,0x21,0xE0,0x67,0xFC,0x3C,0x1C,0x00,0x00,0x00,0x00},
    {0x00,0x00,0x10,0x00,0x1B,0xFC,0x0C,0x04,0x20,0x04,0x21,0x84,0x21,0x04,0x21,0x84,0x23,0xC4,0x26,0x64,0x3E,0x34,0x28,0x14,0x20,0x0C,0x20,0x3C,0x00,0x00,0x00,0x00},
    {0x00,0x00,0x08,0x18,0x19,0xF8,0x1F,0x00,0x3F,0x20,0x3F,0x20,0x3B,0x64,0x7B,0xFC,0x18,0x20,0x19,0xA8,0x1D,0x2C,0x37,0x24,0x26,0x66,0x20,0xC0,0x00,0x00,0x00,0x00},
    {0x00,0x00,0x10,0x80,0x18,0x80,0x3F,0xFC,0x33,0x00,0x13,0xFC,0x1C,0x3C,0x14,0xA8,0x14,0xBC,0x35,0xB8,0x35,0xA0,0x27,0xE0,0x7F,0x7C,0x4A,0x0C,0x00,0x00,0x00,0x00},
    {0x00,0x00,0x18,0x20,0x18,0x20,0x7F,0xFC,0x10,0x60,0x3D,0xFC,0x2D,0xFC,0x3E,0xC0,0x0C,0xFC,0x0E,0x08,0x3E,0x58,0x2C,0x70,0x0C,0x30,0x0C,0x18,0x00,0x00,0x00,0x00},
    {0x00,0x00,0x0C,0x30,0x0C,0x30,0x06,0x60,0x1F,0xF8,0x01,0x80,0x01,0x00,0x3F,0xFC,0x3F,0xFC,0x03,0xC0,0x02,0x40,0x0E,0x70,0x3C,0x1C,0x30,0x0C,0x00,0x00,0x00,0x00},
    {0x00,0x00,0x00,0x00,0x1F,0xF8,0x01,0x80,0x00,0x80,0x00,0x80,0x3F,0xFC,0x3F,0xFC,0x00,0x80,0x00,0x80,0x00,0x80,0x00,0x80,0x03,0x80,0x07,0x80,0x00,0x00,0x00,0x00},
    {0x00,0x00,0x10,0x00,0x1B,0xFC,0x08,0x40,0x03,0xF8,0x00,0xC8,0x38,0x88,0x1F,0xFE,0x18,0x00,0x19,0xFC,0x1B,0x0C,0x1F,0x0C,0x19,0xFC,0x01,0x08,0x00,0x00,0x00,0x00},
    {0x00,0x00,0x03,0x00,0x01,0x80,0x3F,0xFC,0x3F,0xFC,0x0F,0xF0,0x08,0x10,0x0F,0xF0,0x00,0x00,0x0F,0xF8,0x18,0x18,0x18,0x18,0x1F,0xF8,0x18,0x18,0x00,0x00,0x00,0x00},
    {0x00,0x00,0x01,0x00,0x01,0x80,0x3F,0xFC,0x20,0x04,0x2F,0xF4,0x00,0x00,0x3F,0xFC,0x3F,0xFC,0x06,0x40,0x06,0x40,0x0C,0x44,0x38,0x7C,0x30,0x78,0x00,0x00,0x00,0x00},
    {0x00,0x00,0x00,0xF0,0x00,0xD8,0x1F,0xFC,0x1F,0xFC,0x10,0x48,0x1E,0x48,0x1F,0x58,0x13,0x70,0x33,0x70,0x3A,0x74,0x3E,0xF4,0x63,0x9C,0x22,0x00,0x00,0x00,0x00,0x00},
    {0x00,0x00,0x00,0x1C,0x33,0xFC,0x1B,0x00,0x1B,0x00,0x03,0xFC,0x03,0x88,0x3B,0xF8,0x1A,0x30,0x1A,0x78,0x1F,0xCC,0x3D,0x80,0x6F,0xFE,0x01,0xFC,0x00,0x00,0x00,0x00},
    {0x00,0x00,0x00,0x00,0x3F,0xFC,0x20,0x04,0x20,0x04,0x27,0xE4,0x24,0x64,0x24,0x24,0x24,0x24,0x27,0xE4,0x20,0x04,0x20,0x04,0x3F,0xFC,0x30,0x0C,0x00,0x00,0x00,0x00},
    {0x00,0x00,0x00,0x00,0x3F,0x80,0x13,0xFC,0x13,0x44,0x1F,0x4C,0x13,0x48,0x1F,0x68,0x13,0x38,0x13,0x30,0x3F,0xB8,0x3B,0x6C,0x03,0xCE,0x03,0x80,0x00,0x00,0x00,0x00},
    {0x00,0x00,0x10,0x40,0x1A,0x4C,0x0B,0x58,0x01,0x58,0x33,0xFC,0x1A,0x0C,0x03,0xFC,0x03,0xFC,0x0A,0x0C,0x1B,0xFC,0x12,0x0C,0x32,0x3C,0x22,0x38,0x00,0x00,0x00,0x00},
    {0x00,0x00,0x00,0x04,0x3F,0xD4,0x37,0x54,0x37,0x54,0x37,0x54,0x3F,0xD4,0x7F,0xF4,0x37,0x54,0x27,0x54,0x26,0x54,0x26,0x44,0x6E,0xCC,0x7F,0x9C,0x00,0x00,0x00,0x00},
    {0x00,0x00,0x04,0x60,0x3E,0xE0,0x25,0xB8,0x2F,0x1C,0x3F,0xFE,0x3C,0x60,0x2C,0x60,0x27,0xFC,0x3D,0x58,0x3F,0x48,0x26,0x4C,0x26,0xC4,0x20,0xC0,0x00,0x00,0x00,0x00},
    {0x00,0x00,0x20,0x00,0x33,0xF8,0x18,0x00,0x08,0x00,0x07,0xFC,0x30,0x80,0x39,0x90,0x09,0x18,0x0B,0x3C,0x1B,0xFC,0x3C,0x04,0x67,0xFE,0x01,0xFC,0x00,0x00,0x00,0x00},
    {0x00,0x00,0x0C,0x00,0x0D,0xFC,0x18,0x00,0x34,0x00,0x0F,0x04,0x1B,0xFC,0x38,0x10,0x38,0x10,0x08,0x10,0x08,0x10,0x08,0x10,0x08,0x70,0x08,0x70,0x00,0x00,0x00,0x00},
    {0x00,0x00,0x01,0x80,0x01,0x80,0x01,0x80,0x3F,0xFC,0x31,0x8C,0x31,0x8C,0x31,0x8C,0x3F,0xFC,0x31,0x8C,0x01,0x80,0x01,0x80,0x01,0x80,0x01,0x80,0x00,0x00,0x00,0x00},
    {0x00,0x00,0x00,0x00,0x1F,0xF8,0x1F,0xF8,0x06,0x20,0x06,0x20,0x06,0x60,0x3F,0xFC,0x06,0x20,0x04,0x20,0x0C,0x20,0x1C,0x20,0x38,0x60,0x20,0x20,0x00,0x00,0x00,0x00},
    {0x00,0x00,0x00,0x00,0x3F,0xFC,0x01,0x80,0x03,0xE0,0x0F,0xF0,0x39,0x9C,0x21,0x84,0x0F,0xF0,0x1F,0xF8,0x10,0x08,0x10,0x08,0x1F,0xF8,0x18,0x18,0x00,0x00,0x00,0x00},
    {0x00,0x00,0x01,0x90,0x0D,0xB0,0x0F,0xF0,0x3F,0xFC,0x20,0x04,0x3F,0xF4,0x00,0x00,0x3F,0xFC,0x2E,0x64,0x0C,0x30,0x18,0x38,0x3F,0xF8,0x00,0x0C,0x00,0x00,0x00,0x00},
    {0x00,0x00,0x10,0x18,0x18,0x1C,0x0C,0x34,0x03,0xFE,0x00,0x10,0x78,0x10,0x1B,0xD0,0x18,0x90,0x18,0x90,0x18,0xB8,0x1F,0xEE,0x1B,0x0E,0x00,0x04,0x00,0x00,0x00,0x00},
    {0x00,0x00,0x00,0x00,0x3F,0xFC,0x02,0x40,0x1F,0xF8,0x12,0x48,0x17,0xF8,0x1F,0xF8,0x3F,0xFC,0x3F,0xFC,0x0E,0x60,0x07,0xC0,0x1F,0x78,0x3C,0x1C,0x00,0x00,0x00,0x00},
    {0x00,0x00,0x01,0xA0,0x01,0xB0,0x01,0x98,0x3F,0xFC,0x01,0x88,0x19,0xD8,0x0D,0xF0,0x05,0xE0,0x07,0xB0,0x1D,0x98,0x31,0x8C,0x07,0x84,0x07,0x00,0x00,0x00,0x00,0x00},
    {0x00,0x00,0x18,0x40,0x1F,0xFC,0x3F,0xF0,0x27,0x90,0x1F,0xF8,0x01,0x80,0x3F,0xFC,0x00,0x30,0x1F,0xF8,0x1C,0x30,0x06,0x20,0x03,0x20,0x00,0xE0,0x00,0x00,0x00,0x00},
    {0x00,0x00,0x0C,0x40,0x18,0x60,0x33,0xFC,0x28,0x40,0x0F,0xFC,0x1B,0xFC,0x30,0x18,0x73,0xFC,0x13,0x10,0x11,0x90,0x10,0x90,0x10,0x50,0x10,0x70,0x00,0x00,0x00,0x00},
    {0x00,0x00,0x00,0x00,0x3F,0xF8,0x00,0x18,0x10,0x18,0x10,0x18,0x18,0x18,0x1F,0xF8,0x10,0x00,0x10,0x00,0x10,0x04,0x10,0x0C,0x1F,0xFC,0x07,0xF0,0x00,0x00,0x00,0x00},
    {0x00,0x00,0x00,0x00,0x3F,0xFC,0x30,0x0C,0x3F,0xFC,0x30,0x0C,0x33,0xCC,0x37,0xEC,0x34,0x2C,0x34,0x2C,0x37,0xEC,0x30,0x0C,0x30,0x3C,0x30,0x38,0x00,0x00,0x00,0x00},
    {0x00,0x00,0x00,0x80,0x08,0x80,0x08,0xF8,0x08,0x80,0x0D,0x80,0x3F,0xFC,0x01,0x88,0x0D,0x98,0x19,0xB0,0x31,0xF0,0x01,0xC0,0x1F,0x80,0x1C,0x00,0x00,0x00,0x00,0x00},
    {0x00,0x00,0x01,0x80,0x01,0x80,0x1F,0xF8,0x11,0x88,0x01,0x80,0x21,0x84,0x3F,0xFC,0x03,0xC0,0x07,0xE0,0x0D,0xB0,0x39,0x9C,0x21,0x8C,0x01,0x80,0x00,0x00,0x00,0x00},
    {0x00,0x00,0x0C,0x30,0x06,0x60,0x3F,0xFC,0x00,0x0C,0x1F,0x4C,0x13,0x48,0x1F,0x48,0x1F,0x48,0x13,0x48,0x1F,0x68,0x13,0x08,0x13,0x28,0x16,0x38,0x00,0x00,0x00,0x00},
    {0x00,0x00,0x08,0xC0,0x1B,0xF8,0x1F,0xFC,0x16,0x04,0x37,0xFC,0x76,0x00,0x77,0xFC,0x17,0xFC,0x17,0xD4,0x17,0xFC,0x1F,0xD4,0x1B,0xDC,0x13,0x1C,0x00,0x00,0x00,0x00},
    {0x00,0x00,0x04,0x20,0x06,0x60,0x3F,0xFC,0x01,0x00,0x1F,0xF8,0x01,0x00,0x3F,0xFC,0x02,0x00,0x07,0xF8,0x0C,0x40,0x18,0x40,0x3F,0xFC,0x20,0x04,0x00,0x00,0x00,0x00},
    {0x00,0x00,0x20,0x00,0x3F,0xFC,0x09,0xB0,0x07,0xFC,0x74,0xA4,0x3F,0xFC,0x03,0xF8,0x03,0xF8,0x1F,0xFC,0x13,0x78,0x33,0x58,0x26,0x4C,0x25,0xC0,0x00,0x00,0x00,0x00},
    {0x00,0x00,0x06,0x60,0x3C,0xFC,0x09,0xCC,0x0B,0xD8,0x3E,0x70,0x1C,0xF0,0x1F,0xFC,0x3E,0xEE,0x6B,0xCC,0x68,0x78,0x08,0x70,0x09,0xC0,0x0B,0x00,0x00,0x00,0x00,0x00},
    {0x00,0x00,0x08,0x00,0x09,0xFC,0x09,0xFC,0x3E,0x04,0x08,0x04,0x08,0x04,0x0F,0xFC,0x3C,0x04,0x28,0x04,0x08,0x04,0x08,0x0C,0x19,0xFC,0x38,0x04,0x00,0x00,0x00,0x00},
    {0x00,0x00,0x10,0x90,0x18,0x90,0x1B,0xFC,0x3F,0xBC,0x18,0x90,0x1B,0xFC,0x1F,0x6C,0x3A,0x44,0x3B,0xFC,0x1A,0x6C,0x1A,0x44,0x1B,0xFC,0x32,0x0C,0x00,0x00,0x00,0x00},
    {0x00,0x00,0x00,0x80,0x0D,0x80,0x0D,0x80,0x1F,0xF8,0x39,0x80,0x31,0x80,0x3F,0xFC,0x03,0xC0,0x03,0xC0,0x06,0x60,0x0C,0x30,0x38,0x1C,0x30,0x04,0x00,0x00,0x00,0x00},
    {0x00,0x00,0x00,0x60,0x3E,0x40,0x2A,0x60,0x2A,0xFE,0x2A,0xC8,0x2B,0xC8,0x2B,0xD8,0x2A,0x70,0x3A,0x30,0x3A,0x30,0x1E,0x78,0x33,0xCE,0x63,0x86,0x00,0x00,0x00,0x00},
    {0x00,0x00,0x01,0x00,0x01,0x80,0x01,0xFC,0x01,0x00,0x01,0x80,0x1F,0xF8,0x18,0x18,0x18,0x18,0x1F,0xF8,0x12,0x58,0x12,0x48,0x32,0x4C,0x22,0x64,0x00,0x00,0x00,0x00},
    {0x00,0x00,0x18,0x40,0x18,0x60,0x1B,0xFC,0x3E,0xC4,0x1A,0xC4,0x1A,0xC4,0x1F,0xFC,0x3D,0x98,0x1B,0x30,0x19,0xF0,0x18,0xF0,0x1F,0x9C,0x36,0x04,0x00,0x00,0x00,0x00},
    {0x00,0x00,0x00,0x78,0x1F,0xE0,0x19,0x80,0x3F,0xFC,0x1F,0xF8,0x19,0x98,0x1F,0xF8,0x19,0x98,0x1F,0xF8,0x11,0x88,0x1F,0xF8,0x3F,0xFC,0x3F,0xFC,0x00,0x00,0x00,0x00},
    {0x00,0x00,0x01,0x60,0x31,0x60,0x1B,0xFC,0x0A,0x60,0x02,0x60,0x3F,0xFC,0x38,0xA0,0x09,0xA4,0x0B,0x24,0x0F,0x3C,0x1C,0x00,0x37,0xFE,0x21,0xFC,0x00,0x00,0x00,0x00},
    {0x00,0x00,0x08,0x00,0x0B,0xF8,0x18,0x98,0x3C,0xF0,0x18,0xF0,0x0B,0xFC,0x0F,0x64,0x39,0xFC,0x38,0x20,0x0B,0xFC,0x08,0x60,0x18,0x20,0x38,0x60,0x00,0x00,0x00,0x00},
    {0x00,0x00,0x00,0x00,0x3F,0xFC,0x20,0x04,0x23,0x34,0x3B,0xB4,0x2E,0xE4,0x26,0x64,0x27,0x74,0x27,0xFC,0x3C,0xCC,0x39,0x84,0x30,0x3C,0x30,0x38,0x00,0x00,0x00,0x00},
    {0x00,0x00,0x08,0x40,0x18,0xF8,0x10,0xFC,0x37,0xD8,0x3F,0x70,0x38,0x70,0x19,0xDC,0x3F,0xDE,0x3C,0xFC,0x00,0x8C,0x1E,0x8C,0x38,0xFC,0x00,0x8C,0x00,0x00,0x00,0x00},
    {0x00,0x00,0x18,0x40,0x18,0x50,0x18,0x58,0x3C,0x4C,0x1B,0xFC,0x0A,0xC0,0x1C,0x58,0x38,0x70,0x38,0x70,0x08,0x60,0x09,0xF6,0x1F,0x9C,0x32,0x0C,0x00,0x00,0x00,0x00},
    {0x00,0x00,0x00,0x04,0x3F,0xE4,0x09,0x24,0x19,0x24,0x3B,0xA4,0x3E,0xE4,0x04,0x24,0x3F,0xA4,0x16,0xA4,0x04,0x24,0x07,0x84,0x3E,0x1C,0x00,0x1C,0x00,0x00,0x00,0x00},
    {0x00,0x00,0x18,0x20,0x18,0x70,0x7E,0xD8,0x13,0xFE,0x3A,0x74,0x29,0xD4,0x3F,0x74,0x0D,0xF4,0x0F,0x74,0x3F,0xF4,0x29,0x74,0x09,0x6C,0x09,0xDC,0x00,0x00,0x00,0x00},
    {0x00,0x00,0x02,0x00,0x07,0x00,0x01,0x80,0x01,0x80,0x01,0xC0,0x01,0xC0,0x03,0x40,0x02,0x60,0x06,0x30,0x0C,0x30,0x18,0x18,0x30,0x0E,0x20,0x04,0x00,0x00,0x00,0x00},
    {0x00,0x00,0x01,0x00,0x3F,0xFC,0x3F,0xFC,0x23,0xE4,0x1C,0xF8,0x17,0xDC,0x37,0x34,0x1F,0xE0,0x31,0x80,0x11,0x88,0x11,0x88,0x1F,0xF8,0x00,0x08,0x00,0x00,0x00,0x00},
    {0x00,0x00,0x00,0x00,0x3F,0xF8,0x18,0x08,0x11,0x88,0x11,0x88,0x3D,0x98,0x35,0xFC,0x74,0x04,0x37,0x14,0x17,0xF4,0x1C,0x04,0x14,0x0C,0x10,0x38,0x00,0x00,0x00,0x00},
    {0x00,0x00,0x20,0x80,0x33,0xFC,0x1F,0xFC,0x09,0x60,0x03,0x60,0x03,0xFC,0x38,0x60,0x0A,0x64,0x0F,0xFC,0x18,0x20,0x38,0x20,0x6F,0xFE,0x01,0xFC,0x00,0x00,0x00,0x00},
    {0x00,0x00,0x18,0x40,0x18,0x60,0x1B,0xFC,0x3D,0x98,0x18,0x90,0x1F,0xFC,0x1C,0xC0,0x7F,0xFC,0x1B,0xB8,0x1B,0xB0,0x19,0xF0,0x1B,0xF8,0x37,0x0C,0x00,0x00,0x00,0x00},
    {0x00,0x00,0x01,0x00,0x01,0x80,0x3F,0xFC,0x22,0x04,0x26,0x74,0x1C,0x38,0x38,0x0C,0x1F,0xF8,0x01,0x80,0x01,0x80,0x01,0x80,0x3F,0xFC,0x00,0x00,0x00,0x00,0x00,0x00},
    {0x00,0x00,0x08,0xC0,0x08,0xF8,0x09,0xF8,0x3F,0x98,0x1F,0xF0,0x1C,0x70,0x1F,0xF8,0x3F,0x9E,0x29,0xFC,0x09,0x08,0x09,0x08,0x09,0xF8,0x09,0x08,0x00,0x00,0x00,0x00},
    {0x00,0x00,0x08,0x60,0x08,0x40,0x18,0xD0,0x3E,0xD8,0x1F,0x8C,0x17,0xFC,0x36,0x04,0x35,0xFC,0x1D,0x8C,0x0D,0x8C,0x1F,0x8C,0x31,0xFC,0x21,0x8C,0x00,0x00,0x00,0x00},
    {0x00,0x00,0x04,0x0C,0x34,0xFC,0x34,0x80,0x34,0x80,0x3F,0xFC,0x31,0xEC,0x30,0xEC,0x3D,0xE8,0x35,0xB8,0x25,0xB0,0x25,0x78,0x27,0xEC,0x27,0x86,0x00,0x00,0x00,0x00},
    {0x00,0x00,0x01,0x80,0x01,0x80,0x21,0x84,0x3F,0xFC,0x03,0xC0,0x03,0xC0,0x07,0xE0,0x0D,0xB0,0x19,0x98,0x7F,0xEE,0x21,0x84,0x01,0x80,0x01,0x80,0x00,0x00,0x00,0x00},
    {0x00,0x00,0x00,0x00,0x3F,0xFC,0x21,0x84,0x21,0x84,0x3F,0xFC,0x21,0x84,0x27,0xE4,0x26,0x64,0x24,0x24,0x27,0xE4,0x20,0x04,0x3F,0xFC,0x30,0x0C,0x00,0x00,0x00,0x00},
    {0x00,0x00,0x0C,0x40,0x09,0x60,0x19,0x60,0x1B,0xFC,0x33,0xFC,0x3E,0x60,0x7C,0x60,0x1F,0xFE,0x10,0x60,0x10,0x60,0x10,0x60,0x10,0x60,0x18,0x60,0x00,0x00,0x00,0x00},
    {0x00,0x00,0x08,0x40,0x08,0x78,0x28,0x48,0x28,0x48,0x3F,0xFC,0x38,0xE0,0x08,0xE0,0x18,0xE0,0x78,0xB0,0x09,0x90,0x0B,0x18,0x0F,0x0C,0x0E,0x04,0x00,0x00,0x00,0x00},
    {0x00,0x00,0x01,0x00,0x01,0x80,0x3F,0xFC,0x03,0xC0,0x03,0xC0,0x07,0x60,0x1D,0xB8,0x78,0x8E,0x17,0x88,0x16,0xD8,0x36,0x3C,0x67,0xF6,0x23,0xE0,0x00,0x00,0x00,0x00},
    {0x00,0x00,0x10,0x40,0x1B,0xFC,0x0C,0x60,0x03,0xFC,0x03,0xFC,0x3B,0xEC,0x1F,0xE8,0x19,0x60,0x1B,0xFC,0x1C,0xE0,0x1C,0xF0,0x1F,0x9C,0x06,0x04,0x00,0x00,0x00,0x00},
    {0x00,0x00,0x00,0x00,0x3F,0xFC,0x01,0x80,0x1F,0xF8,0x11,0x88,0x1F,0xF8,0x11,0x88,0x1F,0xF8,0x0F,0x80,0x07,0x00,0x07,0x00,0x1D,0xF8,0x38,0x3C,0x00,0x00,0x00,0x00},
    {0x00,0x00,0x08,0x0C,0x3F,0x7C,0x3F,0xC0,0x12,0x40,0x1E,0xC0,0x3F,0xFC,0x0C,0xC8,0x3F,0xC8,0x1E,0xC8,0x3F,0x88,0x2D,0x88,0x6D,0x88,0x19,0x08,0x00,0x00,0x00,0x00},
    {0x00,0x00,0x00,0x00,0x3F,0xFC,0x00,0x80,0x00,0x80,0x00,0x80,0x08,0x80,0x08,0xF8,0x08,0x80,0x08,0x80,0x08,0x80,0x08,0x80,0x3F,0xFC,0x00,0x00,0x00,0x00,0x00,0x00},
    {0x00,0x00,0x03,0x00,0x03,0x00,0x3F,0xFC,0x06,0x00,0x04,0x40,0x0C,0x40,0x1B,0xF8,0x3B,0xFC,0x28,0x40,0x08,0x40,0x08,0x40,0x0F,0xFC,0x08,0x00,0x00,0x00,0x00,0x00},
    {0x00,0x00,0x01,0x00,0x01,0x80,0x1F,0xF8,0x10,0x08,0x10,0x08,0x1F,0xF8,0x10,0x00,0x17,0xF8,0x17,0xFC,0x34,0x0C,0x24,0x0C,0x67,0xFC,0x04,0x0C,0x00,0x00,0x00,0x00},
    {0x00,0x00,0x00,0x00,0x1E,0xFC,0x12,0x84,0x12,0x9C,0x1E,0x98,0x16,0xFC,0x12,0xEC,0x3E,0xEC,0x36,0xB8,0x32,0xB8,0x32,0xB8,0x2E,0xEC,0x2C,0xC4,0x00,0x00,0x00,0x00},
    {0x00,0x00,0x02,0x00,0x07,0xF0,0x0F,0xF8,0x3E,0x70,0x33,0xC0,0x07,0xF0,0x3D,0x3C,0x01,0x80,0x3F,0xF8,0x03,0x08,0x06,0x18,0x3C,0x78,0x30,0x70,0x00,0x00,0x00,0x00},
    {0x00,0x00,0x12,0x08,0x1E,0xF8,0x12,0xC8,0x12,0xC8,0x1F,0xF8,0x3F,0xFC,0x3F,0xFC,0x0C,0x30,0x3F,0xFC,0x33,0xCC,0x13,0x88,0x1F,0xF8,0x13,0xD8,0x00,0x00,0x00,0x00},
    {0x00,0x00,0x00,0x00,0x3F,0xFE,0x16,0x20,0x1C,0xFC,0x0C,0x84,0x3F,0xA4,0x0B,0xA4,0x0E,0xA4,0x08,0xA4,0x08,0xA4,0x08,0x78,0x39,0xCC,0x3B,0x06,0x00,0x00,0x00,0x00},
    {0x00,0x00,0x0C,0x20,0x3F,0xFC,0x3F,0xFC,0x0F,0xE0,0x0C,0x20,0x0F,0xE0,0x0C,0x30,0x3F,0xFC,0x1D,0xB8,0x7F,0xFE,0x01,0x80,0x1F,0xFC,0x1F,0xF8,0x00,0x00,0x00,0x00},
    {0x00,0x00,0x01,0xC0,0x31,0x60,0x1B,0x60,0x1F,0xFC,0x06,0x60,0x0F,0xF8,0x0B,0xFC,0x0A,0x60,0x1B,0xFC,0x32,0x60,0x32,0x60,0x23,0xFC,0x02,0x00,0x00,0x00,0x00,0x00},
    {0x00,0x00,0x20,0x04,0x3F,0xD4,0x0D,0x54,0x05,0xD4,0x75,0x54,0x3D,0x54,0x05,0x54,0x05,0x54,0x1F,0x54,0x17,0x54,0x33,0x84,0x26,0xCC,0x24,0x5C,0x00,0x00,0x00,0x00},
    {0x00,0x00,0x08,0x40,0x0F,0xFC,0x1B,0xFC,0x1B,0xF8,0x33,0x08,0x33,0xF8,0x77,0xFC,0x1F,0xFC,0x1F,0xFC,0x10,0x60,0x10,0x40,0x10,0x40,0x11,0xC0,0x00,0x00,0x00,0x00},
    {0x00,0x00,0x00,0x80,0x00,0x80,0x00,0x80,0x08,0x80,0x08,0x80,0x08,0xF8,0x08,0xC0,0x08,0x80,0x08,0x80,0x08,0x80,0x08,0x80,0x3F,0xFC,0x00,0x00,0x00,0x00,0x00,0x00},
    {0x00,0x00,0x08,0x40,0x18,0x60,0x13,0xFC,0x34,0xD0,0x3C,0x98,0x39,0xFC,0x19,0xF4,0x3C,0x90,0x3C,0x90,0x00,0x94,0x1F,0x94,0x3F,0x1C,0x02,0x1C,0x00,0x00,0x00,0x00},
    {0x00,0x00,0x10,0x20,0x18,0x20,0x0C,0x20,0x00,0x20,0x00,0x60,0x7B,0xFE,0x08,0x20,0x08,0x20,0x08,0x20,0x08,0x20,0x0E,0x20,0x1C,0x20,0x00,0x20,0x00,0x00,0x00,0x00},
    {0x00,0x00,0x00,0x00,0x1F,0xFC,0x10,0x0C,0x1F,0xFC,0x10,0x00,0x17,0xF8,0x10,0x00,0x1F,0xFC,0x3F,0xFC,0x33,0x30,0x26,0x18,0x6F,0xFC,0x20,0x04,0x00,0x00,0x00,0x00},
    {0x00,0x00,0x08,0x00,0x1B,0xF8,0x10,0x98,0x36,0x90,0x3E,0xDC,0x3C,0xDC,0x18,0xCC,0x3D,0xEC,0x3D,0xB8,0x01,0x38,0x1F,0x78,0x3E,0xEE,0x02,0x86,0x00,0x00,0x00,0x00},
    {0x00,0x00,0x04,0x00,0x04,0x18,0x04,0x70,0x05,0xE0,0x05,0x80,0x0C,0x00,0x3F,0xFC,0x04,0xC0,0x04,0x40,0x04,0x60,0x04,0x38,0x0F,0x8C,0x0C,0x04,0x00,0x00,0x00,0x00},
    {0x00,0x00,0x08,0x08,0x08,0x88,0x08,0xC8,0x3E,0x78,0x08,0x08,0x09,0x88,0x0E,0xC8,0x7C,0x48,0x08,0x3E,0x0B,0xF8,0x08,0x08,0x38,0x08,0x38,0x08,0x00,0x00,0x00,0x00},
    {0x00,0x00,0x00,0x30,0x3F,0x30,0x00,0x20,0x00,0xFC,0x01,0xFC,0x3F,0x24,0x18,0x24,0x1A,0x24,0x13,0x64,0x37,0x44,0x3F,0xCC,0x01,0xBC,0x01,0xB8,0x00,0x00,0x00,0x00},
    {0x00,0x00,0x08,0x00,0x09,0xF8,0x09,0x08,0x3F,0xF8,0x19,0xF8,0x1D,0x08,0x1F,0xF8,0x3B,0x6C,0x69,0x38,0x09,0x30,0x09,0x38,0x09,0xCC,0x09,0x04,0x00,0x00,0x00,0x00},
    {0x00,0x00,0x00,0x00,0x3F,0xFC,0x01,0x00,0x01,0x00,0x01,0x00,0x3F,0xFC,0x03,0x80,0x03,0x80,0x06,0x80,0x0C,0x84,0x1C,0x84,0x38,0xFC,0x20,0x78,0x00,0x00,0x00,0x00},
    {0x00,0x00,0x18,0x20,0x19,0x20,0x19,0x20,0x19,0x2C,0x3D,0x7C,0x1F,0xE4,0x1F,0x24,0x19,0x2C,0x1D,0x38,0x1D,0x24,0x71,0x06,0x01,0xFC,0x00,0xF8,0x00,0x00,0x00,0x00},
    {0x00,0x00,0x00,0x00,0x1F,0xFC,0x11,0x8C,0x17,0xEC,0x11,0x8C,0x1F,0xFC,0x10,0x0C,0x17,0xEC,0x16,0x2C,0x36,0x6C,0x37,0xEC,0x60,0x3C,0x20,0x38,0x00,0x00,0x00,0x00},
    {0x00,0x00,0x00,0x00,0x1F,0xF8,0x18,0x18,0x18,0x18,0x18,0x18,0x18,0x18,0x1F,0xF8,0x18,0x18,0x18,0x18,0x18,0x18,0x18,0x18,0x1F,0xF8,0x10,0x18,0x00,0x00,0x00,0x00},
    {0x00,0x00,0x00,0x00,0x00,0x00,0x00,0x00,0x00,0x00,0x00,0x00,0x00,0x00,0x3F,0xFC,0x00,0x00,0x00,0x00,0x00,0x00,0x00,0x00,0x00,0x00,0x00,0x00,0x00,0x00,0x00,0x00},
    {0x00,0x00,0x00,0x00,0x00,0x00,0x1F,0xF8,0x00,0x00,0x00,0x00,0x00,0x00,0x00,0x00,0x00,0x00,0x00,0x00,0x00,0x00,0x3F,0xFC,0x00,0x00,0x00,0x00,0x00,0x00,0x00,0x00},
    {0x00,0x00,0x00,0x00,0x1F,0xF8,0x1F,0xF8,0x00,0x00,0x00,0x00,0x00,0x00,0x0F,0xF0,0x00,0x00,0x00,0x00,0x00,0x00,0x00,0x00,0x3F,0xFC,0x00,0x00,0x00,0x00,0x00,0x00},
    {0x00,0x00,0x00,0x00,0x3F,0xFC,0x36,0xCC,0x22,0x44,0x22,0x44,0x26,0x44,0x24,0x44,0x3C,0x7C,0x38,0x0C,0x20,0x04,0x3F,0xFC,0x3F,0xFC,0x00,0x00,0x00,0x00,0x00,0x00},
    {0x00,0x00,0x00,0x00,0x3F,0xFC,0x03,0x00,0x01,0x00,0x03,0x00,0x1F,0xF0,0x0F,0x30,0x02,0x10,0x06,0x10,0x06,0x10,0x04,0x30,0x3F,0xFC,0x00,0x00,0x00,0x00,0x00,0x00},
    {0x00,0x00,0x03,0x00,0x03,0x00,0x01,0x80,0x3F,0xFC,0x00,0x00,0x04,0x00,0x04,0x20,0x0C,0x30,0x0C,0x18,0x18,0x18,0x30,0x0C,0x30,0x0C,0x20,0x04,0x00,0x00,0x00,0x00},
    {0x00,0x00,0x00,0x00,0x0F,0xF8,0x08,0x18,0x08,0x18,0x0F,0xF8,0x0C,0x18,0x08,0x18,0x0F,0xF8,0x0F,0xF8,0x18,0x18,0x18,0x18,0x30,0x70,0x20,0x70,0x00,0x00,0x00,0x00},
    {0x00,0x00,0x18,0xC0,0x1F,0xFC,0x35,0xB0,0x35,0x90,0x1B,0xFC,0x1C,0x0C,0x37,0xEC,0x34,0x6C,0x37,0xEC,0x36,0x6C,0x37,0xEC,0x36,0x2C,0x30,0x38,0x00,0x00,0x00,0x00},
    {0x00,0x00,0x0C,0x40,0x0C,0x40,0x08,0x40,0x1F,0xFC,0x30,0xE0,0x30,0xE0,0x71,0xF0,0x13,0x58,0x1E,0x4C,0x1F,0xFE,0x18,0x40,0x10,0x40,0x10,0x40,0x00,0x00,0x00,0x00},
    {0x00,0x00,0x01,0x00,0x01,0x80,0x3F,0xFC,0x3F,0xFC,0x0C,0x30,0x04,0x60,0x06,0x60,0x03,0xC0,0x01,0x80,0x03,0xC0,0x0E,0x70,0x38,0x1C,0x20,0x04,0x00,0x00,0x00,0x00},
    {0x00,0x00,0x04,0x00,0x0C,0x00,0x0F,0xFC,0x18,0x80,0x30,0x80,0x2F,0xF8,0x08,0x80,0x08,0x80,0x3F,0xFC,0x3F,0xFC,0x00,0x80,0x00,0x80,0x00,0x80,0x00,0x00,0x00,0x00},
};

static const uint8_t zh_glyphs_2x[][DISPLAY_CJK_GLYPH_2X_BYTES] = {
    {0x00,0x00,0x00,0x00,0x00,0x00,0x00,0x00,0x00,0x00,0x00,0x00,0x02,0x00,0x00,0x00,0x07,0x01,0xFF,0x00,0x07,0x81,0xFF,0x80,0x03,0xC1,0xFF,0x80,0x01,0xE1,0x83,0x80,0x00,0xC1,0x83,0x80,0x00,0x01,0x83,0x80,0x00,0x03,0x83,0x80,0x00,0x07,0x83,0xB0,0x00,0x0F,0x03,0xF8,0x3F,0x9E,0x01,0xF0,0x3F,0x9C,0x00,0x00,0x03,0x8E,0x00,0xC0,0x03,0x8F,0xFF,0xE0,0x03,0x87,0xFF,0xE0,0x03,0x83,0x81,0xC0,0x03,0x81,0xC3,0x80,0x03,0x81,0xC3,0x80,0x03,0x80,0xE7,0x00,0x03,0x80,0xFE,0x00,0x03,0x90,0x7E,0x00,0x03,0xF0,0x7C,0x00,0x03,0xF0,0xFF,0x00,0x07,0xE3,0xE7,0xC0,0x03,0x9F,0xC3,0xF8,0x02,0x1F,0x00,0xF8,0x00,0x0C,0x00,0x30,0x00,0x00,0x00,0x00,0x00,0x00,0x00,0x00},
    {0x00,0x00,0x00,0x00,0x00,0x00,0x00,0x00,0x00,0x00,0x00,0x00,0x00,0x00,0x00,0x00,0x0F,0xFF,0xFF,0xE0,0x0F,0xFF,0xFF,0xE0,0x0C,0x18,0x30,0x60,0x0C,0x18,0x30,0x60,0x0F,0xFF,0xFF,0xE0,0x0F,0xFF,0xFF,0xE0,0x00,0x03,0x80,0x00,0x1F,0xFF,0xFF,0xF0,0x3F,0xFF,0xFF,0xF0,0x10,0x07,0x00,0x10,0x01,0xFF,0xFF,0x00,0x01,0xFF,0xFF,0x00,0x01,0xC0,0x07,0x00,0x01,0xC0,0x07,0x00,0x01,0xFF,0xFF,0x00,0x01,0xC0,0x07,0x00,0x01,0xC0,0x07,0x00,0x01,0xFF,0xFF,0x00,0x01,0xC0,0x07,0x00,0x01,0x80,0x07,0x00,0x01,0xFF,0xFF,0x00,0x01,0xFF,0xFF,0x00,0x01,0x80,0x03,0x00,0x3F,0xFF,0xFF,0xF0,0x3F,0xFF,0xFF,0xF0,0x00,0x00,0x00,0x00,0x00,0x00,0x00,0x00,0x00,0x00,0x00,0x00},
    {0x00,0x00,0x00,0x00,0x00,0x00,0x00,0x00,0x00,0x00,0x00,0x00,0x00,0x00,0x00,0x00,0x00,0x00,0x01,0x80,0x1F,0xE0,0x01,0x80,0x1F,0xF0,0x01,0x80,0x1F,0xF0,0x01,0x80,0x18,0x70,0x01,0x80,0x18,0x70,0x01,0x80,0x18,0x77,0xFF,0xF8,0x18,0x7F,0xFF,0xF8,0x18,0x77,0xFF,0xF8,0x18,0x70,0x01,0x80,0x1F,0xF0,0x01,0x80,0x1F,0xF3,0x01,0x80,0x1C,0x73,0x81,0x80,0x18,0x71,0xC1,0x80,0x18,0x71,0xE1,0x80,0x18,0x70,0xE1,0x80,0x18,0x70,0x71,0x80,0x18,0x70,0x71,0x80,0x18,0x70,0x01,0x80,0x1F,0xF0,0x01,0x80,0x1F,0xF0,0x01,0x80,0x1F,0xF0,0x01,0x80,0x18,0x70,0x03,0x80,0x18,0x00,0x7F,0x80,0x00,0x00,0x3F,0x80,0x00,0x00,0x00,0x00,0x00,0x00,0x00,0x00,0x00,0x00,0x00,0x00},
    {0x00,0x00,0x00,0x00,0x00,0x00,0x00,0x00,0x00,0x00,0x00,0x00,0x00,0x00,0x00,0x00,0x00,0x00,0x00,0x00,0x0F,0xFF,0xFF,0xF0,0x0F,0xFF,0xFF,0xF0,0x0C,0x00,0x00,0x00,0x0C,0x00,0x06,0x00,0x0C,0x00,0x07,0x00,0x0C,0x60,0x0E,0x00,0x0C,0x78,0x0E,0x00,0x0C,0x7C,0x1C,0x00,0x0C,0x1E,0x38,0x00,0x0C,0x0F,0xF8,0x00,0x0C,0x03,0xF0,0x00,0x0C,0x01,0xF0,0x00,0x0C,0x01,0xF0,0x00,0x0C,0x03,0xFC,0x00,0x0C,0x0F,0x9E,0x00,0x0C,0x1F,0x0F,0x00,0x0C,0x3C,0x07,0x80,0x0C,0xF8,0x03,0xC0,0x0D,0xF0,0x01,0x80,0x0C,0xC0,0x00,0x00,0x0C,0x00,0x00,0x00,0x0F,0xFF,0xFF,0xF0,0x0F,0xFF,0xFF,0xF0,0x0F,0xFF,0xFF,0xF0,0x00,0x00,0x00,0x00,0x00,0x00,0x00,0x00,0x00,0x00,0x00,0x00},
    {0x00,0x00,0x00,0x00,0x00,0x00,0x00,0x00,0x00,0x00,0x00,0x00,0x00,0x07,0x00,0x00,0x00,0x07,0x00,0x00,0x00,0x03,0x80,0x00,0x1F,0xFF,0xFF,0xF0,0x1F,0xFF,0xFF,0xF0,0x00,0x00,0x00,0x00,0x01,0xFF,0xFF,0x00,0x01,0xFF,0xFF,0x00,0x01,0x80,0x03,0x00,0x01,0x80,0x03,0x00,0x01,0xFF,0xFF,0x00,0x03,0xFF,0xFF,0x00,0x01,0x00,0x00,0x00,0x00,0x00,0x00,0x00,0x1F,0xFF,0xFF,0xF0,0x1F,0xFF,0xFF,0xF0,0x18,0x00,0x00,0x30,0x18,0x1F,0xF0,0x30,0x18,0x3F,0xF0,0x30,0x00,0x38,0x30,0x00,0x00,0x38,0x30,0x00,0x00,0x38,0x30,0x30,0x00,0x70,0x30,0x30,0x01,0xE0,0x30,0x30,0x0F,0xC0,0x3F,0xF0,0x1F,0x80,0x3F,0xE0,0x1C,0x00,0x0F,0x00,0x00,0x00,0x00,0x00,0x00,0x00,0x00,0x00},
    {0x00,0x00,0x00,0x00,0x00,0x00,0x00,0x00,0x00,0x00,0x00,0x00,0x00,0x01,0x80,0x00,0x00,0x01,0xC0,0x00,0x00,0x01,0xC0,0x00,0x07,0xFF,0xFF,0xF8,0x07,0xFF,0xFF,0xF0,0x06,0x0C,0x0E,0x00,0x06,0x0C,0x0E,0x00,0x07,0xFF,0xFF,0xF8,0x07,0xFF,0xFF,0xF8,0x07,0xFF,0xFF,0xF0,0x06,0x0C,0x0E,0x00,0x06,0x0C,0x0E,0x00,0x0E,0x0F,0xFE,0x00,0x0E,0x0F,0xFE,0x00,0x0E,0x00,0x00,0x00,0x0E,0x00,0x00,0x00,0x0E,0xFF,0xFF,0x80,0x0E,0xFF,0xFF,0x80,0x0C,0x1E,0x07,0x00,0x0C,0x0E,0x1E,0x00,0x1C,0x07,0xBC,0x00,0x1C,0x03,0xF8,0x00,0x1C,0x03,0xF0,0x00,0x38,0x0F,0xFE,0x00,0x38,0xFF,0x1F,0xF0,0x33,0xFC,0x07,0xF8,0x13,0xC0,0x00,0xF0,0x00,0x00,0x00,0x00,0x00,0x00,0x00,0x00},
    {0x00,0x00,0x00,0x00,0x00,0x00,0x00,0x00,0x00,0x00,0x00,0x00,0x06,0x00,0x00,0x00,0x0F,0x08,0x00,0x20,0x07,0x1F,0xFF,0xF0,0x03,0x9F,0xFF,0xF0,0x01,0xC0,0x00,0x70,0x01,0xE0,0x00,0x70,0x1C,0xC0,0x00,0x70,0x1C,0x03,0x00,0x70,0x1C,0x03,0x80,0x70,0x1C,0x03,0x00,0x70,0x1C,0x03,0x00,0x70,0x1C,0x03,0x00,0x70,0x1C,0x03,0x00,0x70,0x1C,0x07,0x80,0x70,0x1C,0x07,0xC0,0x70,0x1C,0x0E,0xE0,0x70,0x1C,0x0E,0x70,0x70,0x1C,0x1C,0x38,0x70,0x1C,0x38,0x3C,0x70,0x1C,0xF8,0x1E,0x70,0x1D,0xF0,0x0F,0x70,0x1D,0xC0,0x07,0x70,0x1C,0x80,0x02,0x70,0x1C,0x00,0x00,0x70,0x1C,0x00,0x0F,0xF0,0x1C,0x00,0x0F,0xE0,0x1C,0x00,0x0F,0xE0,0x00,0x00,0x00,0x00,0x00,0x00,0x00,0x00},
    {0x00,0x00,0x00,0x00,0x00,0x00,0x00,0x00,0x00,0x00,0x00,0x00,0x01,0x80,0x00,0x40,0x03,0x80,0x07,0xC0,0x03,0x87,0xFF,0xE0,0x03,0x87,0xFF,0x00,0x03,0x87,0x00,0x00,0x03,0xB6,0x18,0x00,0x1B,0xFE,0x18,0x00,0x1B,0xEE,0x18,0x00,0x1B,0xEE,0x18,0x00,0x1B,0xCE,0x18,0x00,0x1B,0x8C,0x18,0x00,0x1B,0x9F,0xFF,0xE0,0x3B,0x1F,0xFF,0xF0,0x33,0x1F,0xFF,0xF0,0x33,0x00,0x18,0x00,0x03,0x00,0x18,0x00,0x03,0x83,0x19,0x80,0x03,0x83,0x19,0xC0,0x07,0xC7,0x18,0xE0,0x07,0xC7,0x18,0xE0,0x06,0xEE,0x18,0x70,0x0E,0x7E,0x18,0x70,0x0E,0x7C,0x18,0x38,0x1C,0x38,0x18,0x38,0x38,0x39,0xF8,0x18,0x38,0x01,0xF8,0x00,0x10,0x01,0xF0,0x00,0x00,0x00,0x00,0x00,0x00,0x00,0x00,0x00},
    {0x00,0x00,0x00,0x00,0x00,0x00,0x00,0x00,0x00,0x00,0x00,0x00,0x06,0x00,0xC0,0x00,0x07,0x00,0xC0,0x00,0x07,0x81,0xC0,0x00,0x03,0x81,0xC0,0x00,0x3F,0xFB,0xFF,0xF8,0x3F,0xFB,0xFF,0xF8,0x3F,0xFF,0x00,0x00,0x06,0x0F,0x00,0x00,0x06,0x0E,0x00,0x00,0x06,0x0F,0xFF,0xF0,0x07,0x01,0xFF,0xF0,0x07,0xF0,0x0C,0x60,0x07,0xF0,0x0C,0xE0,0x06,0x31,0x8C,0xC0,0x06,0x31,0x8C,0x00,0x06,0x31,0x8C,0x00,0x06,0x31,0x8F,0xE0,0x0E,0x31,0x8F,0xE0,0x0E,0x33,0x8C,0x00,0x0C,0x33,0x8C,0x00,0x0C,0x73,0xCC,0x00,0x1C,0x77,0xFC,0x00,0x1C,0x77,0x7C,0x00,0x38,0x7E,0x3F,0x00,0x3B,0xFE,0x1F,0xF8,0x33,0xFC,0x07,0xF8,0x10,0x0C,0x00,0x00,0x00,0x00,0x00,0x00,0x00,0x00,0x00,0x00},
    {0x00,0x00,0x00,0x00,0x00,0x00,0x00,0x00,0x00,0x00,0x00,0x00,0x03,0x80,0x0C,0x00,0x03,0x80,0x1C,0x00,0x03,0x00,0x1C,0x00,0x07,0x00,0x1C,0x00,0x3F,0xFF,0xFF,0xF0,0x3F,0xFB,0xFF,0xF0,0x06,0x00,0x38,0x00,0x0E,0x00,0x38,0x00,0x0E,0xC0,0x38,0x00,0x0C,0xC7,0xFF,0xF8,0x1C,0xC7,0xFF,0xF8,0x1C,0xC0,0x70,0x00,0x1C,0xE8,0x70,0x00,0x3F,0xFC,0x60,0x00,0x1F,0xFC,0xFF,0xC0,0x00,0xC0,0xFF,0xE0,0x00,0xC0,0xFF,0xE0,0x00,0xC0,0x00,0xE0,0x00,0xFC,0x01,0xC0,0x1F,0xFC,0x21,0xC0,0x3F,0xE0,0x7B,0x80,0x3C,0xC0,0x7F,0x80,0x00,0xC0,0x1F,0x00,0x00,0xC0,0x0F,0x00,0x00,0xC0,0x07,0x80,0x00,0xC0,0x03,0xC0,0x00,0xC0,0x01,0x80,0x00,0x00,0x00,0x00,0x00,0x00,0x00,0x00},
    {0x00,0x00,0x00,0x00,0x00,0x00,0x00,0x00,0x00,0x00,0x00,0x00,0x00,0x40,0x04,0x00,0x00,0xE0,0x0E,0x00,0x00,0xE0,0x0E,0x00,0x00,0x70,0x1C,0x00,0x00,0x38,0x1C,0x00,0x00,0x38,0x38,0x00,0x0F,0xFF,0xFF,0xC0,0x0F,0xFF,0xFF,0xE0,0x07,0xFF,0xFF,0xE0,0x00,0x03,0x00,0x00,0x00,0x03,0x00,0x00,0x00,0x03,0x00,0x00,0x00,0x03,0x00,0x00,0x1F,0xFF,0xFF,0xF0,0x1F,0xFF,0xFF,0xF8,0x1F,0xFF,0xFF,0xF8,0x00,0x07,0xC0,0x00,0x00,0x07,0xC0,0x00,0x00,0x0E,0xE0,0x00,0x00,0x1C,0x70,0x00,0x00,0x3C,0x78,0x00,0x00,0x78,0x3C,0x00,0x00,0xF0,0x1F,0x00,0x03,0xE0,0x07,0xC0,0x1F,0xC0,0x03,0xF0,0x3F,0x00,0x00,0xF8,0x18,0x00,0x00,0x30,0x00,0x00,0x00,0x00,0x00,0x00,0x00,0x00},
    {0x00,0x00,0x00,0x00,0x00,0x00,0x00,0x00,0x00,0x00,0x00,0x00,0x00,0x00,0x00,0x00,0x00,0x00,0x00,0x00,0x07,0xFF,0xFF,0xE0,0x07,0xFF,0xFF,0xC0,0x00,0x01,0x80,0x00,0x00,0x01,0x80,0x00,0x00,0x01,0x80,0x00,0x00,0x01,0x80,0x00,0x00,0x01,0x80,0x00,0x00,0x01,0x80,0x00,0x00,0x01,0x80,0x00,0x1F,0xFF,0xFF,0xF0,0x1F,0xFF,0xFF,0xF0,0x10,0x03,0xC0,0x00,0x00,0x01,0x80,0x00,0x00,0x01,0x80,0x00,0x00,0x01,0x80,0x00,0x00,0x01,0x80,0x00,0x00,0x01,0x80,0x00,0x00,0x01,0x80,0x00,0x00,0x01,0x80,0x00,0x00,0x01,0x80,0x00,0x00,0x01,0x80,0x00,0x00,0x01,0x80,0x00,0x00,0x3F,0x80,0x00,0x00,0x3F,0x80,0x00,0x00,0x3F,0x00,0x00,0x00,0x00,0x00,0x00,0x00,0x00,0x00,0x00},
    {0x00,0x00,0x00,0x00,0x00,0x00,0x00,0x00,0x00,0x00,0x00,0x00,0x04,0x00,0x00,0x00,0x0E,0x1F,0xFF,0xF0,0x0F,0x1F,0xFF,0xF8,0x07,0xDF,0xFF,0xF0,0x01,0xC0,0x70,0x00,0x00,0xC0,0x60,0x00,0x00,0x0F,0xFF,0xC0,0x00,0x0F,0xFF,0xC0,0x00,0x0F,0xE1,0xC0,0x3F,0x00,0xC0,0xC0,0x3F,0x01,0xC0,0xC0,0x3F,0x01,0xC0,0xC0,0x03,0x3F,0xFF,0xF8,0x03,0x3F,0xFF,0xF8,0x03,0x10,0x00,0x18,0x03,0x00,0x00,0x00,0x03,0x07,0xFF,0xC0,0x03,0x07,0xFF,0xE0,0x03,0x07,0xFF,0xE0,0x03,0x06,0x00,0xE0,0x03,0x36,0x00,0xE0,0x03,0xF6,0x00,0xE0,0x03,0xF6,0x00,0xE0,0x07,0xC7,0xFF,0xE0,0x07,0x87,0xFF,0xE0,0x02,0x07,0xFF,0xE0,0x00,0x06,0x00,0x60,0x00,0x00,0x00,0x00,0x00,0x00,0x00,0x00},
    {0x00,0x00,0x00,0x00,0x00,0x00,0x00,0x00,0x00,0x00,0x00,0x00,0x00,0x04,0x00,0x00,0x00,0x0E,0x00,0x00,0x00,0x07,0x00,0x00,0x00,0x03,0x80,0x00,0x00,0x03,0xC0,0x00,0x3F,0xFF,0xFF,0xF8,0x3F,0xFF,0xFF,0xF0,0x00,0x00,0x00,0x00,0x00,0x00,0x00,0x00,0x03,0xFF,0xFF,0x80,0x03,0xFF,0xFF,0x80,0x00,0x00,0x00,0x00,0x00,0x00,0x00,0x00,0x03,0xFF,0xFF,0x80,0x03,0xFF,0xFF,0x80,0x00,0x00,0x00,0x00,0x00,0x00,0x00,0x00,0x03,0xFF,0xFF,0x80,0x03,0xFF,0xFF,0x80,0x03,0x80,0x03,0x80,0x03,0x80,0x03,0x80,0x03,0x80,0x03,0x80,0x03,0x80,0x03,0x80,0x03,0x80,0x03,0x80,0x03,0xFF,0xFF,0x80,0x03,0xFF,0xFF,0x80,0x03,0x80,0x03,0x80,0x00,0x00,0x00,0x00,0x00,0x00,0x00,0x00},
    {0x00,0x00,0x00,0x00,0x00,0x00,0x00,0x00,0x00,0x00,0x00,0x00,0x00,0x06,0x00,0x00,0x00,0x07,0x00,0x00,0x00,0x07,0x00,0x00,0x08,0x07,0x80,0x20,0x1F,0xFF,0xFF,0xF0,0x1F,0xFF,0xFF,0xF0,0x1C,0x00,0x00,0x30,0x1C,0x00,0x00,0x30,0x1D,0xFF,0xFF,0x30,0x1D,0xFF,0xFF,0x30,0x01,0xFF,0xFF,0x00,0x00,0x00,0x00,0x00,0x00,0x00,0x00,0x00,0x1F,0xFF,0xFF,0xF0,0x1F,0xFF,0xFF,0xF0,0x1F,0xFF,0xFF,0xF0,0x00,0x18,0x60,0x00,0x00,0x38,0x60,0x00,0x00,0x38,0x60,0x00,0x00,0x30,0x60,0x00,0x00,0x70,0x60,0x30,0x00,0xF0,0x60,0x38,0x01,0xE0,0x60,0x38,0x07,0xC0,0x70,0x38,0x1F,0x80,0x7F,0xF0,0x3E,0x00,0x7F,0xE0,0x18,0x00,0x00,0x00,0x00,0x00,0x00,0x00,0x00,0x00,0x00,0x00},
    {0x00,0x00,0x00,0x00,0x00,0x00,0x00,0x00,0x00,0x00,0x00,0x00,0x00,0x00,0x60,0x00,0x00,0x00,0xEF,0x00,0x00,0x00,0x67,0x80,0x00,0x00,0x61,0xC0,0x00,0x00,0x60,0xC0,0x07,0xFF,0xFF,0xF8,0x07,0xFF,0xFF,0xF8,0x06,0x00,0x60,0x00,0x06,0x00,0x60,0x00,0x06,0x00,0x60,0xC0,0x06,0x00,0x70,0xE0,0x07,0xFC,0x71,0xC0,0x07,0xFE,0x71,0xC0,0x07,0xFE,0x31,0x80,0x06,0x0E,0x33,0x80,0x0E,0x0E,0x3F,0x00,0x0E,0x0C,0x3F,0x00,0x0E,0x0C,0x1E,0x00,0x0E,0x0C,0x1E,0x00,0x0C,0x0C,0x3C,0x10,0x0D,0xFC,0x7E,0x18,0x1D,0xF8,0xFF,0x38,0x1C,0x01,0xE7,0xB8,0x38,0x07,0xC3,0xF0,0x38,0x1F,0x81,0xF0,0x38,0x1E,0x00,0xE0,0x10,0x08,0x00,0x00,0x00,0x00,0x00,0x00,0x00,0x00,0x00,0x00},
    {0x00,0x00,0x00,0x00,0x00,0x00,0x00,0x00,0x00,0x00,0x00,0x00,0x00,0x00,0x00,0x00,0x18,0x00,0x1F,0xE0,0x1C,0x0F,0xFF,0xF0,0x1E,0x0F,0xFE,0x00,0x0F,0x0E,0x00,0x00,0x07,0x0E,0x00,0x00,0x03,0x8E,0x00,0x00,0x01,0x0E,0x00,0x00,0x00,0x0F,0xFF,0xE0,0x00,0x0F,0xFF,0xE0,0x00,0x0E,0x00,0xE0,0x00,0x0E,0xC1,0xC0,0x3F,0x8C,0xE1,0xC0,0x3F,0x8C,0x7B,0x80,0x03,0x8C,0x3F,0x00,0x03,0x8C,0x1F,0x00,0x03,0x9C,0x1F,0x00,0x03,0x9C,0x3F,0x80,0x03,0x98,0x7B,0xC0,0x03,0xB9,0xF1,0xE0,0x03,0xFB,0xE0,0xF0,0x07,0xB7,0x80,0x60,0x0F,0xE2,0x00,0x00,0x3E,0xF8,0x00,0x18,0x38,0x7F,0xFF,0xF8,0x30,0x1F,0xFF,0xF8,0x00,0x00,0x00,0x00,0x00,0x00,0x00,0x00,0x00,0x00,0x00,0x00},
    {0x00,0x00,0x00,0x00,0x00,0x00,0x00,0x00,0x00,0x00,0x00,0x00,0x00,0x00,0x00,0x00,0x00,0x00,0x00,0x00,0x1F,0xFF,0xFF,0xF0,0x1F,0xFF,0xFF,0xF0,0x1C,0x00,0x00,0x70,0x1C,0x00,0x00,0x70,0x1C,0x00,0x00,0x70,0x1C,0x00,0x00,0x70,0x1C,0x3F,0xF8,0x70,0x1C,0x3F,0xF8,0x70,0x1C,0x30,0x18,0x70,0x1C,0x30,0x18,0x70,0x1C,0x30,0x18,0x70,0x1C,0x30,0x18,0x70,0x1C,0x30,0x18,0x70,0x1C,0x30,0x18,0x70,0x1C,0x30,0x18,0x70,0x1C,0x3F,0xF8,0x70,0x1C,0x3F,0xF8,0x70,0x1C,0x00,0x00,0x70,0x1C,0x00,0x00,0x70,0x1C,0x00,0x00,0x70,0x1C,0x00,0x00,0x70,0x1F,0xFF,0xFF,0xF0,0x1F,0xFF,0xFF,0xF0,0x1C,0x00,0x00,0x70,0x1C,0x00,0x00,0x70,0x00,0x00,0x00,0x00,0x00,0x00,0x00,0x00},
    {0x00,0x00,0x00,0x00,0x00,0x00,0x00,0x00,0x00,0x00,0x00,0x00,0x00,0x00,0x00,0x00,0x3F,0xFF,0x00,0x00,0x3F,0xFF,0x80,0x00,0x1F,0xFF,0xFF,0xF0,0x06,0x0D,0xFF,0xF0,0x06,0x0D,0xFF,0xF0,0x06,0x0C,0x60,0x70,0x07,0xFC,0x70,0x70,0x07,0xFC,0x70,0x60,0x06,0x0C,0x70,0x60,0x06,0x0C,0x30,0xE0,0x06,0x0C,0x30,0xE0,0x06,0x0C,0x38,0xC0,0x07,0xFC,0x19,0xC0,0x07,0xFC,0x1D,0x80,0x06,0x0C,0x1F,0x80,0x06,0x0C,0x0F,0x80,0x06,0x0C,0x0F,0x00,0x06,0x0F,0x0F,0x00,0x06,0x7F,0x0F,0x80,0x3F,0xFF,0x1F,0x80,0x3F,0xFC,0x39,0xC0,0x3C,0x0C,0x78,0xF0,0x00,0x0F,0xF0,0xF8,0x00,0x0F,0xE0,0x3C,0x00,0x0F,0x80,0x18,0x00,0x0E,0x00,0x00,0x00,0x00,0x00,0x00,0x00,0x00,0x00,0x00},
    {0x00,0x00,0x00,0x00,0x00,0x00,0x00,0x00,0x00,0x00,0x00,0x00,0x00,0x00,0x30,0x00,0x0E,0x18,0x70,0x40,0x0F,0x3C,0x30,0xE0,0x07,0x9C,0x30,0xE0,0x03,0xCE,0x31,0xC0,0x01,0xCE,0x31,0xC0,0x00,0x87,0x33,0x80,0x00,0x06,0x33,0x00,0x18,0x1F,0xFF,0xE0,0x1E,0x1F,0xFF,0xE0,0x0F,0x1C,0x00,0xE0,0x07,0x9C,0x00,0x60,0x03,0x9C,0x00,0x60,0x00,0x1F,0xFF,0xE0,0x00,0x1F,0xFF,0xE0,0x00,0x1F,0xFF,0xE0,0x01,0x9C,0x00,0x60,0x01,0x9C,0x00,0x60,0x03,0x9F,0xFF,0xE0,0x03,0x9F,0xFF,0xE0,0x07,0x1F,0xFF,0xE0,0x07,0x1C,0x00,0x60,0x0E,0x1C,0x00,0x60,0x0E,0x1C,0x00,0x60,0x1C,0x1C,0x0F,0xE0,0x1C,0x1C,0x0F,0xE0,0x08,0x1C,0x07,0xC0,0x00,0x00,0x00,0x00,0x00,0x00,0x00,0x00},
    {0x00,0x00,0x00,0x00,0x00,0x00,0x00,0x00,0x00,0x00,0x00,0x00,0x00,0x00,0x00,0x00,0x0F,0xC7,0xE0,0x30,0x0F,0xEF,0xE2,0x30,0x0F,0xEF,0xE7,0x30,0x0C,0xEE,0x67,0x30,0x0C,0xEE,0x66,0x30,0x0C,0xEE,0x66,0x30,0x0C,0xEE,0x66,0x30,0x0C,0xEE,0x66,0x30,0x0C,0xEE,0x66,0x30,0x0C,0xEE,0x66,0x30,0x0C,0xEE,0x66,0x30,0x3F,0xFF,0xFE,0x30,0x3F,0xFF,0xFE,0x30,0x0C,0xEE,0x66,0x30,0x0C,0xEC,0x66,0x30,0x0C,0xEC,0x66,0x30,0x0C,0xEC,0x66,0x30,0x0C,0xEC,0x67,0x30,0x1C,0xEC,0x67,0x30,0x1C,0xEC,0x62,0x30,0x1C,0xEC,0x60,0x30,0x18,0xFC,0x60,0x30,0x38,0xFC,0x60,0x30,0x3B,0xF9,0xE3,0xF0,0x33,0xFB,0xE7,0xF0,0x33,0xC9,0xC3,0xE0,0x00,0x00,0x00,0x00,0x00,0x00,0x00,0x00},
    {0x00,0x00,0x00,0x00,0x00,0x00,0x00,0x00,0x00,0x00,0x00,0x00,0x00,0x00,0x30,0x00,0x0F,0xF0,0x38,0x00,0x1F,0xF8,0x7C,0x00,0x1C,0x70,0xFE,0x00,0x1C,0x71,0xCF,0x00,0x1C,0x63,0xC7,0x80,0x1C,0xE7,0x83,0xC0,0x1C,0xCF,0x01,0xF0,0x1D,0xFE,0x00,0xFC,0x1D,0xBF,0xFF,0xFC,0x1D,0xD3,0xFF,0xD8,0x1D,0xC0,0x30,0x00,0x1C,0xE0,0x30,0x00,0x1C,0xE0,0x38,0x00,0x1C,0x7F,0xFF,0xF8,0x1C,0x7F,0xFF,0xF8,0x1C,0x60,0x38,0x00,0x1C,0x67,0x33,0x80,0x1F,0xE7,0x31,0xC0,0x1F,0xEE,0x31,0xC0,0x1C,0x0E,0x30,0xE0,0x1C,0x1C,0x30,0x70,0x1C,0x3C,0x30,0x70,0x1C,0x78,0x30,0x38,0x1C,0x73,0xF0,0x38,0x1C,0x03,0xF0,0x00,0x1C,0x01,0xE0,0x00,0x00,0x00,0x00,0x00,0x00,0x00,0x00,0x00},
    {0x00,0x00,0x00,0x00,0x00,0x00,0x00,0x00,0x00,0x00,0x00,0x00,0x00,0x00,0x00,0x00,0x08,0x00,0x00,0x00,0x1C,0x0F,0xFF,0xC0,0x0E,0x0F,0xFF,0xC0,0x07,0x00,0x00,0x00,0x03,0x80,0x00,0x00,0x03,0x80,0x00,0x00,0x01,0x00,0x00,0x00,0x00,0x3F,0xFF,0xF8,0x00,0x3F,0xFF,0xF8,0x00,0x21,0xC0,0x00,0x1F,0x01,0xC0,0x00,0x3F,0x81,0xC7,0x00,0x3F,0x83,0x87,0x00,0x03,0x83,0x83,0x80,0x03,0x83,0x03,0xC0,0x03,0x87,0x01,0xC0,0x03,0x86,0x03,0xE0,0x03,0x9F,0xFF,0xE0,0x03,0x9F,0xFF,0xF0,0x03,0x9F,0xE0,0x70,0x07,0x80,0x00,0x30,0x0F,0xE0,0x00,0x20,0x1C,0xF8,0x00,0x18,0x38,0x7F,0xFF,0xF8,0x30,0x1F,0xFF,0xF8,0x00,0x00,0x00,0x00,0x00,0x00,0x00,0x00,0x00,0x00,0x00,0x00},
    {0x00,0x00,0x00,0x00,0x00,0x00,0x00,0x00,0x00,0x00,0x00,0x00,0x00,0x40,0x00,0x00,0x00,0xE0,0x00,0x00,0x01,0xE7,0xFF,0xE0,0x03,0xC7,0xFF,0xF0,0x07,0x80,0x00,0x00,0x0F,0x00,0x00,0x00,0x1E,0x00,0x00,0x00,0x1C,0x70,0x00,0x00,0x18,0xF0,0x00,0x00,0x00,0xEF,0xFF,0xF8,0x01,0xCF,0xFF,0xF8,0x03,0x8F,0xFF,0xF0,0x07,0x80,0x07,0x00,0x0F,0x80,0x07,0x00,0x3F,0x80,0x07,0x00,0x3D,0x80,0x07,0x00,0x11,0x80,0x07,0x00,0x01,0x80,0x07,0x00,0x01,0x80,0x07,0x00,0x01,0x80,0x07,0x00,0x01,0x80,0x07,0x00,0x01,0x80,0x07,0x00,0x01,0x80,0x07,0x00,0x01,0x80,0x07,0x00,0x01,0x80,0xFF,0x00,0x01,0x80,0xFF,0x00,0x01,0x80,0x7C,0x00,0x00,0x00,0x00,0x00,0x00,0x00,0x00,0x00},
    {0x00,0x00,0x00,0x00,0x00,0x00,0x00,0x00,0x00,0x00,0x00,0x00,0x00,0x03,0x00,0x00,0x00,0x03,0x80,0x00,0x00,0x03,0x80,0x00,0x00,0x03,0x80,0x00,0x00,0x03,0x80,0x00,0x00,0x03,0x80,0x00,0x0F,0xFF,0xFF,0xE0,0x0F,0xFF,0xFF,0xE0,0x0C,0x03,0x80,0x60,0x0C,0x03,0x80,0x60,0x0C,0x03,0x80,0x60,0x0C,0x03,0x80,0x60,0x0C,0x03,0x80,0x60,0x0C,0x03,0x80,0x60,0x0E,0x03,0x80,0xE0,0x0F,0xFF,0xFF,0xE0,0x0F,0xFF,0xFF,0xE0,0x0C,0x03,0x80,0x60,0x0C,0x03,0x80,0x60,0x00,0x03,0x80,0x00,0x00,0x03,0x80,0x00,0x00,0x03,0x80,0x00,0x00,0x03,0x80,0x00,0x00,0x03,0x80,0x00,0x00,0x03,0x80,0x00,0x00,0x03,0x80,0x00,0x00,0x03,0x80,0x00,0x00,0x00,0x00,0x00,0x00,0x00,0x00,0x00},
    {0x00,0x00,0x00,0x00,0x00,0x00,0x00,0x00,0x00,0x00,0x00,0x00,0x00,0x00,0x00,0x00,0x00,0x00,0x00,0x00,0x00,0x00,0x00,0x00,0x0F,0xFF,0xFF,0xE0,0x0F,0xFF,0xFF,0xE0,0x00,0x38,0x18,0x00,0x00,0x30,0x18,0x00,0x00,0x30,0x18,0x00,0x00,0x30,0x18,0x00,0x00,0x30,0x18,0x00,0x00,0x30,0x18,0x00,0x00,0x38,0x18,0x00,0x1F,0xFF,0xFF,0xF8,0x1F,0xFF,0xFF,0xF8,0x00,0x38,0x1C,0x00,0x00,0x30,0x18,0x00,0x00,0x30,0x18,0x00,0x00,0x70,0x18,0x00,0x00,0x70,0x18,0x00,0x00,0x60,0x18,0x00,0x00,0xE0,0x18,0x00,0x01,0xE0,0x18,0x00,0x03,0xC0,0x18,0x00,0x0F,0x80,0x18,0x00,0x1F,0x00,0x18,0x00,0x1C,0x00,0x1C,0x00,0x08,0x00,0x08,0x00,0x00,0x00,0x00,0x00,0x00,0x00,0x00,0x00},
    {0x00,0x00,0x00,0x00,0x00,0x00,0x00,0x00,0x00,0x00,0x00,0x00,0x00,0x00,0x00,0x00,0x18,0x00,0x00,0x30,0x1F,0xFF,0xFF,0xF0,0x1F,0xFF,0xFF,0xF0,0x00,0x03,0xC0,0x00,0x00,0x07,0x80,0x00,0x00,0x0F,0xE0,0x00,0x00,0x3F,0xF8,0x00,0x00,0x7B,0xBE,0x00,0x01,0xF3,0x8F,0x80,0x07,0xE3,0x87,0xE0,0x1F,0x83,0x81,0xF0,0x3E,0x03,0x80,0x70,0x18,0x03,0x80,0x30,0x00,0x03,0x80,0x00,0x00,0x01,0x80,0x00,0x03,0xFF,0xFF,0xC0,0x03,0xFF,0xFF,0xC0,0x03,0x00,0x01,0xC0,0x03,0x00,0x01,0xC0,0x03,0x00,0x01,0xC0,0x03,0x00,0x01,0xC0,0x03,0x00,0x01,0xC0,0x03,0xFF,0xFF,0xC0,0x03,0xFF,0xFF,0xC0,0x03,0xFF,0xFF,0xC0,0x03,0x00,0x01,0xC0,0x00,0x00,0x00,0x00,0x00,0x00,0x00,0x00},
    {0x00,0x00,0x00,0x00,0x00,0x00,0x00,0x00,0x00,0x00,0x00,0x00,0x00,0x03,0x00,0x00,0x01,0x83,0x82,0x00,0x01,0xC3,0x07,0x00,0x01,0xE3,0x0F,0x00,0x00,0xE3,0x0E,0x00,0x0F,0xFF,0xFF,0xF0,0x1F,0xFF,0xFF,0xF0,0x1F,0xFF,0xFF,0xF0,0x1C,0x00,0x00,0x70,0x1C,0x00,0x00,0x70,0x1D,0xFF,0xFF,0x70,0x1D,0xFF,0xFF,0x30,0x01,0x00,0x00,0x00,0x00,0x00,0x00,0x00,0x00,0x00,0x00,0x00,0x1F,0xFF,0xFF,0xF8,0x1F,0xFF,0xFF,0xF8,0x1F,0xFF,0xFF,0xF0,0x00,0x78,0x18,0x00,0x00,0x70,0x1C,0x00,0x00,0xE0,0x0E,0x00,0x01,0xC0,0x07,0x00,0x03,0x80,0x1F,0x80,0x0F,0xFF,0xFF,0xC0,0x0F,0xFF,0xFD,0xE0,0x0F,0xE0,0x00,0xE0,0x00,0x00,0x00,0x40,0x00,0x00,0x00,0x00,0x00,0x00,0x00,0x00},
    {0x00,0x00,0x00,0x00,0x00,0x00,0x00,0x00,0x00,0x00,0x00,0x00,0x00,0x00,0x00,0x40,0x06,0x00,0x07,0xE0,0x0F,0x00,0x06,0xF0,0x07,0x80,0x06,0x70,0x03,0xC0,0x06,0x38,0x01,0xC0,0x06,0x30,0x00,0x9F,0xFF,0xF8,0x00,0x1F,0xFF,0xF8,0x00,0x00,0x07,0x00,0x1F,0x00,0x07,0x00,0x3F,0x80,0x07,0x00,0x3F,0x80,0x07,0x00,0x03,0x8F,0xF7,0x00,0x03,0x8F,0xF7,0x00,0x03,0x81,0x83,0x00,0x03,0x81,0x83,0x00,0x03,0x81,0x83,0x00,0x03,0x81,0x83,0x00,0x03,0x81,0x83,0x80,0x03,0x81,0x83,0x80,0x03,0xB1,0xF9,0x98,0x03,0xF3,0xF9,0xD8,0x03,0xFF,0xF1,0xD8,0x03,0xFF,0x80,0xF8,0x03,0x88,0x00,0xF8,0x03,0x00,0x00,0x78,0x00,0x00,0x00,0x30,0x00,0x00,0x00,0x00,0x00,0x00,0x00,0x00},
    {0x00,0x00,0x00,0x00,0x00,0x00,0x00,0x00,0x00,0x00,0x00,0x00,0x00,0x00,0x00,0x00,0x10,0x00,0x00,0x10,0x1F,0xFF,0xFF,0xF0,0x1F,0xFF,0xFF,0xF0,0x00,0x18,0x70,0x00,0x00,0x18,0x70,0x00,0x07,0xFF,0xFF,0xC0,0x07,0xFF,0xFF,0xC0,0x06,0x18,0x70,0xC0,0x06,0x18,0x70,0xC0,0x06,0x18,0x70,0xC0,0x07,0xFF,0xFF,0xC0,0x07,0xFF,0xFF,0xC0,0x07,0xFF,0xFF,0xC0,0x00,0x0E,0x00,0x00,0x10,0x1E,0x00,0x10,0x1F,0xFF,0xFF,0xF0,0x1F,0xFF,0xFF,0xF0,0x00,0x70,0x38,0x00,0x00,0xE0,0x38,0x00,0x01,0xFC,0x70,0x00,0x00,0x7F,0xE0,0x00,0x00,0x0F,0xF8,0x00,0x00,0x3F,0xFE,0x00,0x07,0xFE,0x1F,0xC0,0x1F,0xF0,0x03,0xF0,0x1F,0x00,0x00,0xE0,0x00,0x00,0x00,0x00,0x00,0x00,0x00,0x00},
    {0x00,0x00,0x00,0x00,0x00,0x00,0x00,0x00,0x00,0x00,0x00,0x00,0x00,0x03,0x00,0x00,0x00,0x03,0x9C,0x00,0x00,0x03,0x9E,0x00,0x00,0x03,0x87,0x80,0x00,0x03,0x83,0x80,0x10,0x03,0x83,0x00,0x1F,0xFF,0xFF,0xF0,0x1F,0xFF,0xFF,0xF0,0x00,0x03,0x80,0x00,0x03,0x03,0x81,0xC0,0x03,0x83,0xC1,0xC0,0x03,0xC3,0xC3,0x80,0x01,0xE3,0xE7,0x00,0x00,0xE3,0xFE,0x00,0x00,0x63,0xFC,0x00,0x00,0x03,0xB8,0x00,0x00,0x0F,0x98,0x00,0x00,0x3F,0x9C,0x00,0x00,0x7B,0x8E,0x00,0x01,0xF3,0x87,0x00,0x07,0xC3,0x83,0xC0,0x1F,0x03,0x81,0xE0,0x1E,0x03,0x80,0xF8,0x08,0x03,0x80,0x70,0x00,0x7F,0x80,0x20,0x00,0x7F,0x00,0x00,0x00,0x3E,0x00,0x00,0x00,0x00,0x00,0x00,0x00,0x00,0x00,0x00},
    {0x00,0x00,0x00,0x00,0x00,0x00,0x00,0x00,0x00,0x00,0x00,0x00,0x01,0x00,0x30,0x00,0x03,0x80,0x70,0x00,0x03,0x82,0x70,0x10,0x07,0xFF,0xFF,0xF8,0x0F,0xFF,0xFF,0xF0,0x1E,0x73,0xCE,0x00,0x3C,0x33,0x87,0x00,0x38,0x33,0x87,0x00,0x00,0x23,0x80,0x00,0x07,0xFF,0xFF,0xC0,0x07,0xFF,0xFF,0xC0,0x00,0x03,0x00,0x00,0x00,0x03,0x00,0x00,0x1F,0xFF,0xFF,0xF8,0x1F,0xFF,0xFF,0xF8,0x00,0x00,0x0C,0x00,0x00,0x00,0x0C,0x00,0x07,0xFF,0xFF,0xE0,0x0F,0xFF,0xFF,0xE0,0x0F,0xFF,0xFF,0xE0,0x00,0xE0,0x0C,0x00,0x00,0xF0,0x0C,0x00,0x00,0x78,0x0C,0x00,0x00,0x3C,0x0C,0x00,0x00,0x1D,0x1C,0x00,0x00,0x01,0xFC,0x00,0x00,0x01,0xF8,0x00,0x00,0x00,0x00,0x00,0x00,0x00,0x00,0x00},
    {0x00,0x00,0x00,0x00,0x00,0x00,0x00,0x00,0x00,0x00,0x00,0x00,0x00,0xC0,0x30,0x00,0x01,0xC0,0x30,0x00,0x03,0xC0,0x30,0x00,0x07,0x80,0x70,0x00,0x0F,0x1F,0xFF,0xE0,0x1E,0x1F,0xFF,0xE0,0x3C,0x80,0x30,0x00,0x10,0xC0,0x30,0x00,0x01,0xC0,0x30,0x00,0x03,0xFF,0xFF,0xF0,0x03,0xBF,0xFF,0xF0,0x07,0x00,0x03,0x80,0x0F,0x00,0x03,0x00,0x1F,0x00,0x03,0x00,0x3F,0x1F,0xFF,0xF0,0x33,0x1F,0xFF,0xF0,0x03,0x04,0x03,0x80,0x03,0x0E,0x03,0x00,0x03,0x0F,0x03,0x00,0x03,0x07,0x83,0x00,0x03,0x03,0xC3,0x00,0x03,0x01,0xC3,0x00,0x03,0x00,0xC3,0x00,0x03,0x00,0x03,0x00,0x07,0x00,0x7F,0x00,0x07,0x00,0x7F,0x00,0x07,0x00,0x3E,0x00,0x00,0x00,0x00,0x00,0x00,0x00,0x00,0x00},
    {0x00,0x00,0x00,0x00,0x00,0x00,0x00,0x00,0x00,0x00,0x00,0x00,0x00,0x00,0x00,0x00,0x00,0x00,0x00,0x00,0x0F,0xFF,0xFF,0x80,0x0F,0xFF,0xFF,0x80,0x00,0x00,0x03,0x80,0x00,0x00,0x01,0x80,0x06,0x00,0x01,0x80,0x07,0x00,0x01,0x80,0x07,0x00,0x01,0x80,0x07,0x00,0x01,0x80,0x07,0x00,0x01,0x80,0x07,0xFF,0xFF,0x80,0x07,0xFF,0xFF,0x80,0x07,0xFF,0xFF,0x80,0x07,0x00,0x00,0x00,0x07,0x00,0x00,0x00,0x07,0x00,0x00,0x00,0x07,0x00,0x00,0x00,0x07,0x00,0x00,0x60,0x07,0x00,0x00,0x70,0x07,0x00,0x00,0x70,0x07,0x00,0x00,0x70,0x07,0x00,0x00,0x60,0x07,0x80,0x01,0xE0,0x07,0xFF,0xFF,0xE0,0x01,0xFF,0xFF,0xC0,0x00,0x00,0x00,0x00,0x00,0x00,0x00,0x00,0x00,0x00,0x00,0x00},
    {0x00,0x00,0x00,0x00,0x00,0x00,0x00,0x00,0x00,0x00,0x00,0x00,0x00,0x00,0x00,0x00,0x00,0x00,0x00,0x00,0x0F,0xFF,0xFF,0xE0,0x0F,0xFF,0xFF,0xE0,0x0C,0x00,0x00,0x60,0x0C,0x00,0x00,0x60,0x0C,0xFF,0xFE,0x60,0x0C,0xFF,0xFF,0x60,0x0C,0xFF,0xFF,0x60,0x0C,0x00,0x00,0x60,0x0C,0x00,0x00,0x60,0x0C,0x3F,0xF8,0x60,0x0C,0x3F,0xF8,0x60,0x0C,0x3F,0xF8,0x60,0x0C,0x30,0x18,0x60,0x0C,0x30,0x18,0x60,0x0C,0x30,0x18,0x60,0x0C,0x30,0x18,0x60,0x0C,0x30,0x18,0x60,0x0C,0x3F,0xF8,0x60,0x0C,0x3F,0xF8,0x60,0x0C,0x00,0x00,0x60,0x0C,0x00,0x00,0x60,0x0C,0x00,0x00,0x60,0x0C,0x00,0x1F,0xE0,0x0C,0x00,0x1F,0xE0,0x0C,0x00,0x03,0x80,0x00,0x00,0x00,0x00,0x00,0x00,0x00,0x00},
    {0x00,0x00,0x00,0x00,0x00,0x00,0x00,0x00,0x00,0x00,0x00,0x00,0x00,0x01,0x80,0x00,0x00,0x01,0x80,0x00,0x00,0x01,0x80,0x00,0x01,0xC1,0x80,0x00,0x00,0xC1,0xFF,0xC0,0x00,0xC1,0xFF,0xC0,0x00,0xC1,0x80,0x00,0x00,0xC1,0x80,0x00,0x00,0xC1,0x80,0x00,0x11,0xC3,0xC0,0x10,0x3F,0xFF,0xFF,0xF8,0x1F,0xFF,0xFF,0xF8,0x00,0x03,0x80,0x00,0x00,0x43,0x80,0x80,0x00,0xE3,0x81,0xC0,0x01,0xC3,0x81,0xC0,0x01,0xC3,0x83,0x80,0x03,0x83,0x87,0x80,0x0F,0x03,0x8F,0x00,0x1E,0x03,0x9E,0x00,0x1C,0x03,0xBC,0x00,0x08,0x01,0xF8,0x00,0x00,0x03,0xE0,0x00,0x00,0x1F,0x80,0x00,0x07,0xFF,0x00,0x00,0x07,0xF8,0x00,0x00,0x07,0x80,0x00,0x00,0x00,0x00,0x00,0x00,0x00,0x00,0x00,0x00},
    {0x00,0x00,0x00,0x00,0x00,0x00,0x00,0x00,0x00,0x00,0x00,0x00,0x00,0x03,0x80,0x00,0x00,0x03,0x80,0x00,0x00,0x03,0x00,0x00,0x00,0x03,0x00,0x00,0x04,0x03,0x80,0x40,0x0F,0xFF,0xFF,0xE0,0x07,0xFF,0xFF,0xC0,0x00,0x03,0x00,0x00,0x00,0x03,0x00,0x00,0x00,0x03,0x00,0x00,0x00,0x03,0x00,0x00,0x1C,0x03,0x80,0x30,0x1F,0xFF,0xFF,0xF0,0x1F,0xFF,0xFF,0xF0,0x00,0x0F,0xC0,0x00,0x00,0x1F,0xE0,0x00,0x00,0x3F,0xF0,0x00,0x00,0x7B,0x38,0x00,0x00,0x73,0x3C,0x00,0x01,0xE3,0x1E,0x00,0x03,0xC3,0x0F,0x00,0x0F,0x83,0x07,0xC0,0x1F,0x03,0x01,0xF0,0x3E,0x03,0x00,0xF8,0x18,0x03,0x00,0x70,0x00,0x03,0x80,0x00,0x00,0x03,0x80,0x00,0x00,0x00,0x00,0x00,0x00,0x00,0x00,0x00},
    {0x00,0x00,0x00,0x00,0x00,0x00,0x00,0x00,0x00,0x00,0x00,0x00,0x00,0xE0,0x0E,0x00,0x00,0xF0,0x1E,0x00,0x00,0x70,0x1C,0x00,0x00,0x38,0x38,0x00,0x18,0x3C,0x78,0x70,0x3F,0xFF,0xFF,0xF8,0x1F,0xFF,0xFF,0xF0,0x00,0x00,0x00,0x00,0x00,0x00,0x00,0xE0,0x0F,0xFE,0x38,0xE0,0x0F,0xFE,0x38,0xE0,0x0E,0x06,0x30,0xE0,0x0E,0x06,0x30,0xE0,0x0F,0xFE,0x30,0xE0,0x0F,0xFE,0x30,0xE0,0x0F,0xFE,0x30,0xE0,0x0E,0x06,0x30,0xE0,0x0E,0x06,0x30,0xE0,0x0F,0xFE,0x30,0xE0,0x0F,0xFE,0x38,0xE0,0x0E,0x0E,0x38,0xE0,0x0E,0x06,0x00,0xE0,0x0E,0x06,0x00,0xE0,0x0E,0x0E,0x00,0xE0,0x0E,0x7E,0x1F,0xE0,0x0E,0x7E,0x1F,0xE0,0x06,0x3C,0x0F,0xC0,0x00,0x00,0x00,0x00,0x00,0x00,0x00,0x00},
    {0x00,0x00,0x00,0x00,0x00,0x00,0x00,0x00,0x00,0x00,0x00,0x00,0x01,0x80,0x40,0x00,0x01,0xC0,0xE0,0x00,0x01,0x80,0x70,0x00,0x03,0xBF,0xFF,0xE0,0x03,0xBF,0xFF,0xE0,0x03,0x38,0x00,0x60,0x07,0x38,0x00,0x60,0x06,0x38,0x00,0x60,0x0E,0x3F,0xFF,0xE0,0x0E,0x3F,0xFF,0xE0,0x1E,0x38,0x00,0x60,0x3E,0x38,0x00,0x00,0x7E,0x38,0x00,0x00,0x36,0x3F,0xFF,0xF0,0x26,0x3F,0xFF,0xF0,0x06,0x3E,0xE7,0x70,0x06,0x3C,0x66,0x30,0x06,0x3C,0x66,0x30,0x06,0x7E,0xE7,0x70,0x06,0x7F,0xFF,0xF0,0x06,0x6F,0xFF,0xF0,0x06,0xEC,0x66,0x30,0x06,0xEC,0x66,0x30,0x07,0xCC,0x66,0x30,0x07,0xCC,0x67,0xF0,0x06,0x8C,0x67,0xF0,0x06,0x0C,0x00,0xE0,0x00,0x00,0x00,0x00,0x00,0x00,0x00,0x00},
    {0x00,0x00,0x00,0x00,0x00,0x00,0x00,0x00,0x00,0x00,0x00,0x00,0x00,0x60,0x0C,0x00,0x00,0x70,0x1C,0x00,0x00,0x38,0x3C,0x00,0x00,0x38,0x38,0x00,0x0F,0xFF,0xFF,0xE0,0x0F,0xFF,0xFF,0xE0,0x00,0x03,0x00,0x00,0x00,0x03,0x00,0x00,0x07,0xFF,0xFF,0xC0,0x07,0xFF,0xFF,0xC0,0x00,0x07,0x00,0x00,0x00,0x06,0x00,0x00,0x1F,0xFF,0xFF,0xF0,0x1F,0xFF,0xFF,0xF8,0x10,0x1E,0x00,0x10,0x00,0x1C,0x00,0x00,0x00,0x1C,0x00,0x00,0x00,0x3F,0xFF,0xC0,0x00,0x7F,0xFF,0xC0,0x00,0x70,0x70,0x00,0x00,0xE0,0x70,0x00,0x01,0xC0,0x70,0x00,0x07,0x80,0x70,0x00,0x0F,0x80,0x70,0x00,0x3E,0xFF,0xFF,0xF0,0x3C,0xFF,0xFF,0xF0,0x10,0x00,0x00,0x00,0x00,0x00,0x00,0x00,0x00,0x00,0x00,0x00},
    {0x00,0x00,0x00,0x00,0x00,0x00,0x00,0x00,0x00,0x00,0x00,0x00,0x00,0x00,0x00,0x00,0x0C,0x00,0x00,0x00,0x1F,0x7F,0xFF,0xF8,0x07,0xFF,0xFF,0xF0,0x03,0xC1,0x8C,0x00,0x01,0x81,0xCE,0x20,0x00,0x3F,0xFF,0xF0,0x00,0x3F,0xFF,0xF0,0x38,0x31,0x8C,0x70,0x3C,0x31,0x8C,0x70,0x1F,0x3F,0xFF,0xF0,0x07,0x3F,0xFF,0xF0,0x03,0x00,0x00,0x00,0x00,0x00,0x00,0x00,0x00,0x1F,0xFF,0xE0,0x00,0x1F,0xFF,0xC0,0x00,0x00,0x00,0x00,0x03,0xFF,0xFF,0xF0,0x03,0x7F,0xFF,0xF8,0x07,0x24,0x79,0x10,0x07,0x0E,0x33,0x80,0x0E,0x0E,0x33,0xC0,0x0E,0x1C,0x31,0xE0,0x1C,0x38,0x30,0xF0,0x3C,0xF0,0x70,0x78,0x38,0x63,0xF0,0x30,0x18,0x03,0xE0,0x00,0x00,0x00,0x00,0x00,0x00,0x00,0x00,0x00},
    {0x00,0x00,0x00,0x00,0x00,0x00,0x00,0x00,0x00,0x00,0x00,0x00,0x00,0x30,0x10,0x00,0x00,0xF8,0x38,0x00,0x1F,0xF0,0x7F,0xC0,0x1F,0xC0,0xFF,0xE0,0x1D,0x81,0xFF,0xE0,0x01,0x83,0xC1,0xE0,0x01,0x87,0xC1,0xC0,0x01,0x9F,0xE3,0x80,0x3F,0xFC,0x7F,0x00,0x3F,0xF0,0x3E,0x00,0x03,0x80,0x3C,0x00,0x03,0xC0,0xFE,0x00,0x07,0xE3,0xFE,0x00,0x07,0xFF,0xDF,0xF8,0x0F,0xFE,0x3F,0xF8,0x0F,0xA0,0xF0,0x38,0x1D,0x81,0xE0,0x70,0x39,0x87,0xE0,0xF0,0x39,0x8F,0x79,0xE0,0x31,0x8C,0x3F,0xC0,0x01,0x80,0x1F,0x80,0x01,0x80,0x0F,0x00,0x01,0x80,0x3E,0x00,0x01,0x80,0xF8,0x00,0x01,0x8F,0xE0,0x00,0x01,0x9F,0x80,0x00,0x01,0x9E,0x00,0x00,0x00,0x00,0x00,0x00,0x00,0x00,0x00,0x00},
    {0x00,0x00,0x00,0x00,0x00,0x00,0x00,0x00,0x00,0x00,0x00,0x00,0x00,0x00,0x00,0x00,0x01,0xC0,0x00,0x00,0x01,0x80,0x00,0x00,0x01,0x87,0xFF,0xF0,0x01,0x87,0xFF,0xF0,0x01,0x80,0x00,0x70,0x3F,0xF8,0x00,0x70,0x3F,0xF8,0x00,0x70,0x01,0xC0,0x00,0x70,0x01,0x80,0x00,0x70,0x01,0x80,0x00,0x70,0x01,0x80,0x00,0x70,0x01,0x8B,0xFF,0xF0,0x01,0xFB,0xFF,0xF0,0x03,0xF9,0x80,0x70,0x3F,0xE0,0x00,0x70,0x3F,0x80,0x00,0x70,0x39,0x80,0x00,0x70,0x01,0x80,0x00,0x70,0x01,0x80,0x00,0x70,0x01,0x80,0x00,0x70,0x01,0x80,0x00,0x70,0x01,0x87,0x00,0x70,0x01,0x87,0xFF,0xF0,0x0B,0x87,0xFF,0xF0,0x0F,0x80,0x00,0x70,0x0F,0x00,0x00,0x30,0x00,0x00,0x00,0x00,0x00,0x00,0x00,0x00},
    {0x00,0x00,0x00,0x00,0x00,0x00,0x00,0x00,0x00,0x00,0x00,0x00,0x00,0x00,0x00,0x00,0x03,0x01,0x83,0x00,0x03,0x01,0x83,0x00,0x03,0x01,0x83,0x00,0x03,0x01,0x87,0x00,0x03,0x1F,0xFF,0xF8,0x3F,0xFF,0xFF,0xF8,0x3F,0xE1,0x83,0x00,0x1F,0x81,0x83,0x00,0x03,0x01,0x83,0x00,0x03,0x00,0x00,0x00,0x03,0x1F,0xFF,0xE0,0x03,0x3F,0xFF,0xE0,0x03,0xFC,0x38,0x60,0x07,0xFC,0x30,0x60,0x3F,0x9C,0x30,0x60,0x3F,0x1C,0x38,0x60,0x33,0x1F,0xFF,0xE0,0x03,0x1F,0xFF,0xE0,0x03,0x1C,0x38,0x60,0x03,0x1C,0x30,0x60,0x03,0x1C,0x30,0x60,0x03,0x1C,0x30,0x60,0x03,0x1F,0xFF,0xE0,0x17,0x1F,0xFF,0xE0,0x3F,0x1C,0x00,0x70,0x1F,0x1C,0x00,0x70,0x00,0x00,0x00,0x00,0x00,0x00,0x00,0x00},
    {0x00,0x00,0x00,0x00,0x00,0x00,0x00,0x00,0x00,0x00,0x00,0x00,0x00,0x00,0x00,0x00,0x00,0x61,0x80,0x00,0x00,0x71,0x80,0x00,0x00,0xE1,0x80,0x00,0x00,0xE1,0x80,0x00,0x01,0xFF,0xFF,0xC0,0x01,0xFF,0xFF,0xE0,0x03,0xFF,0xFF,0xC0,0x07,0x81,0x80,0x00,0x0F,0x03,0x80,0x00,0x0E,0x03,0x80,0x00,0x0C,0x03,0x80,0x00,0x04,0x03,0x80,0x10,0x1F,0xFF,0xFF,0xF0,0x1F,0xFF,0xFF,0xF0,0x00,0x07,0xC0,0x00,0x00,0x07,0xC0,0x00,0x00,0x0E,0xE0,0x00,0x00,0x0E,0x70,0x00,0x00,0x1C,0x78,0x00,0x00,0x38,0x3C,0x00,0x00,0xF8,0x1E,0x00,0x01,0xE0,0x0F,0x80,0x07,0xC0,0x07,0xE0,0x1F,0x80,0x01,0xF8,0x1E,0x00,0x00,0x78,0x08,0x00,0x00,0x10,0x00,0x00,0x00,0x00,0x00,0x00,0x00,0x00},
    {0x00,0x00,0x00,0x00,0x00,0x00,0x00,0x00,0x00,0x00,0x00,0x00,0x00,0x00,0x38,0x00,0x0F,0xF8,0x38,0x00,0x1F,0xFC,0x30,0x00,0x1F,0xFC,0x30,0x00,0x1C,0x1C,0x70,0x00,0x1D,0xDC,0x7F,0xF8,0x1D,0xDC,0x7F,0xF8,0x1D,0xDC,0xFF,0xF8,0x1D,0xDC,0xE1,0xC0,0x1D,0xDD,0xE1,0xC0,0x1D,0xDD,0xE1,0xC0,0x1D,0xDF,0xE1,0x80,0x1D,0xDF,0xF1,0x80,0x1D,0xDF,0x73,0x80,0x1D,0xDE,0x33,0x80,0x1D,0xDC,0x3B,0x00,0x1D,0xDC,0x1F,0x00,0x1D,0xDC,0x1F,0x00,0x1D,0x9C,0x0E,0x00,0x1D,0x9C,0x0F,0x00,0x03,0xA0,0x1F,0x80,0x03,0xF0,0x3F,0x80,0x07,0x38,0x79,0xE0,0x0F,0x38,0xF0,0xF0,0x1E,0x1F,0xE0,0x78,0x3C,0x0F,0xC0,0x3C,0x18,0x03,0x00,0x18,0x00,0x00,0x00,0x00,0x00,0x00,0x00,0x00},
    {0x00,0x00,0x00,0x00,0x00,0x00,0x00,0x00,0x00,0x00,0x00,0x00,0x00,0x03,0x00,0x00,0x00,0x03,0x00,0x00,0x00,0x03,0x00,0x00,0x00,0x03,0x00,0x00,0x00,0x03,0xFF,0xE0,0x00,0x03,0xFF,0xE0,0x00,0x03,0x00,0x00,0x00,0x03,0x00,0x00,0x00,0x03,0x00,0x00,0x01,0xFF,0xFF,0x80,0x03,0xFF,0xFF,0x80,0x03,0xFF,0xFF,0x80,0x03,0x80,0x01,0x80,0x03,0x80,0x01,0x80,0x03,0x80,0x01,0x80,0x03,0x80,0x01,0x80,0x03,0xFF,0xFF,0x80,0x03,0xFF,0xFF,0x80,0x03,0xFF,0xFF,0x80,0x02,0x00,0x01,0x80,0x03,0x18,0xE3,0x80,0x07,0x18,0x61,0xC0,0x0E,0x18,0x71,0xE0,0x0E,0x1C,0x70,0xE0,0x1C,0x1C,0x38,0x70,0x3C,0x1C,0x38,0x70,0x18,0x1C,0x38,0x20,0x00,0x00,0x00,0x00,0x00,0x00,0x00,0x00},
    {0x00,0x00,0x00,0x00,0x00,0x00,0x00,0x00,0x00,0x00,0x00,0x00,0x03,0x00,0x20,0x00,0x03,0x00,0x70,0x00,0x03,0x00,0x30,0x00,0x03,0x00,0x38,0x00,0x03,0x1F,0xFF,0xF0,0x03,0x1F,0xFF,0xF8,0x3F,0xFF,0xFF,0xF8,0x3F,0xF8,0x70,0x38,0x03,0x18,0x70,0x38,0x03,0x18,0xE0,0x38,0x03,0x18,0xE0,0x00,0x03,0x19,0xE0,0x18,0x03,0x3F,0xFF,0xF8,0x03,0x7F,0xFF,0xF8,0x07,0xE3,0x83,0x80,0x3F,0xC3,0x83,0x80,0x3F,0x07,0x03,0x00,0x33,0x07,0x07,0x00,0x03,0x0F,0x8E,0x00,0x03,0x07,0xFE,0x00,0x03,0x00,0xFC,0x00,0x03,0x00,0x7E,0x00,0x03,0x01,0xFF,0x80,0x03,0x07,0xE7,0xE0,0x17,0x7F,0x81,0xF0,0x3F,0x7E,0x00,0x70,0x1E,0x30,0x00,0x20,0x00,0x00,0x00,0x00,0x00,0x00,0x00,0x00},
    {0x00,0x00,0x00,0x00,0x00,0x00,0x00,0x00,0x00,0x00,0x00,0x00,0x00,0x00,0x03,0x80,0x00,0x00,0xFF,0xC0,0x07,0xFF,0xFF,0x00,0x07,0xFF,0xC0,0x00,0x00,0x03,0x00,0x00,0x1F,0xFF,0xFF,0xF0,0x1F,0xFF,0xFF,0xF8,0x1F,0xFF,0xFF,0xF0,0x00,0x03,0x00,0x00,0x03,0xFF,0xFF,0x80,0x03,0xFF,0xFF,0x80,0x03,0x03,0x01,0x80,0x03,0x03,0x81,0x80,0x03,0xFF,0xFF,0x80,0x03,0xFF,0xFF,0x80,0x03,0x03,0x01,0x80,0x03,0xFF,0xFF,0x80,0x03,0xFF,0xFF,0xC0,0x03,0xFF,0x83,0x80,0x00,0x03,0x00,0x00,0x07,0xFF,0xFF,0xE0,0x0F,0xFF,0xFF,0xE0,0x00,0x03,0x80,0x00,0x00,0x03,0x00,0x00,0x3F,0xFF,0xFF,0xF8,0x3F,0xFF,0xFF,0xF8,0x00,0x00,0x00,0x00,0x00,0x00,0x00,0x00,0x00,0x00,0x00,0x00},
    {0x00,0x00,0x00,0x00,0x00,0x00,0x00,0x00,0x00,0x00,0x00,0x00,0x00,0x00,0x18,0x00,0x0C,0x03,0x38,0x00,0x1E,0x07,0x38,0x00,0x0F,0x07,0x38,0x00,0x07,0x07,0xFF,0xE0,0x03,0x8F,0xFF,0xE0,0x01,0xDE,0x38,0x00,0x01,0x9C,0x38,0x00,0x00,0x08,0x38,0x00,0x00,0x00,0x38,0x00,0x00,0x3F,0xFF,0xF8,0x1F,0xBF,0xFF,0xF0,0x3F,0x80,0xCC,0x00,0x1F,0x81,0xCC,0x00,0x01,0x81,0xCC,0x00,0x01,0x81,0x8C,0x10,0x01,0x83,0x8C,0x38,0x01,0x87,0x0C,0x38,0x01,0x8F,0x0E,0x38,0x01,0xBE,0x0F,0xF0,0x01,0xF8,0x0F,0xF0,0x03,0xF0,0x03,0xE0,0x0F,0xE0,0x00,0x00,0x1E,0xF8,0x00,0x18,0x3C,0x7F,0xFF,0xF8,0x38,0x1F,0xFF,0xF8,0x10,0x00,0x00,0x00,0x00,0x00,0x00,0x00,0x00,0x00,0x00,0x00},
    {0x00,0x00,0x00,0x00,0x00,0x00,0x00,0x00,0x00,0x00,0x00,0x00,0x01,0x80,0x00,0x00,0x03,0x8F,0xFF,0xC0,0x03,0x8F,0xFF,0xE0,0x03,0x8F,0xFF,0xC0,0x01,0x83,0x81,0xC0,0x01,0x81,0xC3,0x80,0x1F,0xF0,0xF7,0x00,0x1F,0xF0,0x7E,0x00,0x03,0x80,0x3E,0x00,0x01,0x80,0xFF,0x00,0x01,0x83,0xE7,0xE0,0x01,0x9F,0x99,0xF8,0x01,0x9E,0x18,0x78,0x01,0xF0,0x18,0x10,0x03,0xF7,0xFF,0xE0,0x1F,0xC7,0xFF,0xE0,0x3F,0x80,0x38,0x00,0x19,0x80,0x18,0x00,0x01,0x80,0x18,0x00,0x01,0x9F,0xFF,0xF8,0x01,0x9F,0xFF,0xF8,0x01,0x80,0x18,0x00,0x01,0x80,0x18,0x00,0x03,0x80,0x18,0x00,0x1F,0x80,0x18,0x00,0x1F,0x80,0x18,0x00,0x1F,0x00,0x18,0x00,0x00,0x00,0x00,0x00,0x00,0x00,0x00,0x00},
    {0x00,0x00,0x00,0x00,0x00,0x00,0x00,0x00,0x00,0x00,0x00,0x00,0x00,0x00,0x00,0x00,0x00,0x00,0x00,0x00,0x1F,0xFF,0xFF,0xF0,0x0F,0xFF,0xFF,0xF0,0x0C,0x00,0x00,0x70,0x0C,0x0E,0x04,0x70,0x0C,0x0E,0x0E,0x70,0x0C,0x0E,0x0E,0x70,0x0D,0x8F,0x8E,0x70,0x0D,0xCD,0xCE,0x70,0x0C,0xFC,0xEC,0x70,0x0C,0x7C,0x7C,0x70,0x0C,0x3C,0x3C,0x70,0x0C,0x3C,0x3C,0x70,0x0C,0x1C,0x1C,0x70,0x0C,0x3E,0x1E,0x70,0x0C,0x3F,0x3F,0x70,0x0C,0x77,0x37,0x70,0x0C,0x73,0xF3,0xF0,0x0C,0xE0,0xE1,0x70,0x0D,0xC0,0xE0,0x70,0x0F,0xC1,0xC0,0x70,0x0F,0x83,0xC0,0x70,0x0C,0x00,0x80,0x70,0x0C,0x00,0x0F,0xF0,0x1C,0x00,0x0F,0xE0,0x0C,0x00,0x00,0x00,0x00,0x00,0x00,0x00,0x00,0x00,0x00,0x00},
    {0x00,0x00,0x00,0x00,0x00,0x00,0x00,0x00,0x00,0x00,0x00,0x00,0x01,0x80,0x30,0x00,0x01,0xC0,0x70,0x00,0x03,0x80,0x70,0x00,0x03,0x80,0xFF,0xE0,0x07,0x00,0xFF,0xE0,0x07,0x01,0xE0,0xE0,0x06,0x33,0xE1,0xC0,0x0E,0x3F,0xF3,0xC0,0x1C,0x7F,0x77,0x80,0x3F,0xE6,0x3F,0x00,0x1F,0xE0,0x1E,0x00,0x19,0xC0,0x3F,0x00,0x03,0x80,0xFF,0xC0,0x03,0x83,0xE3,0xF0,0x07,0x07,0xC0,0xF8,0x0E,0x7F,0x80,0x78,0x1F,0xF7,0xFF,0xF8,0x1F,0xE1,0xFF,0xE0,0x18,0x01,0x80,0x60,0x00,0x01,0x80,0x60,0x00,0x11,0x80,0x60,0x00,0xF1,0x80,0x60,0x0F,0xF1,0x80,0x60,0x3F,0xC1,0xFF,0xE0,0x3E,0x01,0xFF,0xE0,0x00,0x01,0xFF,0xE0,0x00,0x01,0x80,0x60,0x00,0x00,0x00,0x00,0x00,0x00,0x00,0x00},
    {0x00,0x00,0x00,0x00,0x00,0x00,0x00,0x00,0x00,0x00,0x00,0x00,0x03,0x80,0x60,0x00,0x03,0x80,0x66,0x00,0x03,0x80,0x67,0x00,0x03,0x80,0x67,0x80,0x03,0x80,0x63,0xC0,0x03,0x80,0x61,0xC0,0x3F,0xF0,0x60,0xC0,0x3F,0xF0,0x60,0xF0,0x03,0x81,0xFF,0xF0,0x03,0x8F,0xFF,0xF0,0x03,0x8F,0xF0,0x00,0x03,0x80,0x70,0x00,0x03,0xB0,0x71,0xC0,0x03,0xF0,0x71,0xC0,0x07,0xE0,0x33,0x80,0x3F,0x80,0x37,0x00,0x3F,0x80,0x3F,0x00,0x13,0x80,0x3E,0x00,0x03,0x80,0x3C,0x00,0x03,0x80,0x3C,0x00,0x03,0x80,0x7C,0x10,0x03,0x81,0xFE,0x18,0x03,0x83,0xCF,0x38,0x03,0x8F,0x87,0x38,0x1F,0xBF,0x03,0xF0,0x1F,0xBC,0x01,0xF0,0x1F,0x10,0x00,0xE0,0x00,0x00,0x00,0x00,0x00,0x00,0x00,0x00},
    {0x00,0x00,0x00,0x00,0x00,0x00,0x00,0x00,0x00,0x00,0x00,0x00,0x00,0x00,0x00,0x00,0x00,0x00,0x00,0x70,0x1F,0xFF,0xC8,0x70,0x1F,0xFF,0xDC,0x70,0x01,0xC0,0x1C,0x70,0x01,0xCE,0x1C,0x70,0x03,0x8E,0x1C,0x70,0x03,0x87,0x1C,0x70,0x07,0x03,0x9C,0x70,0x0F,0xFF,0xDC,0x70,0x1F,0xFF,0xDC,0x70,0x1F,0xF0,0xFC,0x70,0x00,0x70,0xDC,0x70,0x00,0x70,0x1C,0x70,0x00,0x70,0x1C,0x70,0x0F,0xFF,0xDC,0x70,0x0F,0xFF,0xDC,0x70,0x0F,0xFF,0x9C,0x70,0x00,0x70,0x1C,0x70,0x00,0x70,0x1C,0x70,0x00,0x70,0x4C,0x70,0x00,0x77,0xC0,0x70,0x00,0xFF,0xC0,0x70,0x3F,0xFE,0x00,0x70,0x1F,0xC0,0x07,0xF0,0x18,0x00,0x07,0xF0,0x00,0x00,0x07,0xC0,0x00,0x00,0x00,0x00,0x00,0x00,0x00,0x00},
    {0x00,0x00,0x00,0x00,0x00,0x00,0x00,0x00,0x00,0x00,0x00,0x00,0x03,0x00,0x08,0x00,0x03,0x80,0x1C,0x00,0x03,0x00,0x3C,0x00,0x07,0x00,0x7F,0x00,0x3F,0xF8,0xF7,0x80,0x3F,0xF9,0xE3,0xC0,0x06,0x07,0xC1,0xF0,0x0E,0x0F,0xFF,0xF8,0x0F,0xCE,0xFF,0xB8,0x0D,0xC0,0x00,0x00,0x1C,0xC0,0x00,0x30,0x1C,0xC7,0xFB,0x30,0x1D,0xDF,0xFB,0x30,0x3F,0xFF,0x3B,0x30,0x1F,0xFF,0x3B,0x30,0x00,0xC7,0xFB,0x30,0x00,0xC7,0xFB,0x30,0x00,0xC7,0x3B,0x30,0x00,0xFF,0x3B,0x30,0x1F,0xFF,0xFB,0x30,0x3F,0xE7,0xFB,0x30,0x3D,0xC7,0x3B,0x30,0x00,0xC7,0x38,0x30,0x00,0xC7,0x38,0x30,0x00,0xC7,0x39,0xF0,0x01,0xC7,0xF1,0xF0,0x01,0xC7,0x71,0xE0,0x00,0x00,0x00,0x00,0x00,0x00,0x00,0x00},
    {0x00,0x00,0x00,0x00,0x00,0x00,0x00,0x00,0x00,0x00,0x00,0x00,0x00,0x00,0x00,0x00,0x00,0x18,0x00,0x00,0x00,0x3C,0x00,0x00,0x00,0x1E,0x00,0x00,0x00,0x07,0x00,0x00,0x00,0x03,0x80,0x00,0x00,0x03,0xC0,0x00,0x00,0x03,0xC0,0x00,0x00,0x03,0xC0,0x00,0x00,0x07,0xE0,0x00,0x00,0x07,0xE0,0x00,0x00,0x06,0x70,0x00,0x00,0x0E,0x70,0x00,0x00,0x0E,0x30,0x00,0x00,0x1C,0x38,0x00,0x00,0x1C,0x38,0x00,0x00,0x38,0x1C,0x00,0x00,0x38,0x1C,0x00,0x00,0x70,0x0E,0x00,0x00,0xF0,0x0F,0x00,0x01,0xE0,0x07,0x80,0x03,0xC0,0x03,0xC0,0x07,0x80,0x01,0xE0,0x0F,0x00,0x01,0xF0,0x3E,0x00,0x00,0xF8,0x1C,0x00,0x00,0x38,0x00,0x00,0x00,0x00,0x00,0x00,0x00,0x00,0x00,0x00,0x00,0x00},
    {0x00,0x00,0x00,0x00,0x00,0x00,0x00,0x00,0x00,0x00,0x00,0x00,0x00,0x02,0x00,0x00,0x00,0x07,0x00,0x00,0x00,0x03,0x80,0x00,0x1F,0xFF,0xFF,0xF0,0x1F,0xFF,0xFF,0xF0,0x1C,0x0E,0x08,0x70,0x1C,0x0F,0x0C,0x70,0x1C,0x37,0x9C,0x70,0x19,0xB1,0xF9,0xB0,0x03,0xB0,0xF3,0xC0,0x07,0x31,0xE1,0xC0,0x0F,0x33,0xC6,0xE0,0x1E,0x3F,0x86,0x70,0x1C,0x3E,0x06,0x70,0x00,0xFF,0xFE,0x20,0x03,0xFF,0xFC,0x00,0x1F,0xCF,0xF0,0x00,0x1E,0x03,0x80,0x00,0x10,0x03,0x80,0x80,0x07,0x03,0x81,0xC0,0x07,0x03,0x81,0xC0,0x07,0x03,0x81,0xC0,0x07,0x03,0x81,0xC0,0x07,0xFF,0xFF,0xC0,0x07,0xFF,0xFF,0xC0,0x03,0xFF,0xFF,0xC0,0x00,0x00,0x01,0xC0,0x00,0x00,0x00,0x00,0x00,0x00,0x00,0x00},
    {0x00,0x00,0x00,0x00,0x00,0x00,0x00,0x00,0x00,0x00,0x00,0x00,0x00,0x00,0x00,0x00,0x00,0x04,0x00,0x00,0x3F,0xF7,0xFF,0xC0,0x3F,0xF7,0xFF,0xC0,0x03,0x80,0x00,0xC0,0x03,0x01,0x81,0xC0,0x03,0x03,0x81,0xC0,0x03,0x03,0x81,0xC0,0x07,0x03,0x81,0xC0,0x06,0x03,0x81,0x80,0x07,0x03,0x01,0x80,0x0F,0xF3,0x01,0x80,0x0F,0xF3,0xFF,0xF8,0x1E,0x37,0xFF,0xF8,0x3E,0x33,0xFF,0xF8,0x3E,0x30,0x00,0x30,0x3E,0x30,0x00,0x30,0x36,0x30,0x00,0x30,0x06,0x37,0xFF,0x30,0x06,0x37,0xFF,0x30,0x06,0x30,0x00,0x70,0x06,0x70,0x00,0x70,0x07,0xF0,0x00,0x70,0x07,0xF0,0x00,0x60,0x06,0x30,0x0F,0xE0,0x0E,0x00,0x0F,0xE0,0x06,0x00,0x07,0xC0,0x00,0x00,0x00,0x00,0x00,0x00,0x00,0x00},
    {0x00,0x00,0x00,0x00,0x00,0x00,0x00,0x00,0x00,0x00,0x00,0x00,0x00,0x00,0xC0,0x00,0x18,0x01,0xC0,0x00,0x1C,0x01,0xC0,0x00,0x0E,0x3F,0xFF,0xF0,0x07,0x3F,0xFF,0xF0,0x07,0x83,0x80,0x00,0x03,0x83,0x18,0x00,0x01,0x07,0x18,0x00,0x00,0x06,0x18,0x00,0x00,0x0E,0x18,0x00,0x00,0x1F,0xFF,0xE0,0x11,0x1F,0xFF,0xE0,0x3F,0x88,0x3C,0x60,0x3F,0x80,0x18,0x00,0x03,0x80,0x18,0x00,0x03,0x80,0x18,0x00,0x03,0xBF,0xFF,0xF8,0x03,0xBF,0xFF,0xF8,0x03,0x80,0x18,0x00,0x03,0x80,0x18,0x00,0x03,0x80,0x18,0x00,0x07,0x80,0x18,0x00,0x0F,0xC0,0x18,0x00,0x1C,0xF0,0x00,0x00,0x38,0x7F,0xFF,0xF8,0x30,0x1F,0xFF,0xF8,0x00,0x00,0x00,0x00,0x00,0x00,0x00,0x00,0x00,0x00,0x00,0x00},
    {0x00,0x00,0x00,0x00,0x00,0x00,0x00,0x00,0x00,0x00,0x00,0x00,0x03,0x00,0x20,0x00,0x03,0x00,0x60,0x00,0x03,0x00,0x70,0x00,0x03,0x00,0x78,0x00,0x03,0x1F,0xFF,0xF0,0x03,0x1F,0xFF,0xF0,0x3F,0xE3,0x01,0x80,0x3F,0xE3,0x83,0x80,0x03,0x03,0x83,0x00,0x03,0x01,0x87,0x00,0x03,0x1F,0xFF,0xF8,0x03,0x3F,0xFF,0xF8,0x03,0x3F,0xFF,0xF8,0x03,0xE0,0x70,0x00,0x07,0xE0,0xE0,0x00,0x3F,0xBF,0xFF,0xF8,0x3F,0x3F,0xFF,0xF8,0x33,0x3F,0xC7,0xB0,0x03,0x07,0x83,0x00,0x03,0x07,0x07,0x00,0x03,0x0F,0xCE,0x00,0x03,0x07,0xFC,0x00,0x03,0x00,0xFE,0x00,0x03,0x01,0xFF,0x80,0x07,0x1F,0xC7,0xE0,0x1F,0x7F,0x01,0xF0,0x1E,0x78,0x00,0x60,0x00,0x00,0x00,0x00,0x00,0x00,0x00,0x00},
    {0x00,0x00,0x00,0x00,0x00,0x00,0x00,0x00,0x00,0x00,0x00,0x00,0x00,0x06,0x00,0x00,0x00,0x07,0x00,0x00,0x00,0x07,0x00,0x00,0x00,0x03,0x80,0x00,0x1F,0xFF,0xFF,0xF0,0x1F,0xFF,0xFF,0xF0,0x1C,0x00,0x00,0x70,0x1C,0x18,0x30,0x70,0x1C,0x38,0x3C,0x70,0x0C,0x78,0x1E,0x30,0x00,0xF0,0x0F,0x80,0x03,0xE0,0x03,0xC0,0x0F,0x80,0x01,0xE0,0x1F,0x00,0x00,0xF0,0x0C,0x00,0x00,0x60,0x03,0xFF,0xFF,0x80,0x03,0xFF,0xFF,0xC0,0x02,0x03,0x81,0x80,0x00,0x03,0x80,0x00,0x00,0x03,0x80,0x00,0x00,0x03,0x80,0x00,0x00,0x03,0x80,0x00,0x00,0x03,0x80,0x00,0x1C,0x03,0x80,0x70,0x1F,0xFF,0xFF,0xF0,0x1F,0xFF,0xFF,0xF0,0x00,0x00,0x00,0x00,0x00,0x00,0x00,0x00,0x00,0x00,0x00,0x00},
    {0x00,0x00,0x00,0x00,0x00,0x00,0x00,0x00,0x00,0x00,0x00,0x00,0x01,0x80,0xE0,0x00,0x01,0x80,0xE0,0x00,0x01,0x80,0xE0,0x00,0x01,0x81,0xFF,0xC0,0x01,0x81,0xFF,0xE0,0x01,0x83,0x81,0xC0,0x1F,0xF7,0x81,0x80,0x1F,0xFF,0xC3,0x80,0x03,0x9E,0xE7,0x00,0x03,0xDC,0x7E,0x00,0x03,0xC8,0x3E,0x00,0x07,0xE0,0x3E,0x00,0x07,0xF0,0xFF,0x00,0x07,0xB9,0xE7,0xC0,0x0F,0xB7,0xC3,0xF0,0x1D,0x9F,0x00,0xFC,0x1D,0x9F,0xFF,0xFC,0x39,0x97,0xFF,0xE8,0x39,0x83,0x00,0xE0,0x11,0x83,0x00,0xE0,0x01,0x83,0x00,0xE0,0x01,0x83,0x00,0xE0,0x01,0x83,0x00,0xE0,0x01,0x83,0xFF,0xE0,0x01,0x83,0xFF,0xE0,0x01,0x83,0xFF,0xE0,0x01,0x87,0x00,0xE0,0x00,0x00,0x00,0x00,0x00,0x00,0x00,0x00},
    {0x00,0x00,0x00,0x00,0x00,0x00,0x00,0x00,0x00,0x00,0x00,0x00,0x01,0x80,0x30,0x00,0x01,0x80,0x38,0x00,0x01,0x80,0x70,0x00,0x01,0x80,0x70,0x00,0x03,0x80,0x71,0x00,0x03,0x80,0xE3,0x80,0x3F,0xF8,0xE3,0xC0,0x3F,0xF9,0xC1,0xC0,0x17,0x39,0xC0,0xE0,0x07,0x3B,0x80,0xE0,0x06,0x3F,0xFF,0xF0,0x06,0x3F,0xFF,0xF8,0x0E,0x37,0xE0,0x38,0x0E,0x30,0x00,0x18,0x0C,0x71,0x80,0x40,0x1C,0x73,0xFF,0xE0,0x1F,0x63,0xFF,0xE0,0x07,0xE3,0x80,0x60,0x03,0xE3,0x80,0x60,0x01,0xE3,0x80,0x60,0x03,0xF3,0x80,0x60,0x07,0xBB,0x80,0x60,0x0F,0x1B,0x80,0x60,0x1E,0x03,0xFF,0xE0,0x3C,0x03,0xFF,0xE0,0x38,0x03,0x80,0xE0,0x00,0x03,0x80,0x60,0x00,0x00,0x00,0x00,0x00,0x00,0x00,0x00},
    {0x00,0x00,0x00,0x00,0x00,0x00,0x00,0x00,0x00,0x00,0x00,0x00,0x00,0x00,0x00,0x30,0x0C,0x70,0x01,0xF8,0x0E,0x71,0xFF,0xF0,0x0E,0x71,0xFF,0x00,0x0E,0x71,0xC0,0x00,0x0E,0x71,0x80,0x00,0x0E,0x71,0x80,0x00,0x0E,0x71,0x80,0x00,0x0E,0x7D,0xC0,0x20,0x0F,0xFD,0xFF,0xF0,0x0F,0xFD,0xFF,0xF0,0x0E,0x01,0xB0,0x70,0x0E,0x01,0xB0,0x60,0x0E,0x01,0xB8,0xE0,0x0F,0xF1,0xB8,0xE0,0x0F,0xF1,0x99,0xC0,0x0F,0xF1,0x9D,0xC0,0x0C,0x33,0x8F,0x80,0x0C,0x33,0x8F,0x80,0x0C,0x33,0x8F,0x00,0x0C,0x33,0x0F,0x00,0x1C,0x33,0x1F,0x80,0x1C,0x37,0x3D,0xC0,0x1C,0x37,0x78,0xF0,0x38,0x3F,0xF0,0xF8,0x38,0x3F,0xE0,0x38,0x18,0x3C,0xC0,0x18,0x00,0x00,0x00,0x00,0x00,0x00,0x00,0x00},
    {0x00,0x00,0x00,0x00,0x00,0x00,0x00,0x00,0x00,0x00,0x00,0x00,0x00,0x03,0x00,0x00,0x00,0x03,0x80,0x00,0x00,0x03,0x80,0x00,0x00,0x03,0x80,0x00,0x00,0x03,0x00,0x00,0x1F,0xFF,0xFF,0xF0,0x1F,0xFF,0xFF,0xF0,0x1F,0xFF,0xFF,0xF0,0x00,0x07,0xC0,0x00,0x00,0x0F,0xE0,0x00,0x00,0x1F,0xE0,0x00,0x00,0x1B,0x70,0x00,0x00,0x3B,0x38,0x00,0x00,0x73,0x3C,0x00,0x00,0xF3,0x1E,0x00,0x01,0xE3,0x0F,0x00,0x03,0xC3,0x07,0x80,0x07,0x83,0x03,0xC0,0x0F,0x03,0x83,0xE0,0x3E,0xFF,0xFC,0xF8,0x3C,0xFF,0xFC,0x78,0x18,0x03,0x80,0x30,0x00,0x03,0x00,0x00,0x00,0x03,0x80,0x00,0x00,0x03,0x80,0x00,0x00,0x03,0x80,0x00,0x00,0x03,0x80,0x00,0x00,0x00,0x00,0x00,0x00,0x00,0x00,0x00},
    {0x00,0x00,0x00,0x00,0x00,0x00,0x00,0x00,0x00,0x00,0x00,0x00,0x00,0x00,0x00,0x00,0x08,0x00,0x00,0x20,0x1F,0xFF,0xFF,0xF0,0x1F,0xFF,0xFF,0xF0,0x1C,0x03,0x80,0x70,0x1C,0x03,0x80,0x70,0x1C,0x03,0x80,0x70,0x1C,0x03,0x80,0x70,0x1D,0xFF,0xFF,0x70,0x1D,0xFF,0xFF,0x70,0x1C,0x03,0x80,0x70,0x1C,0x03,0x80,0x70,0x1C,0x03,0x80,0x70,0x1C,0x7F,0xFC,0x70,0x1C,0x7F,0xFC,0x70,0x1C,0x70,0x1C,0x70,0x1C,0x70,0x1C,0x70,0x1C,0x70,0x1C,0x70,0x1C,0x70,0x1C,0x70,0x1C,0x7F,0xFC,0x70,0x1C,0x7F,0xFC,0x70,0x1C,0x3F,0xF8,0x70,0x1C,0x00,0x00,0x70,0x1F,0xFF,0xFF,0xF0,0x1F,0xFF,0xFF,0xF0,0x1C,0x00,0x00,0x70,0x1C,0x00,0x00,0x70,0x00,0x00,0x00,0x00,0x00,0x00,0x00,0x00},
    {0x00,0x00,0x00,0x00,0x00,0x00,0x00,0x00,0x00,0x00,0x00,0x00,0x00,0xC0,0x00,0x00,0x00,0xE0,0x38,0x00,0x01,0xC7,0x38,0x00,0x01,0xC7,0x38,0x00,0x01,0x87,0x38,0x00,0x03,0x86,0x38,0x00,0x03,0x8E,0x38,0x00,0x07,0x0F,0xFF,0xF0,0x07,0x1F,0xFF,0xF0,0x0F,0x1C,0x38,0x00,0x1F,0x38,0x38,0x00,0x3F,0x78,0x38,0x00,0x3F,0x70,0x38,0x00,0x33,0x00,0x38,0x00,0x33,0x00,0x38,0x00,0x03,0x7F,0xFF,0xF8,0x03,0x7F,0xFF,0xF8,0x03,0x00,0x38,0x00,0x03,0x00,0x38,0x00,0x03,0x00,0x38,0x00,0x03,0x00,0x38,0x00,0x03,0x00,0x38,0x00,0x03,0x00,0x38,0x00,0x03,0x00,0x38,0x00,0x03,0x00,0x38,0x00,0x07,0x00,0x38,0x00,0x07,0x00,0x38,0x00,0x00,0x00,0x00,0x00,0x00,0x00,0x00,0x00},
    {0x00,0x00,0x00,0x00,0x00,0x00,0x00,0x00,0x00,0x00,0x00,0x00,0x00,0x80,0x00,0x00,0x01,0xC0,0x70,0x00,0x01,0xC0,0x77,0x00,0x01,0xC0,0x33,0x80,0x01,0xC0,0x31,0xC0,0x39,0xC0,0x31,0xE0,0x19,0xC0,0x70,0xE0,0x1D,0xC0,0x70,0x40,0x1D,0xDF,0xFF,0xF8,0x0D,0xFF,0xFF,0xF8,0x0F,0xDF,0xFF,0xF0,0x0D,0xC0,0x78,0x00,0x01,0xC0,0x78,0x00,0x01,0xC0,0x78,0x00,0x01,0xC0,0xFC,0x00,0x03,0xC0,0xFC,0x00,0x0F,0xC0,0xCC,0x00,0x3F,0xC1,0xCE,0x00,0x3D,0xC1,0xCE,0x00,0x11,0xC3,0x87,0x00,0x01,0xC3,0x87,0x80,0x01,0xC7,0x03,0xC0,0x01,0xCF,0x01,0xE0,0x01,0xDE,0x01,0xF0,0x01,0xFC,0x00,0xF8,0x01,0xF8,0x00,0x78,0x01,0xD0,0x00,0x10,0x00,0x00,0x00,0x00,0x00,0x00,0x00,0x00},
    {0x00,0x00,0x00,0x00,0x00,0x00,0x00,0x00,0x00,0x00,0x00,0x00,0x00,0x03,0x00,0x00,0x00,0x03,0x80,0x00,0x00,0x03,0x00,0x00,0x00,0x03,0x00,0x00,0x1F,0xFF,0xFF,0xF0,0x1F,0xFF,0xFF,0xF0,0x1C,0x07,0xC0,0x70,0x00,0x07,0xC0,0x00,0x00,0x0E,0xE0,0x00,0x00,0x0E,0xF0,0x00,0x00,0x1C,0x78,0x00,0x00,0x7E,0x3C,0x00,0x00,0xFF,0x1E,0x00,0x03,0xE7,0x8F,0x80,0x0F,0xC1,0xC3,0xF0,0x3F,0x00,0xC1,0xF8,0x1C,0x02,0x00,0x78,0x00,0x37,0x80,0x80,0x07,0x33,0xC1,0xC0,0x07,0x31,0xE1,0xC0,0x0E,0x30,0xE4,0xE0,0x0E,0x30,0x46,0xF0,0x1E,0x30,0x06,0x70,0x1C,0x38,0x0E,0x78,0x38,0x3F,0xFE,0x38,0x18,0x3F,0xFC,0x30,0x00,0x00,0x00,0x00,0x00,0x00,0x00,0x00,0x00,0x00,0x00,0x00},
    {0x00,0x00,0x00,0x00,0x00,0x00,0x00,0x00,0x00,0x00,0x00,0x00,0x02,0x00,0x30,0x00,0x07,0x00,0x30,0x00,0x07,0x88,0x38,0x20,0x03,0xDF,0xFF,0xF0,0x01,0xFF,0xFF,0xF0,0x00,0xE0,0x30,0x00,0x00,0x00,0x30,0x00,0x00,0x3F,0xFF,0xF0,0x00,0x3F,0xFF,0xF0,0x3F,0x06,0x00,0x70,0x3F,0x8F,0x18,0x60,0x3F,0x87,0x98,0xE0,0x03,0x91,0xD8,0xE0,0x03,0xBC,0x98,0x40,0x03,0x9F,0x18,0x00,0x03,0x87,0x18,0x00,0x03,0x82,0x18,0x00,0x03,0xBF,0xFF,0xF8,0x03,0xBF,0xFF,0xF8,0x03,0x80,0x78,0x00,0x03,0xB0,0x70,0x00,0x03,0xF0,0xF6,0x00,0x03,0xF1,0xEF,0x80,0x07,0xC7,0xC7,0xE0,0x03,0x3F,0x81,0xF8,0x02,0x3E,0x00,0x70,0x00,0x18,0x00,0x10,0x00,0x00,0x00,0x00,0x00,0x00,0x00,0x00},
    {0x00,0x00,0x00,0x00,0x00,0x00,0x00,0x00,0x00,0x00,0x00,0x00,0x00,0x00,0x00,0x00,0x1F,0xFF,0xFF,0xF0,0x3F,0xFF,0xFF,0xF8,0x3F,0xFF,0xFF,0xF8,0x00,0x03,0x80,0x00,0x00,0x03,0x80,0x00,0x07,0xFF,0xFF,0xC0,0x07,0xFF,0xFF,0xC0,0x07,0x03,0x80,0xC0,0x07,0x03,0x80,0xC0,0x07,0x03,0x81,0xC0,0x07,0xFF,0xFF,0xC0,0x07,0xFF,0xFF,0xC0,0x07,0x03,0x80,0xC0,0x07,0x03,0x80,0xC0,0x07,0xFF,0xFF,0xC0,0x07,0xFF,0xFF,0xC0,0x03,0xFF,0xFF,0xC0,0x00,0xE7,0x00,0x00,0x00,0xF7,0x00,0x00,0x00,0x7E,0x00,0x00,0x00,0x3E,0x00,0x00,0x00,0x3F,0x80,0x00,0x00,0xFF,0xF0,0x00,0x03,0xE1,0xFF,0xF8,0x3F,0xC0,0x3F,0xF8,0x1F,0x00,0x03,0xF0,0x10,0x00,0x00,0x00,0x00,0x00,0x00,0x00},
    {0x00,0x00,0x00,0x00,0x00,0x00,0x00,0x00,0x00,0x00,0x00,0x00,0x01,0x80,0x00,0x20,0x01,0xC0,0x00,0xF0,0x00,0xE0,0x0F,0xF0,0x1F,0xFF,0x7F,0xC0,0x1F,0xFE,0x7C,0x00,0x0E,0x1C,0x60,0x00,0x06,0x1C,0x60,0x00,0x07,0x18,0x60,0x00,0x03,0x38,0x60,0x00,0x03,0x38,0x7F,0xF8,0x3F,0xFF,0x7F,0xF8,0x3F,0xFF,0x7F,0xF8,0x00,0xC0,0x61,0xC0,0x00,0xC0,0x61,0xC0,0x1F,0xFF,0x61,0xC0,0x3F,0xFF,0xE1,0xC0,0x3F,0xFF,0xE1,0xC0,0x00,0xC0,0xE1,0xC0,0x0E,0xDC,0xE1,0xC0,0x0E,0xCC,0xC1,0xC0,0x1C,0xCF,0xC1,0xC0,0x1C,0xC7,0xC1,0xC0,0x38,0xC7,0xC1,0xC0,0x38,0xC3,0x81,0xC0,0x32,0xC3,0x81,0xC0,0x07,0xC7,0x01,0xC0,0x03,0xC3,0x01,0xC0,0x00,0x00,0x00,0x00,0x00,0x00,0x00,0x00},
    {0x00,0x00,0x00,0x00,0x00,0x00,0x00,0x00,0x00,0x00,0x00,0x00,0x00,0x00,0x00,0x00,0x00,0x00,0x00,0x00,0x0F,0xFF,0xFF,0xF0,0x0F,0xFF,0xFF,0xF0,0x00,0x01,0xC0,0x00,0x00,0x01,0xC0,0x00,0x00,0x01,0xC0,0x00,0x00,0x01,0xC0,0x00,0x00,0x01,0xC0,0x00,0x00,0x01,0xC0,0x00,0x01,0xC1,0xC0,0x00,0x01,0xC1,0xC0,0x00,0x01,0xC1,0xFF,0xC0,0x01,0xC1,0xFF,0xC0,0x01,0xC1,0xC0,0x00,0x01,0xC1,0xC0,0x00,0x01,0xC1,0xC0,0x00,0x01,0xC1,0xC0,0x00,0x01,0xC1,0xC0,0x00,0x01,0xC1,0xC0,0x00,0x01,0xC1,0xC0,0x00,0x01,0xC1,0xC0,0x00,0x01,0xC1,0xC0,0x00,0x3F,0xFF,0xFF,0xF8,0x3F,0xFF,0xFF,0xF8,0x1F,0xFF,0xFF,0xF0,0x00,0x00,0x00,0x00,0x00,0x00,0x00,0x00,0x00,0x00,0x00,0x00},
    {0x00,0x00,0x00,0x00,0x00,0x00,0x00,0x00,0x00,0x00,0x00,0x00,0x00,0x06,0x00,0x00,0x00,0x0E,0x00,0x00,0x00,0x0E,0x00,0x00,0x00,0x0C,0x00,0x00,0x1F,0xFF,0xFF,0xF0,0x1F,0xFF,0xFF,0xF8,0x1F,0xFF,0xFF,0xF0,0x00,0x38,0x00,0x00,0x00,0x70,0x70,0x00,0x00,0xE0,0x70,0x00,0x01,0xE0,0x70,0x00,0x01,0xC0,0x70,0x00,0x03,0x80,0x70,0x00,0x07,0x98,0x70,0x60,0x0F,0x9F,0xFF,0xE0,0x1F,0x9F,0xFF,0xE0,0x3D,0x80,0x70,0x00,0x19,0x80,0x70,0x00,0x01,0x80,0x70,0x00,0x01,0x80,0x70,0x00,0x01,0x80,0x70,0x00,0x01,0x80,0x70,0x00,0x01,0x80,0x70,0x00,0x01,0xBF,0xFF,0xF0,0x01,0xFF,0xFF,0xF8,0x01,0xBF,0xFF,0xF0,0x03,0x80,0x00,0x00,0x00,0x00,0x00,0x00,0x00,0x00,0x00,0x00},
    {0x00,0x00,0x00,0x00,0x00,0x00,0x00,0x00,0x00,0x00,0x00,0x00,0x00,0x06,0x00,0x00,0x00,0x0F,0x00,0x00,0x00,0x07,0xC0,0x00,0x00,0x03,0xC0,0x00,0x07,0xFF,0xFF,0xC0,0x07,0xFF,0xFF,0xC0,0x07,0x00,0x01,0xC0,0x07,0x00,0x00,0xC0,0x07,0x00,0x00,0xC0,0x07,0x00,0x00,0xC0,0x07,0xFF,0xFF,0xC0,0x07,0xFF,0xFF,0xC0,0x07,0xFF,0xFF,0xC0,0x06,0x00,0x00,0x00,0x06,0x00,0x00,0x00,0x06,0x70,0x01,0xC0,0x06,0x7F,0xFF,0xE0,0x0E,0x7F,0xFF,0xE0,0x0E,0x60,0x00,0xE0,0x0E,0x60,0x00,0xE0,0x0C,0x60,0x00,0xE0,0x1C,0x60,0x00,0xE0,0x1C,0x70,0x00,0xE0,0x38,0x7F,0xFF,0xE0,0x38,0x7F,0xFF,0xE0,0x30,0x60,0x00,0xE0,0x10,0x60,0x00,0xE0,0x00,0x00,0x00,0x00,0x00,0x00,0x00,0x00},
    {0x00,0x00,0x00,0x00,0x00,0x00,0x00,0x00,0x00,0x00,0x00,0x00,0x00,0x00,0x00,0x00,0x07,0xF0,0x00,0x00,0x0F,0xF9,0xFF,0xF0,0x0F,0xF9,0xFF,0xF0,0x0E,0x19,0x80,0x70,0x0E,0x19,0x80,0x60,0x0E,0x19,0x80,0x60,0x0E,0x19,0x87,0xE0,0x0F,0xF9,0x87,0xE0,0x0F,0xF9,0x80,0x00,0x0E,0x39,0x80,0x00,0x0E,0x19,0xFF,0xE0,0x0E,0x19,0xFF,0xF0,0x0E,0x19,0xB0,0x60,0x0E,0x19,0xB0,0x60,0x0F,0xF9,0xB8,0xE0,0x0F,0xF9,0x98,0xC0,0x0E,0x39,0x9D,0xC0,0x0C,0x19,0x8F,0x80,0x0C,0x19,0x8F,0x80,0x0C,0x19,0x87,0x00,0x0C,0x19,0x8F,0x80,0x1C,0x19,0x8F,0xC0,0x1C,0x39,0xBD,0xE0,0x39,0xF9,0xF8,0xF8,0x39,0xF9,0xF0,0x78,0x10,0xE1,0xE0,0x10,0x00,0x00,0x00,0x00,0x00,0x00,0x00,0x00},
    {0x00,0x00,0x00,0x00,0x00,0x00,0x00,0x00,0x00,0x00,0x00,0x00,0x00,0x08,0x00,0x00,0x00,0x1C,0x00,0x00,0x00,0x38,0x00,0x00,0x00,0x7F,0xFF,0x00,0x00,0xFF,0xFF,0x80,0x01,0xF0,0x0F,0x00,0x07,0xF8,0x0E,0x00,0x0F,0x3C,0x3C,0x00,0x1E,0x1F,0x78,0x00,0x08,0x0F,0xF0,0x00,0x00,0x0F,0xF8,0x00,0x00,0x7F,0xFF,0x00,0x1F,0xFC,0x3F,0xF8,0x1F,0xE3,0x03,0xF0,0x0C,0x03,0x00,0x10,0x00,0x03,0x00,0x00,0x0F,0xFF,0xFF,0xC0,0x0F,0xFF,0xFF,0xC0,0x08,0x0F,0x01,0xC0,0x00,0x0E,0x01,0xC0,0x00,0x1C,0x01,0xC0,0x00,0x3C,0x01,0xC0,0x00,0x78,0x01,0x80,0x01,0xF0,0x03,0x80,0x1F,0xC0,0xFF,0x80,0x3F,0x80,0x7F,0x00,0x1C,0x00,0x00,0x00,0x00,0x00,0x00,0x00,0x00,0x00,0x00,0x00},
    {0x00,0x00,0x00,0x00,0x00,0x00,0x00,0x00,0x00,0x00,0x00,0x00,0x00,0x00,0x00,0x00,0x07,0xFC,0x7F,0xC0,0x0F,0xFC,0xFF,0xE0,0x0E,0x0C,0xE0,0xC0,0x0E,0x0C,0xE0,0xC0,0x0E,0x0C,0xE0,0xC0,0x0E,0x0C,0xE0,0xC0,0x0F,0xFC,0xFF,0xC0,0x0F,0xFF,0xFF,0xE0,0x04,0x07,0x5E,0x40,0x00,0x07,0x0E,0x00,0x3F,0xFF,0xFF,0xF0,0x3F,0xFF,0xFF,0xF8,0x1F,0xFF,0xFF,0xF0,0x00,0x70,0x3C,0x00,0x01,0xE0,0x1E,0x00,0x07,0xC0,0x0F,0x80,0x1F,0xFC,0xFF,0xF0,0x3F,0xFC,0xFF,0xF8,0x3E,0x0C,0xC1,0xF8,0x06,0x0C,0xC1,0xC0,0x06,0x0C,0xC1,0xC0,0x06,0x0C,0xC1,0xC0,0x07,0x0C,0xE1,0xC0,0x07,0xFC,0xFF,0xC0,0x07,0xFC,0xFF,0xC0,0x06,0x0C,0xC1,0xC0,0x00,0x00,0x00,0x00,0x00,0x00,0x00,0x00},
    {0x00,0x00,0x00,0x00,0x00,0x00,0x00,0x00,0x00,0x00,0x00,0x00,0x00,0x00,0x00,0x00,0x18,0x1B,0xFF,0xF8,0x1F,0xFF,0xFF,0xF8,0x1F,0xFB,0xFF,0xF8,0x00,0x38,0x0E,0x00,0x0E,0x70,0x1C,0x00,0x0F,0xE1,0xFF,0xF0,0x07,0xC1,0xFF,0xF0,0x03,0xC1,0x80,0x70,0x01,0xE1,0x80,0x70,0x3F,0xFD,0x8E,0x70,0x3F,0xFF,0x8C,0x70,0x1F,0xFD,0x8C,0x70,0x01,0x9D,0x8C,0x70,0x01,0xB9,0x8C,0x70,0x01,0xB9,0x8C,0x70,0x01,0xF1,0x8C,0x70,0x01,0x81,0x8C,0x70,0x01,0x81,0x8C,0x70,0x01,0x81,0x8C,0x70,0x01,0x81,0x1C,0x30,0x01,0x80,0x1F,0x00,0x01,0x80,0x3B,0xC0,0x01,0x80,0xF1,0xE0,0x1F,0x87,0xE0,0xF8,0x1F,0x9F,0xC0,0x38,0x1F,0x0E,0x00,0x18,0x00,0x00,0x00,0x00,0x00,0x00,0x00,0x00},
    {0x00,0x00,0x00,0x00,0x00,0x00,0x00,0x00,0x00,0x00,0x00,0x00,0x00,0x40,0x04,0x00,0x00,0xE0,0x0E,0x00,0x00,0xE0,0x0E,0x00,0x1F,0xFF,0xFF,0xF0,0x1F,0xFF,0xFF,0xF0,0x00,0xE0,0x0E,0x00,0x00,0xE0,0x0E,0x00,0x00,0xFF,0xFE,0x00,0x00,0xFF,0xFE,0x00,0x00,0xE0,0x0E,0x00,0x00,0xFF,0xFE,0x00,0x00,0xFF,0xFE,0x00,0x00,0xE0,0x0E,0x00,0x00,0xE0,0x0E,0x00,0x3F,0xFF,0xFF,0xF8,0x3F,0xFF,0xFF,0xF8,0x00,0xF3,0x1E,0x00,0x01,0xE3,0x0F,0x00,0x07,0xC3,0x07,0xC0,0x3F,0xFF,0xFF,0xF8,0x3E,0xFF,0xFE,0xF8,0x30,0x03,0x80,0x18,0x00,0x03,0x00,0x00,0x00,0x03,0x00,0x00,0x0F,0xFF,0xFF,0xE0,0x0F,0xFF,0xFF,0xE0,0x00,0x00,0x00,0x00,0x00,0x00,0x00,0x00,0x00,0x00,0x00,0x00},
    {0x00,0x00,0x00,0x00,0x00,0x00,0x00,0x00,0x00,0x00,0x00,0x00,0x00,0x03,0x00,0x00,0x08,0x07,0x70,0x00,0x1C,0x07,0x30,0x00,0x1E,0x06,0x38,0x00,0x0F,0x0E,0x38,0x00,0x07,0x1E,0x1C,0x00,0x03,0x9F,0xFF,0xF0,0x03,0xBF,0xFF,0xF0,0x00,0x3C,0x18,0x00,0x00,0x7C,0x18,0x00,0x00,0xFC,0x18,0x00,0x01,0xDF,0xFF,0xE0,0x00,0xDF,0xFF,0xE0,0x00,0x1F,0xFF,0xE0,0x01,0x9C,0x18,0x00,0x01,0x9C,0x18,0x00,0x03,0x9C,0x18,0x00,0x03,0x9F,0xFF,0xE0,0x07,0x1F,0xFF,0xE0,0x0F,0x1C,0x38,0x00,0x0E,0x1C,0x18,0x00,0x1C,0x1C,0x18,0x00,0x3C,0x1C,0x18,0x00,0x38,0x1F,0xFF,0xF8,0x18,0x1F,0xFF,0xF8,0x00,0x1C,0x00,0x10,0x00,0x1C,0x00,0x00,0x00,0x00,0x00,0x00,0x00,0x00,0x00,0x00},
    {0x00,0x00,0x00,0x00,0x00,0x00,0x00,0x00,0x00,0x00,0x00,0x00,0x00,0x00,0x00,0x00,0x0C,0x3F,0xE0,0x70,0x1F,0x7F,0xE6,0x70,0x07,0xFF,0xE6,0x70,0x03,0xF0,0x66,0x30,0x01,0xF7,0x66,0x30,0x00,0x37,0x66,0x30,0x00,0x37,0x66,0x30,0x38,0x37,0x66,0x30,0x3C,0x37,0x66,0x30,0x1F,0x37,0x66,0x30,0x07,0xB7,0x66,0x30,0x03,0x37,0x66,0x30,0x00,0x37,0x66,0x30,0x00,0x37,0x66,0x30,0x00,0x37,0x66,0x30,0x03,0x36,0x66,0x30,0x03,0xB6,0x66,0x30,0x03,0x76,0x66,0x30,0x07,0x76,0x66,0x30,0x07,0x0E,0x00,0x30,0x0E,0x0F,0x80,0x30,0x0E,0x1F,0xC0,0x30,0x1C,0x3D,0xE0,0x30,0x3C,0x78,0xF3,0xF0,0x38,0xF0,0x77,0xF0,0x10,0x60,0x23,0xE0,0x00,0x00,0x00,0x00,0x00,0x00,0x00,0x00},
    {0x00,0x00,0x00,0x00,0x00,0x00,0x00,0x00,0x00,0x00,0x00,0x00,0x00,0x80,0x20,0x00,0x01,0xC0,0x70,0x00,0x01,0xC0,0x70,0x00,0x01,0xFF,0xFF,0xF8,0x03,0xBF,0xFF,0xF0,0x03,0x80,0x00,0x00,0x03,0x0F,0xFF,0xC0,0x07,0x0F,0xFF,0xC0,0x0F,0x0C,0x00,0xC0,0x0F,0x0C,0x00,0xC0,0x1F,0x0F,0xFF,0xC0,0x1F,0x0F,0xFF,0xC0,0x3F,0x00,0x00,0x00,0x77,0x7F,0xFF,0xF0,0x37,0x7F,0xFF,0xF8,0x07,0x7F,0xFF,0xF8,0x07,0x60,0x00,0x38,0x07,0x7F,0xFF,0xF8,0x07,0x1F,0xFF,0xC0,0x07,0x08,0x38,0x00,0x07,0x00,0x30,0x00,0x07,0x00,0x30,0x00,0x07,0x00,0x30,0x00,0x07,0x00,0x30,0x00,0x07,0x03,0xF0,0x00,0x07,0x03,0xF0,0x00,0x07,0x03,0xE0,0x00,0x00,0x00,0x00,0x00,0x00,0x00,0x00,0x00},
    {0x00,0x00,0x00,0x00,0x00,0x00,0x00,0x00,0x00,0x00,0x00,0x00,0x00,0x00,0x00,0x00,0x00,0x01,0xC0,0x00,0x00,0x01,0xC0,0x00,0x00,0x01,0xC0,0x00,0x00,0x01,0xC0,0x00,0x00,0x01,0xC0,0x00,0x01,0xC1,0xC0,0x00,0x01,0xC1,0xC0,0x00,0x01,0xC1,0xC0,0x00,0x01,0xC1,0xC0,0x00,0x01,0xC1,0xFF,0xC0,0x01,0xC1,0xFF,0xE0,0x01,0xC1,0xFF,0xE0,0x01,0xC1,0xC0,0x00,0x01,0xC1,0xC0,0x00,0x01,0xC1,0xC0,0x00,0x01,0xC1,0xC0,0x00,0x01,0xC1,0xC0,0x00,0x01,0xC1,0xC0,0x00,0x01,0xC1,0xC0,0x00,0x01,0xC1,0xC0,0x00,0x01,0xC1,0xC0,0x00,0x01,0xC1,0xC0,0x00,0x1F,0xFF,0xFF,0xF8,0x3F,0xFF,0xFF,0xF8,0x3F,0xFF,0xFF,0xF0,0x00,0x00,0x00,0x00,0x00,0x00,0x00,0x00,0x00,0x00,0x00,0x00},
    {0x00,0x00,0x00,0x00,0x00,0x00,0x00,0x00,0x00,0x00,0x00,0x00,0x01,0x00,0x20,0x00,0x03,0x80,0x70,0x00,0x03,0x80,0x38,0x00,0x03,0x80,0x38,0x00,0x07,0x0F,0xFF,0xF8,0x07,0x0F,0xFF,0xF8,0x0E,0x20,0xE0,0x00,0x0E,0x70,0xE3,0x00,0x1C,0x71,0xC3,0x80,0x3F,0xE1,0x81,0xC0,0x3F,0xC3,0x81,0xE0,0x1B,0xCF,0xFF,0xF0,0x03,0x87,0xFF,0xF8,0x07,0x07,0xE6,0x38,0x07,0x00,0xC6,0x00,0x0E,0x70,0xC6,0x00,0x1F,0xF0,0xC6,0x00,0x3F,0xF0,0xC6,0x00,0x1C,0x00,0xC6,0x00,0x00,0x01,0xC6,0x18,0x00,0x01,0xC6,0x38,0x00,0xF3,0x86,0x38,0x1F,0xF3,0x86,0x38,0x3F,0xCF,0x06,0x38,0x3C,0x1E,0x07,0xF0,0x00,0x3C,0x07,0xF0,0x00,0x18,0x00,0x00,0x00,0x00,0x00,0x00,0x00,0x00,0x00,0x00},
    {0x00,0x00,0x00,0x00,0x00,0x00,0x00,0x00,0x00,0x00,0x00,0x00,0x02,0x00,0x08,0x00,0x07,0x00,0x1C,0x00,0x07,0x80,0x1C,0x00,0x03,0xC0,0x1C,0x00,0x01,0xE0,0x18,0x00,0x00,0xE0,0x18,0x00,0x00,0x40,0x18,0x00,0x00,0x00,0x18,0x00,0x00,0x00,0x18,0x00,0x00,0x0C,0x1C,0x10,0x3F,0x8F,0xFF,0xF8,0x3F,0x8F,0xFF,0xF8,0x01,0x80,0x18,0x00,0x01,0x80,0x18,0x00,0x01,0x80,0x18,0x00,0x01,0x80,0x18,0x00,0x01,0x80,0x18,0x00,0x01,0x80,0x18,0x00,0x01,0x80,0x18,0x00,0x01,0x80,0x18,0x00,0x01,0x8C,0x18,0x00,0x01,0x9C,0x18,0x00,0x01,0xFC,0x18,0x00,0x03,0xF0,0x18,0x00,0x03,0xE0,0x1C,0x00,0x01,0x80,0x1C,0x00,0x00,0x00,0x1C,0x00,0x00,0x00,0x00,0x00,0x00,0x00,0x00,0x00},
    {0x00,0x00,0x00,0x00,0x00,0x00,0x00,0x00,0x00,0x00,0x00,0x00,0x00,0x00,0x00,0x00,0x07,0xFF,0xFF,0xE0,0x07,0xFF,0xFF,0xE0,0x07,0xFF,0xFF,0xE0,0x06,0x00,0x00,0x60,0x06,0x00,0x00,0x60,0x07,0xFF,0xFF,0xE0,0x07,0xFF,0xFF,0xE0,0x06,0x00,0x00,0x00,0x06,0x00,0x00,0x00,0x06,0x3F,0xFF,0xC0,0x06,0x3F,0xFF,0xC0,0x06,0x3F,0xFF,0xC0,0x06,0x00,0x00,0x00,0x06,0x00,0x00,0x00,0x0E,0xFF,0xFF,0xF0,0x0F,0xFF,0xFF,0xF8,0x0F,0xFF,0xFF,0xF8,0x0E,0x07,0x06,0x00,0x0E,0x0F,0x0F,0x00,0x0C,0x0E,0x07,0x80,0x1C,0x1C,0x03,0x80,0x1C,0x38,0x07,0xC0,0x38,0xFF,0xFF,0xE0,0x38,0xFF,0xFE,0xF0,0x38,0xFE,0x00,0x70,0x10,0x00,0x00,0x20,0x00,0x00,0x00,0x00,0x00,0x00,0x00,0x00},
    {0x00,0x00,0x00,0x00,0x00,0x00,0x00,0x00,0x00,0x00,0x00,0x00,0x01,0x00,0x00,0x00,0x01,0x84,0x00,0x00,0x03,0x8F,0xFF,0xC0,0x03,0x8F,0xFF,0x80,0x07,0x00,0xC1,0x80,0x07,0x00,0xC3,0x80,0x06,0x18,0xC3,0x80,0x0E,0x38,0xC3,0x00,0x1C,0x39,0xE3,0x00,0x3F,0xF1,0xE7,0xF0,0x3F,0xE1,0xE7,0xF0,0x19,0xE1,0xE0,0x70,0x01,0xC1,0xF0,0x70,0x03,0x81,0xF0,0x70,0x07,0x01,0xB8,0xE0,0x07,0x31,0xB8,0xE0,0x1F,0xFB,0x9D,0xC0,0x1F,0xF3,0x9D,0xC0,0x1E,0x03,0x0F,0x80,0x00,0x07,0x07,0x80,0x00,0x07,0x07,0x80,0x00,0x7E,0x1F,0xC0,0x0F,0xFE,0x3D,0xE0,0x3F,0xFC,0x78,0xF0,0x3E,0x1D,0xF0,0x78,0x00,0x39,0xE0,0x38,0x00,0x18,0x80,0x18,0x00,0x00,0x00,0x00,0x00,0x00,0x00,0x00},
    {0x00,0x00,0x00,0x00,0x00,0x00,0x00,0x00,0x00,0x00,0x00,0x00,0x00,0x00,0x00,0x00,0x00,0x60,0x00,0x00,0x00,0x60,0x01,0x80,0x00,0x60,0x03,0xC0,0x00,0x60,0x0F,0x80,0x00,0x60,0x3E,0x00,0x00,0x60,0xFC,0x00,0x00,0x63,0xF0,0x00,0x00,0x67,0xC0,0x00,0x00,0x63,0x00,0x00,0x00,0x60,0x00,0x00,0x00,0x60,0x00,0x00,0x3F,0xFF,0xFF,0xF8,0x3F,0xFF,0xFF,0xF8,0x00,0xE1,0xC0,0x00,0x00,0x60,0xE0,0x00,0x00,0x60,0xE0,0x00,0x00,0x60,0x70,0x00,0x00,0x60,0x38,0x00,0x00,0x60,0x3C,0x00,0x00,0x60,0x1E,0x00,0x00,0x60,0x0F,0x00,0x00,0x60,0xC7,0xC0,0x00,0xEF,0xC3,0xF0,0x00,0xFF,0xC0,0xF8,0x00,0xFC,0x00,0x78,0x00,0xC0,0x00,0x10,0x00,0x00,0x00,0x00,0x00,0x00,0x00,0x00},
    {0x00,0x00,0x00,0x00,0x00,0x00,0x00,0x00,0x00,0x00,0x00,0x00,0x01,0x80,0x01,0x80,0x01,0x80,0x01,0xC0,0x01,0x80,0x81,0xC0,0x01,0x81,0xC1,0xC0,0x01,0x81,0xE1,0xC0,0x01,0x80,0xF1,0xC0,0x3F,0xF8,0x39,0xC0,0x3F,0xF8,0x1D,0xC0,0x01,0x80,0x09,0xC0,0x01,0x80,0x01,0xC0,0x01,0x83,0x81,0xC0,0x01,0x83,0xC1,0xC0,0x01,0x99,0xE1,0xC0,0x01,0xF8,0x71,0xC0,0x07,0xF8,0x39,0xC0,0x3F,0xC0,0x11,0xC0,0x3F,0x80,0x01,0xF8,0x01,0x80,0x07,0xF8,0x01,0x80,0x7F,0xF0,0x01,0x8F,0xFF,0xC0,0x01,0x8F,0xE1,0xC0,0x01,0x8E,0x01,0xC0,0x01,0x80,0x01,0xC0,0x01,0x80,0x01,0xC0,0x1F,0x80,0x01,0xC0,0x1F,0x80,0x01,0xC0,0x1F,0x00,0x01,0xC0,0x00,0x00,0x00,0x00,0x00,0x00,0x00,0x00},
    {0x00,0x00,0x00,0x00,0x00,0x00,0x00,0x00,0x00,0x00,0x00,0x00,0x00,0x00,0x0C,0x00,0x00,0x00,0x0E,0x00,0x0F,0xFE,0x0E,0x00,0x1F,0xFE,0x0E,0x00,0x0F,0xFE,0x0E,0x00,0x00,0x00,0x0E,0x00,0x00,0x00,0x0E,0x00,0x00,0x01,0xFF,0xF0,0x00,0x01,0xFF,0xF0,0x3F,0xFF,0x0C,0x30,0x3F,0xFF,0x0C,0x30,0x1F,0xFF,0x0C,0x30,0x03,0x80,0x0C,0x30,0x03,0x80,0x0C,0x30,0x03,0x98,0x1C,0x70,0x03,0x1C,0x1C,0x70,0x07,0x0C,0x1C,0x70,0x07,0x0E,0x18,0x70,0x06,0x0E,0x38,0x70,0x0E,0x0E,0x38,0x70,0x0F,0xFF,0x70,0x70,0x1F,0xFF,0x70,0x60,0x1F,0xC3,0xE0,0x60,0x18,0x01,0xE0,0xE0,0x00,0x03,0xCF,0xE0,0x00,0x03,0x8F,0xC0,0x00,0x03,0x03,0x80,0x00,0x00,0x00,0x00,0x00,0x00,0x00,0x00},
    {0x00,0x00,0x00,0x00,0x00,0x00,0x00,0x00,0x00,0x00,0x00,0x00,0x01,0x80,0x00,0x00,0x01,0x80,0x00,0x00,0x01,0x87,0xFF,0xE0,0x01,0x87,0xFF,0xE0,0x01,0x87,0x00,0xC0,0x01,0x87,0x00,0xC0,0x1F,0xF7,0x00,0xC0,0x1F,0xFF,0xFF,0xC0,0x03,0x87,0xFF,0xC0,0x03,0xC7,0x00,0xC0,0x03,0xC7,0x00,0xC0,0x07,0xE7,0x00,0xC0,0x07,0xF7,0xFF,0xE0,0x0F,0xBF,0xFF,0xE0,0x0F,0xBF,0xFF,0xE0,0x1D,0x97,0x38,0x70,0x39,0x87,0x18,0xF0,0x39,0x87,0x1F,0xE0,0x31,0x87,0x0F,0x80,0x11,0x87,0x0F,0x00,0x01,0x87,0x07,0x00,0x01,0x87,0x07,0x80,0x01,0x87,0x3B,0xC0,0x01,0x87,0xF9,0xF0,0x01,0x8F,0xF0,0xF8,0x01,0x8F,0x80,0x78,0x01,0x84,0x00,0x10,0x00,0x00,0x00,0x00,0x00,0x00,0x00,0x00},
    {0x00,0x00,0x00,0x00,0x00,0x00,0x00,0x00,0x00,0x00,0x00,0x00,0x00,0x00,0x00,0x00,0x00,0x00,0x00,0x00,0x0F,0xFF,0xFF,0xE0,0x0F,0xFF,0xFF,0xE0,0x00,0x07,0x00,0x00,0x00,0x07,0x00,0x00,0x00,0x07,0x00,0x00,0x00,0x07,0x00,0x00,0x00,0x07,0x00,0x00,0x00,0x06,0x00,0x00,0x1F,0xFF,0xFF,0xF0,0x1F,0xFF,0xFF,0xF0,0x0C,0x0F,0xC0,0x30,0x00,0x0F,0xC0,0x00,0x00,0x0F,0xC0,0x00,0x00,0x1D,0xC0,0x00,0x00,0x1D,0xC0,0x00,0x00,0x39,0xC0,0x00,0x00,0x39,0xC0,0x00,0x00,0x71,0xC0,0x30,0x00,0xF1,0xC0,0x38,0x01,0xE1,0xC0,0x38,0x03,0xC1,0xC0,0x30,0x0F,0x81,0xC0,0x70,0x3F,0x01,0xFF,0xF0,0x3C,0x00,0xFF,0xE0,0x10,0x00,0x00,0x00,0x00,0x00,0x00,0x00,0x00,0x00,0x00,0x00},
    {0x00,0x00,0x00,0x00,0x00,0x00,0x00,0x00,0x00,0x00,0x00,0x00,0x00,0x00,0x00,0x00,0x03,0x00,0x18,0x00,0x03,0x00,0x18,0x00,0x03,0x06,0x18,0x00,0x03,0x06,0x18,0x00,0x03,0x06,0x18,0x00,0x03,0x06,0x18,0x70,0x03,0x06,0x1B,0xF0,0x3F,0xE6,0x1F,0xF0,0x3F,0xE7,0xFF,0x70,0x17,0x87,0xF8,0x70,0x03,0x3F,0xD8,0x70,0x03,0x7E,0x18,0x70,0x03,0x36,0x18,0x70,0x03,0x06,0x18,0x60,0x03,0x06,0x18,0x60,0x03,0x06,0x1B,0xE0,0x03,0x26,0x1B,0xE0,0x03,0xF6,0x1B,0x80,0x03,0xF6,0x18,0x10,0x0F,0xC6,0x18,0x18,0x3F,0x06,0x00,0x38,0x3C,0x06,0x00,0x38,0x00,0x07,0x00,0x38,0x00,0x07,0xFF,0xF0,0x00,0x03,0xFF,0xE0,0x00,0x00,0x00,0x00,0x00,0x00,0x00,0x00,0x00,0x00,0x00,0x00},
    {0x00,0x00,0x00,0x00,0x00,0x00,0x00,0x00,0x00,0x00,0x00,0x00,0x00,0x00,0x00,0x00,0x07,0xFF,0xFF,0xC0,0x07,0xFF,0xFF,0xE0,0x07,0xFF,0xFF,0xE0,0x06,0x01,0x80,0xE0,0x06,0x01,0x80,0xE0,0x06,0x7F,0xFE,0xE0,0x06,0x7F,0xFE,0xE0,0x06,0x03,0x80,0xE0,0x06,0x01,0x80,0xE0,0x06,0x03,0x80,0xE0,0x06,0xFF,0xFF,0xE0,0x06,0xFF,0xFF,0xE0,0x06,0x00,0x00,0xE0,0x06,0x3F,0xF8,0xE0,0x06,0x3F,0xF8,0xE0,0x06,0x3F,0xF8,0xE0,0x0E,0x30,0x18,0xE0,0x0E,0x30,0x18,0xE0,0x0E,0x30,0x18,0xE0,0x0E,0x3F,0xF8,0xE0,0x0C,0x3F,0xF8,0xE0,0x1C,0x30,0x00,0xE0,0x1C,0x30,0x00,0xE0,0x38,0x00,0x1F,0xE0,0x38,0x00,0x1F,0xE0,0x10,0x00,0x0F,0x80,0x00,0x00,0x00,0x00,0x00,0x00,0x00,0x00},
    {0x00,0x00,0x00,0x00,0x00,0x00,0x00,0x00,0x00,0x00,0x00,0x00,0x00,0x00,0x00,0x00,0x00,0x00,0x00,0x00,0x03,0xFF,0xFF,0x80,0x03,0xFF,0xFF,0x80,0x03,0x80,0x03,0x80,0x03,0x00,0x01,0x80,0x03,0x00,0x01,0x80,0x03,0x00,0x01,0x80,0x03,0x00,0x01,0x80,0x03,0x00,0x01,0x80,0x03,0x00,0x01,0x80,0x03,0x00,0x01,0x80,0x03,0xFF,0xFF,0x80,0x03,0xFF,0xFF,0x80,0x03,0x80,0x01,0x80,0x03,0x00,0x01,0x80,0x03,0x00,0x01,0x80,0x03,0x00,0x01,0x80,0x03,0x00,0x01,0x80,0x03,0x00,0x01,0x80,0x03,0x00,0x01,0x80,0x03,0x00,0x01,0x80,0x03,0x80,0x03,0x80,0x03,0xFF,0xFF,0x80,0x03,0xFF,0xFF,0x80,0x03,0x00,0x01,0x80,0x03,0x00,0x01,0x80,0x00,0x00,0x00,0x00,0x00,0x00,0x00,0x00},
    {0x00,0x00,0x00,0x00,0x00,0x00,0x00,0x00,0x00,0x00,0x00,0x00,0x00,0x00,0x00,0x00,0x00,0x00,0x00,0x00,0x00,0x00,0x00,0x00,0x00,0x00,0x00,0x00,0x00,0x00,0x00,0x00,0x00,0x00,0x00,0x00,0x00,0x00,0x00,0x00,0x00,0x00,0x00,0x00,0x00,0x00,0x00,0x00,0x00,0x00,0x00,0x00,0x00,0x00,0x00,0x00,0x00,0x00,0x00,0x00,0x1F,0xFF,0xFF,0xF8,0x3F,0xFF,0xFF,0xF8,0x1F,0xFF,0xFF,0xF0,0x00,0x00,0x00,0x00,0x00,0x00,0x00,0x00,0x00,0x00,0x00,0x00,0x00,0x00,0x00,0x00,0x00,0x00,0x00,0x00,0x00,0x00,0x00,0x00,0x00,0x00,0x00,0x00,0x00,0x00,0x00,0x00,0x00,0x00,0x00,0x00,0x00,0x00,0x00,0x00,0x00,0x00,0x00,0x00,0x00,0x00,0x00,0x00,0x00,0x00,0x00,0x00,0x00,0x00,0x00,0x00},
    {0x00,0x00,0x00,0x00,0x00,0x00,0x00,0x00,0x00,0x00,0x00,0x00,0x00,0x00,0x00,0x00,0x00,0x00,0x00,0x00,0x00,0x00,0x00,0x00,0x00,0x00,0x00,0x00,0x07,0xFF,0xFF,0x80,0x07,0xFF,0xFF,0x80,0x03,0x00,0x01,0x80,0x00,0x00,0x00,0x00,0x00,0x00,0x00,0x00,0x00,0x00,0x00,0x00,0x00,0x00,0x00,0x00,0x00,0x00,0x00,0x00,0x00,0x00,0x00,0x00,0x00,0x00,0x00,0x00,0x00,0x00,0x00,0x00,0x00,0x00,0x00,0x00,0x00,0x00,0x00,0x00,0x00,0x00,0x00,0x00,0x00,0x00,0x00,0x00,0x00,0x00,0x00,0x00,0x00,0x00,0x00,0x00,0x1F,0xFF,0xFF,0xF0,0x1F,0xFF,0xFF,0xF0,0x18,0x00,0x00,0x30,0x00,0x00,0x00,0x00,0x00,0x00,0x00,0x00,0x00,0x00,0x00,0x00,0x00,0x00,0x00,0x00,0x00,0x00,0x00,0x00},
    {0x00,0x00,0x00,0x00,0x00,0x00,0x00,0x00,0x00,0x00,0x00,0x00,0x00,0x00,0x00,0x00,0x00,0x00,0x00,0x00,0x07,0xFF,0xFF,0xC0,0x07,0xFF,0xFF,0xC0,0x07,0xFF,0xFF,0xC0,0x00,0x00,0x00,0x00,0x00,0x00,0x00,0x00,0x00,0x00,0x00,0x00,0x00,0x00,0x00,0x00,0x00,0x00,0x00,0x00,0x00,0x00,0x00,0x00,0x00,0x00,0x00,0x00,0x01,0xFF,0xFF,0x00,0x01,0xFF,0xFF,0x00,0x01,0x00,0x01,0x00,0x00,0x00,0x00,0x00,0x00,0x00,0x00,0x00,0x00,0x00,0x00,0x00,0x00,0x00,0x00,0x00,0x00,0x00,0x00,0x00,0x00,0x00,0x00,0x00,0x00,0x00,0x00,0x00,0x1F,0xFF,0xFF,0xF0,0x1F,0xFF,0xFF,0xF0,0x1F,0xFF,0xFF,0xF0,0x00,0x00,0x00,0x00,0x00,0x00,0x00,0x00,0x00,0x00,0x00,0x00,0x00,0x00,0x00,0x00},
    {0x00,0x00,0x00,0x00,0x00,0x00,0x00,0x00,0x00,0x00,0x00,0x00,0x00,0x00,0x00,0x00,0x00,0x00,0x00,0x00,0x08,0x00,0x00,0x20,0x1F,0xFF,0xFF,0xF0,0x1F,0xFF,0xFF,0xF0,0x1C,0x18,0x60,0x70,0x1C,0x18,0x60,0x70,0x1C,0x18,0x60,0x70,0x1C,0x18,0x60,0x70,0x1C,0x18,0x60,0x70,0x1C,0x38,0x60,0x70,0x1C,0x38,0x60,0x70,0x1C,0x30,0x60,0x70,0x1C,0x70,0x60,0x70,0x1C,0xF0,0x70,0x70,0x1D,0xE0,0x7F,0xF0,0x1F,0xC0,0x7F,0xF0,0x1F,0x80,0x00,0x70,0x1D,0x00,0x00,0x70,0x1C,0x00,0x00,0x70,0x1C,0x00,0x00,0x70,0x1C,0x00,0x00,0x70,0x1F,0xFF,0xFF,0xF0,0x1F,0xFF,0xFF,0xF0,0x1C,0x00,0x00,0x70,0x1C,0x00,0x00,0x70,0x00,0x00,0x00,0x00,0x00,0x00,0x00,0x00,0x00,0x00,0x00,0x00},
    {0x00,0x00,0x00,0x00,0x00,0x00,0x00,0x00,0x00,0x00,0x00,0x00,0x00,0x00,0x00,0x00,0x00,0x00,0x00,0x00,0x0F,0xFF,0xFF,0xE0,0x0F,0xFF,0xFF,0xE0,0x08,0x07,0x00,0x20,0x00,0x06,0x00,0x00,0x00,0x06,0x00,0x00,0x00,0x06,0x00,0x00,0x00,0x0E,0x00,0x00,0x00,0x0E,0x00,0x00,0x00,0x0E,0x00,0x00,0x07,0xFF,0xFF,0x00,0x07,0xFF,0xFF,0x00,0x00,0x1C,0x06,0x00,0x00,0x1C,0x06,0x00,0x00,0x1C,0x06,0x00,0x00,0x18,0x06,0x00,0x00,0x18,0x06,0x00,0x00,0x38,0x06,0x00,0x00,0x38,0x06,0x00,0x00,0x30,0x06,0x00,0x00,0x70,0x06,0x00,0x00,0x70,0x06,0x00,0x3F,0xFF,0xFF,0xF8,0x3F,0xFF,0xFF,0xF8,0x10,0x00,0x00,0x18,0x00,0x00,0x00,0x00,0x00,0x00,0x00,0x00,0x00,0x00,0x00,0x00},
    {0x00,0x00,0x00,0x00,0x00,0x00,0x00,0x00,0x00,0x00,0x00,0x00,0x00,0x04,0x00,0x00,0x00,0x0E,0x00,0x00,0x00,0x0F,0x00,0x00,0x00,0x07,0x00,0x00,0x00,0x03,0x80,0x00,0x00,0x03,0x80,0x00,0x3F,0xFF,0xFF,0xF8,0x3F,0xFF,0xFF,0xF8,0x1F,0xFF,0xFF,0xF0,0x00,0x00,0x00,0x00,0x00,0x00,0x00,0x00,0x00,0x20,0x08,0x00,0x00,0x70,0x1C,0x00,0x00,0x70,0x1C,0x00,0x00,0x70,0x1E,0x00,0x00,0xE0,0x0E,0x00,0x00,0xE0,0x07,0x00,0x01,0xC0,0x07,0x00,0x01,0xC0,0x03,0x80,0x03,0x80,0x03,0xC0,0x07,0x80,0x01,0xC0,0x07,0x00,0x01,0xE0,0x0F,0x00,0x00,0xE0,0x1E,0x00,0x00,0xF0,0x3C,0x00,0x00,0x70,0x38,0x00,0x00,0x70,0x10,0x00,0x00,0x20,0x00,0x00,0x00,0x00,0x00,0x00,0x00,0x00},
    {0x00,0x00,0x00,0x00,0x00,0x00,0x00,0x00,0x00,0x00,0x00,0x00,0x00,0x00,0x00,0x00,0x00,0x00,0x00,0x00,0x01,0xFF,0xFF,0x80,0x01,0xFF,0xFF,0x80,0x01,0xC0,0x03,0x80,0x01,0xC0,0x03,0x80,0x01,0xC0,0x03,0x80,0x01,0xC0,0x03,0x80,0x01,0xFF,0xFF,0x80,0x01,0xFF,0xFF,0x80,0x01,0xFF,0xFF,0x80,0x01,0xC0,0x03,0x80,0x01,0xC0,0x03,0x80,0x01,0xC0,0x03,0x80,0x01,0xC0,0x03,0x80,0x01,0xFF,0xFF,0x80,0x01,0xFF,0xFF,0x80,0x01,0xFF,0xFF,0x80,0x03,0x80,0x03,0x80,0x03,0x80,0x03,0x80,0x03,0x80,0x03,0x80,0x07,0x00,0x03,0x80,0x07,0x00,0x03,0x80,0x0E,0x00,0x03,0x80,0x1E,0x00,0x7F,0x80,0x1C,0x00,0x7F,0x00,0x08,0x00,0x3E,0x00,0x00,0x00,0x00,0x00,0x00,0x00,0x00,0x00},
    {0x00,0x00,0x00,0x00,0x00,0x00,0x00,0x00,0x00,0x00,0x00,0x00,0x01,0x80,0x60,0x00,0x03,0x80,0x60,0x00,0x07,0xFE,0xFF,0xF0,0x07,0xFF,0xFF,0xF0,0x0E,0xF3,0xCF,0x30,0x1C,0x73,0x87,0x00,0x3C,0x31,0x87,0x00,0x1F,0x00,0x02,0x00,0x03,0x9F,0xFF,0xE0,0x01,0xDF,0xFF,0xE0,0x01,0xE0,0x00,0x60,0x0E,0xC0,0x00,0x60,0x0E,0x3F,0xF8,0x60,0x0C,0x3F,0xF8,0x60,0x0C,0x30,0x18,0x60,0x0C,0x30,0x18,0x60,0x0C,0x30,0x18,0x60,0x0C,0x3F,0xF8,0x60,0x0C,0x3F,0xF8,0x60,0x0C,0x30,0x18,0x60,0x0C,0x30,0x18,0x60,0x0C,0x3F,0xF8,0x60,0x0C,0x3F,0xF8,0x60,0x0C,0x38,0x10,0x60,0x0C,0x30,0x0C,0xE0,0x0E,0x00,0x0F,0xE0,0x0E,0x00,0x0F,0xC0,0x00,0x00,0x00,0x00,0x00,0x00,0x00,0x00},
    {0x00,0x00,0x00,0x00,0x00,0x00,0x00,0x00,0x00,0x00,0x00,0x00,0x00,0xC0,0x30,0x00,0x00,0xE0,0x70,0x00,0x00,0xC0,0x70,0x00,0x01,0xC0,0x70,0x00,0x01,0xC0,0x70,0x00,0x03,0x80,0x70,0x00,0x03,0xBF,0xFF,0xF8,0x07,0x7F,0xFF,0xF8,0x07,0x7F,0xFF,0xF8,0x0F,0x00,0xF8,0x00,0x1F,0x00,0xFC,0x00,0x3F,0x01,0xFC,0x00,0x3F,0x03,0xFE,0x00,0x33,0x03,0x77,0x00,0x33,0x07,0x73,0x80,0x03,0x0E,0x73,0xC0,0x03,0x1C,0x71,0xC0,0x03,0x3C,0x70,0xF0,0x03,0x78,0x70,0x78,0x03,0xF7,0xFF,0xBC,0x03,0xE7,0xFF,0x98,0x03,0x00,0x70,0x00,0x03,0x00,0x70,0x00,0x03,0x00,0x70,0x00,0x07,0x00,0x70,0x00,0x07,0x00,0x70,0x00,0x07,0x00,0x70,0x00,0x00,0x00,0x00,0x00,0x00,0x00,0x00,0x00},
    {0x00,0x00,0x00,0x00,0x00,0x00,0x00,0x00,0x00,0x00,0x00,0x00,0x00,0x06,0x00,0x00,0x00,0x0F,0x00,0x00,0x00,0x07,0x00,0x00,0x00,0x03,0x80,0x00,0x00,0x03,0x80,0x00,0x1F,0xFF,0xFF,0xF8,0x3F,0xFF,0xFF,0xF8,0x1F,0xFF,0xFF,0xF8,0x00,0xE0,0x0E,0x00,0x00,0xE0,0x0E,0x00,0x00,0x70,0x1C,0x00,0x00,0x70,0x1C,0x00,0x00,0x38,0x38,0x00,0x00,0x38,0x38,0x00,0x00,0x1C,0x70,0x00,0x00,0x0E,0xF0,0x00,0x00,0x0F,0xE0,0x00,0x00,0x07,0xC0,0x00,0x00,0x07,0xC0,0x00,0x00,0x0F,0xE0,0x00,0x00,0x3E,0xF8,0x00,0x00,0x7C,0x7C,0x00,0x01,0xF0,0x1F,0x00,0x0F,0xE0,0x0F,0xE0,0x3F,0x80,0x03,0xF8,0x3E,0x00,0x00,0xF8,0x10,0x00,0x00,0x30,0x00,0x00,0x00,0x00,0x00,0x00,0x00,0x00},
    {0x00,0x00,0x00,0x00,0x00,0x00,0x00,0x00,0x00,0x00,0x00,0x00,0x00,0x60,0x00,0x00,0x00,0x70,0x00,0x00,0x00,0xE0,0x00,0x00,0x00,0xE0,0x00,0x00,0x01,0xFF,0xFF,0xE0,0x01,0xFF,0xFF,0xE0,0x03,0x80,0xC0,0x00,0x07,0x00,0xC0,0x00,0x0F,0x00,0xC0,0x00,0x1E,0x00,0xC0,0x00,0x1C,0xFF,0xFF,0xC0,0x09,0xFF,0xFF,0xC0,0x01,0xC1,0xC0,0x00,0x01,0xC0,0xC0,0x00,0x01,0xC0,0xC0,0x00,0x01,0xC0,0xC0,0x00,0x01,0xC0,0xC0,0x00,0x3F,0xFF,0xFF,0xF0,0x3F,0xFF,0xFF,0xF0,0x1F,0xFF,0xFF,0xF0,0x00,0x00,0xC0,0x00,0x00,0x00,0xC0,0x00,0x00,0x00,0xC0,0x00,0x00,0x00,0xC0,0x00,0x00,0x00,0xC0,0x00,0x00,0x00,0xC0,0x00,0x00,0x00,0xC0,0x00,0x00,0x00,0x00,0x00,0x00,0x00,0x00,0x00},
};

const display_cjk_font_t font_zh = {
    .glyphs = zh_glyphs,
    .glyphs_2x = zh_glyphs_2x,
    .count = sizeof(zh_glyphs) / sizeof(zh_glyphs[0]),
    .glyph_width = 16,
};
static const uint8_t zh_hant_glyphs[][DISPLAY_CJK_GLYPH_BYTES] = {
    {0x00,0x00,0x00,0x00,0x10,0xB0,0x18,0xF0,0x3E,0x90,0x01,0x90,0x3F,0x18,0x01,0x00,0x3D,0xF8,0x34,0x90,0x3C,0xF0,0x24,0x60,0x3C,0xF0,0x37,0x98,0x00,0x00,0x00,0x00},
    {0x00,0x00,0x00,0x00,0x01,0x00,0x3F,0xF8,0x31,0x98,0x20,0x08,0x3F,0xF8,0x01,0x80,0x09,0x00,0x19,0xF0,0x19,0x80,0x1D,0x00,0x27,0x80,0x21,0xF8,0x00,0x00,0x00,0x00},
    {0x00,0x00,0x00,0x00,0x00,0x40,0x3C,0x60,0x2F,0xF8,0x24,0x40,0x25,0xF8,0x3C,0x10,0x3F,0xF8,0x27,0xF8,0x25,0x10,0x3D,0x90,0x2C,0x10,0x00,0x70,0x00,0x00,0x00,0x00},
    {0x00,0x00,0x00,0x00,0x00,0x00,0x3F,0xF8,0x27,0xE0,0x27,0xE0,0x26,0x20,0x27,0xE0,0x2F,0x70,0x2F,0x58,0x29,0x58,0x2F,0x78,0x3F,0x70,0x1F,0xF8,0x00,0x00,0x00,0x00},
    {0x00,0x00,0x00,0x00,0x03,0x00,0x3F,0xF8,0x08,0x20,0x0F,0xE0,0x08,0x20,0x0F,0xE0,0x3F,0xF8,0x30,0x18,0x26,0xC8,0x04,0xC8,0x0C,0xC8,0x38,0x78,0x00,0x00,0x00,0x00},
    {0x00,0x00,0x00,0x00,0x01,0x80,0x1F,0xF8,0x12,0x20,0x16,0x70,0x1F,0xF8,0x12,0x20,0x33,0xE0,0x3F,0xF0,0x26,0x70,0x23,0xE0,0x23,0xE0,0x7E,0x38,0x00,0x00,0x00,0x00},
    {0x00,0x00,0x00,0x00,0x26,0xD8,0x3E,0xF8,0x3E,0xF8,0x36,0xD8,0x3E,0xF8,0x32,0x98,0x21,0x08,0x23,0x08,0x23,0x88,0x2E,0xE8,0x28,0x68,0x20,0x38,0x00,0x00,0x00,0x00},
    {0x00,0x00,0x00,0x00,0x12,0x40,0x12,0xF0,0x1F,0xF8,0x3F,0xF8,0x3F,0xF8,0x3B,0xB8,0x17,0xFC,0x1B,0xF8,0x1F,0xF8,0x3D,0x50,0x27,0x58,0x26,0x48,0x00,0x00,0x00,0x00},
    {0x00,0x00,0x00,0x00,0x10,0x80,0x19,0xF8,0x3F,0xF8,0x13,0x00,0x13,0xF8,0x1C,0x78,0x15,0x70,0x15,0xE0,0x35,0xF0,0x25,0xE0,0x27,0xE0,0x6F,0x7C,0x00,0x00,0x00,0x00},
    {0x00,0x00,0x00,0x00,0x18,0x60,0x3F,0xF8,0x19,0xF8,0x3D,0x78,0x3D,0xF8,0x3D,0xF8,0x3D,0x78,0x3F,0xFC,0x3F,0xF8,0x3F,0xF8,0x19,0x90,0x18,0x70,0x00,0x00,0x00,0x00},
    {0x00,0x00,0x00,0x00,0x36,0xD8,0x3E,0xF8,0x3E,0xF8,0x3E,0xF8,0x3E,0xF8,0x2F,0xE8,0x2E,0xE8,0x2F,0xF8,0x2B,0xA8,0x2E,0xE8,0x26,0x88,0x2C,0xB8,0x00,0x00,0x00,0x00},
    {0x00,0x00,0x00,0x00,0x18,0x60,0x08,0x60,0x3E,0xF0,0x10,0x90,0x11,0x98,0x1F,0x4C,0x14,0x60,0x14,0x30,0x34,0x00,0x34,0xC0,0x24,0x70,0x2C,0x18,0x00,0x00,0x00,0x00},
    {0x00,0x00,0x00,0x00,0x10,0x00,0x1B,0xF8,0x3C,0xC0,0x01,0xF8,0x38,0xD8,0x01,0xD8,0x3B,0xF8,0x39,0x10,0x3D,0xF8,0x2D,0x08,0x3D,0x98,0x3D,0xF8,0x00,0x00,0x00,0x00},
    {0x00,0x00,0x00,0x00,0x01,0x00,0x03,0x80,0x3F,0xF8,0x00,0x00,0x1F,0xF0,0x00,0x00,0x1F,0xF0,0x00,0x00,0x1F,0xF0,0x10,0x10,0x1F,0xF0,0x1F,0xF0,0x00,0x00,0x00,0x00},
    {0x00,0x00,0x00,0x00,0x03,0x00,0x3F,0xF8,0x3F,0xF8,0x20,0x08,0x2F,0xE8,0x00,0x00,0x3F,0xF8,0x3F,0xF8,0x04,0xC0,0x0C,0xC8,0x1C,0xC8,0x30,0x78,0x00,0x00,0x00,0x00},
    {0x00,0x00,0x00,0x00,0x00,0xA0,0x00,0x90,0x1F,0xF8,0x10,0xC0,0x10,0xC0,0x1E,0xD0,0x16,0x50,0x12,0x60,0x32,0x60,0x3E,0xEC,0x21,0xB8,0x23,0x18,0x00,0x00,0x00,0x00},
    {0x00,0x00,0x00,0x00,0x23,0x00,0x13,0xF8,0x0A,0x00,0x3B,0xF8,0x3B,0xF8,0x13,0x90,0x3A,0xF0,0x1A,0x70,0x0E,0xF8,0x1D,0x88,0x3D,0x08,0x27,0xFC,0x00,0x00,0x00,0x00},
    {0x00,0x00,0x00,0x00,0x00,0x00,0x3F,0xF8,0x20,0x08,0x20,0x08,0x27,0xC8,0x24,0x48,0x24,0x48,0x24,0x48,0x27,0xC8,0x20,0x08,0x3F,0xF8,0x30,0x18,0x00,0x00,0x00,0x00},
    {0x00,0x00,0x00,0x00,0x10,0x00,0x3F,0xF8,0x12,0xD8,0x16,0xC8,0x1E,0x48,0x12,0x58,0x1E,0x70,0x16,0x30,0x12,0x30,0x3E,0x70,0x32,0xD8,0x03,0x8C,0x00,0x00,0x00,0x00},
    {0x00,0x00,0x00,0x00,0x20,0x48,0x3E,0x48,0x0B,0x58,0x23,0xD0,0x33,0xF8,0x12,0x08,0x03,0xE8,0x0A,0x18,0x1B,0xF8,0x16,0x08,0x34,0x08,0x24,0x38,0x00,0x00,0x00,0x00},
    {0x00,0x00,0x00,0x00,0x10,0x88,0x3F,0x88,0x2A,0xA8,0x2A,0xA8,0x2A,0xA8,0x3F,0xE8,0x3F,0xE8,0x2A,0xA8,0x2A,0xA8,0x2A,0xA8,0x2A,0x88,0x2B,0xB8,0x00,0x00,0x00,0x00},
    {0x00,0x00,0x00,0x00,0x3C,0x40,0x3C,0xE0,0x2D,0xB0,0x2F,0x18,0x2B,0xF8,0x38,0x40,0x2F,0xF8,0x2C,0x60,0x2D,0x50,0x3F,0x58,0x26,0x48,0x21,0xC0,0x00,0x00,0x00,0x00},
    {0x00,0x00,0x00,0x00,0x08,0xC0,0x3E,0xC0,0x1D,0xF0,0x08,0xF0,0x3E,0xD0,0x34,0x90,0x3D,0xD0,0x3E,0xF0,0x08,0xF0,0x3F,0x9C,0x09,0x18,0x0B,0x18,0x00,0x00,0x00,0x00},
    {0x00,0x00,0x00,0x00,0x08,0x00,0x1B,0xF8,0x30,0x00,0x24,0x00,0x0F,0xF8,0x1B,0xF8,0x38,0x20,0x38,0x20,0x18,0x20,0x18,0x20,0x18,0x20,0x18,0xE0,0x00,0x00,0x00,0x00},
    {0x00,0x00,0x00,0x00,0x01,0x00,0x01,0x00,0x3F,0xF8,0x3F,0xF8,0x21,0x08,0x21,0x08,0x31,0x18,0x3F,0xF8,0x21,0x08,0x01,0x00,0x01,0x00,0x01,0x00,0x00,0x00,0x00,0x00},
    {0x00,0x00,0x00,0x00,0x3E,0xF8,0x3E,0xF8,0x3E,0xF8,0x32,0x98,0x3E,0xF8,0x20,0x08,0x2F,0xC8,0x26,0xC8,0x2F,0xE8,0x24,0x88,0x2C,0x88,0x28,0xB8,0x00,0x00,0x00,0x00},
    {0x00,0x00,0x00,0x00,0x00,0x00,0x3F,0xF8,0x03,0x80,0x07,0xC0,0x0F,0xF0,0x39,0x18,0x01,0x00,0x1F,0xF0,0x18,0x30,0x10,0x10,0x1F,0xF0,0x1F,0xF0,0x00,0x00,0x00,0x00},
    {0x00,0x00,0x00,0x00,0x09,0x20,0x3F,0xF8,0x3F,0xF8,0x2F,0xE8,0x0F,0xE0,0x1F,0xF0,0x1F,0xE0,0x1F,0xF8,0x1F,0xF0,0x1F,0xF0,0x1F,0xF0,0x1F,0xF0,0x00,0x00,0x00,0x00},
    {0x00,0x00,0x00,0x00,0x10,0x30,0x18,0x28,0x3D,0xF8,0x03,0xF8,0x3C,0x20,0x03,0xE0,0x39,0xA0,0x29,0x20,0x3D,0x20,0x25,0xFC,0x3F,0x98,0x2C,0x18,0x00,0x00,0x00,0x00},
    {0x00,0x00,0x00,0x00,0x00,0x00,0x3F,0xF8,0x16,0xD0,0x3F,0xF8,0x36,0xD8,0x3F,0xF8,0x16,0x10,0x3F,0xF8,0x0C,0x60,0x0F,0xC0,0x07,0xE0,0x3C,0x38,0x00,0x00,0x00,0x00},
    {0x00,0x00,0x00,0x00,0x01,0x40,0x01,0x30,0x3F,0xF8,0x3F,0xF8,0x01,0x90,0x19,0xB0,0x0D,0xE0,0x05,0x60,0x0D,0x30,0x19,0x18,0x31,0x08,0x07,0x00,0x00,0x00,0x00,0x00},
    {0x00,0x00,0x00,0x00,0x10,0xC0,0x1F,0xF8,0x3D,0xA0,0x25,0x20,0x3F,0xF8,0x01,0x00,0x1F,0xF0,0x00,0x60,0x3F,0xF8,0x08,0x60,0x0C,0x20,0x04,0xE0,0x00,0x00,0x00,0x00},
    {0x00,0x00,0x00,0x00,0x08,0x40,0x1B,0xF8,0x33,0xF8,0x6C,0x40,0x0F,0xF8,0x18,0x10,0x3B,0xF8,0x33,0x30,0x13,0x10,0x11,0x90,0x10,0x30,0x10,0xF0,0x00,0x00,0x00,0x00},
    {0x00,0x00,0x00,0x00,0x00,0x00,0x3F,0xF0,0x00,0x10,0x10,0x10,0x10,0x10,0x1F,0xF0,0x10,0x10,0x10,0x00,0x10,0x08,0x10,0x08,0x10,0x18,0x1F,0xF0,0x00,0x00,0x00,0x00},
    {0x00,0x00,0x00,0x00,0x30,0x18,0x3F,0xF8,0x20,0x08,0x2F,0xE8,0x20,0x08,0x27,0xC8,0x26,0xC8,0x24,0x48,0x24,0x48,0x27,0xC8,0x20,0x08,0x20,0x38,0x00,0x00,0x00,0x00},
    {0x00,0x00,0x00,0x00,0x01,0x00,0x09,0x80,0x09,0xF0,0x09,0x00,0x1B,0x80,0x3F,0xF8,0x09,0x10,0x19,0x30,0x31,0x20,0x21,0xE0,0x03,0x80,0x3E,0x00,0x00,0x00,0x00,0x00},
    {0x00,0x00,0x00,0x00,0x01,0x00,0x01,0x00,0x1F,0xF8,0x01,0x00,0x01,0x00,0x3F,0xF8,0x07,0xC0,0x07,0x40,0x0D,0x60,0x19,0x30,0x31,0x18,0x01,0x00,0x00,0x00,0x00,0x00},
    {0x00,0x00,0x00,0x00,0x0C,0x60,0x0E,0xE0,0x3F,0xF8,0x00,0x00,0x3E,0x18,0x12,0x58,0x3E,0x58,0x32,0x58,0x3E,0x58,0x32,0x58,0x22,0x10,0x26,0x70,0x00,0x00,0x00,0x00},
    {0x00,0x00,0x00,0x00,0x08,0x78,0x1F,0xC0,0x1F,0xF8,0x36,0x18,0x37,0xF8,0x76,0x18,0x17,0xF8,0x17,0xE8,0x17,0xF8,0x1D,0xF8,0x1D,0x28,0x19,0x38,0x00,0x00,0x00,0x00},
    {0x00,0x00,0x00,0x00,0x04,0x60,0x3F,0xF8,0x3F,0xF8,0x03,0x80,0x1F,0xF0,0x01,0x80,0x3F,0xF8,0x0C,0x00,0x1F,0xF0,0x30,0x80,0x01,0x80,0x1F,0xF8,0x00,0x00,0x00,0x00},
    {0x00,0x00,0x00,0x00,0x21,0xE0,0x3F,0xF8,0x1F,0xF8,0x07,0xE8,0x65,0xA8,0x17,0xF8,0x03,0xF0,0x18,0x00,0x1F,0xFC,0x32,0x50,0x26,0x58,0x2C,0x4C,0x00,0x00,0x00,0x00},
    {0x00,0x00,0x00,0x00,0x0C,0x40,0x3C,0xF8,0x09,0x98,0x1B,0xF0,0x3C,0xE0,0x19,0xF0,0x1C,0x7C,0x3F,0xFC,0x6B,0xD8,0x08,0x70,0x08,0xE0,0x0B,0x00,0x00,0x00,0x00,0x00},
    {0x00,0x00,0x00,0x00,0x11,0xF0,0x11,0xF0,0x3F,0xF8,0x38,0x10,0x13,0xF0,0x13,0xF8,0x1E,0xC8,0x73,0xF8,0x11,0xD0,0x11,0x50,0x11,0x70,0x30,0x40,0x00,0x00,0x00,0x00},
    {0x00,0x00,0x00,0x00,0x11,0x10,0x11,0xB0,0x3F,0xF8,0x39,0x10,0x11,0x30,0x13,0xF8,0x1E,0x48,0x7B,0xF8,0x13,0xF8,0x12,0x48,0x13,0xF8,0x33,0xF8,0x00,0x00,0x00,0x00},
    {0x00,0x00,0x00,0x00,0x09,0x00,0x09,0x00,0x1F,0xF0,0x3F,0xF0,0x21,0x00,0x21,0x00,0x3F,0xF8,0x03,0x80,0x02,0xC0,0x06,0x60,0x1C,0x30,0x30,0x18,0x00,0x00,0x00,0x00},
    {0x00,0x00,0x00,0x00,0x36,0x40,0x3E,0x40,0x36,0xF8,0x3E,0xD8,0x37,0x90,0x3F,0x90,0x36,0x70,0x36,0x60,0x3E,0x60,0x14,0x70,0x33,0xD8,0x23,0x88,0x00,0x00,0x00,0x00},
    {0x00,0x00,0x00,0x00,0x2A,0x20,0x3E,0x20,0x3E,0x78,0x3E,0x7C,0x3E,0x20,0x3E,0x60,0x3E,0xF8,0x0C,0x88,0x3F,0x88,0x26,0x88,0x3F,0xF8,0x75,0x98,0x00,0x00,0x00,0x00},
    {0x00,0x00,0x00,0x00,0x10,0xC0,0x13,0xF8,0x3B,0xF8,0x3A,0x88,0x12,0x88,0x11,0xF0,0x1F,0xF8,0x71,0x30,0x13,0xA0,0x10,0xE0,0x11,0xF0,0x37,0x0C,0x00,0x00,0x00,0x00},
    {0x00,0x00,0x00,0x00,0x01,0xF0,0x1F,0x80,0x3F,0xF8,0x03,0x80,0x1F,0xF0,0x13,0x90,0x1F,0xF0,0x1B,0xB0,0x1B,0xB0,0x3F,0xF8,0x03,0x80,0x3F,0xF8,0x00,0x00,0x00,0x00},
    {0x00,0x00,0x00,0x00,0x23,0xB8,0x37,0xF8,0x0F,0xF8,0x3E,0x60,0x3F,0xB8,0x11,0xB0,0x3B,0xF8,0x19,0xB0,0x1F,0xF8,0x1B,0x38,0x3E,0x08,0x27,0xFC,0x00,0x00,0x00,0x00},
    {0x00,0x00,0x00,0x00,0x13,0xF8,0x13,0xF8,0x3B,0xF8,0x3F,0xF8,0x13,0xF0,0x11,0xF0,0x1F,0xF8,0x71,0xB0,0x13,0xF8,0x13,0xF8,0x13,0xF8,0x30,0x40,0x00,0x00,0x00,0x00},
    {0x00,0x00,0x00,0x00,0x1B,0x08,0x13,0xF8,0x36,0xA8,0x3E,0xA8,0x3B,0xF8,0x1A,0x48,0x3E,0x68,0x3F,0xF8,0x2E,0x88,0x3E,0xE8,0x3E,0x08,0x42,0x18,0x00,0x00,0x00,0x00},
    {0x00,0x00,0x00,0x00,0x34,0xC0,0x3C,0xF8,0x27,0x90,0x27,0xB0,0x3E,0xE0,0x08,0xF0,0x2B,0x9C,0x2F,0xF8,0x29,0x98,0x29,0x18,0x3F,0x98,0x71,0xF8,0x00,0x00,0x00,0x00},
    {0x00,0x00,0x00,0x00,0x10,0xA0,0x18,0xB0,0x38,0x80,0x3D,0xF8,0x1B,0xE0,0x18,0x98,0x1C,0xB0,0x78,0xE0,0x18,0xE0,0x19,0xC8,0x1B,0x78,0x30,0x38,0x00,0x00,0x00,0x00},
    {0x00,0x00,0x00,0x00,0x00,0x00,0x3F,0xF8,0x01,0x80,0x03,0x00,0x03,0x80,0x07,0xC0,0x0D,0x30,0x39,0x18,0x21,0x08,0x01,0x00,0x01,0x00,0x01,0x00,0x00,0x00,0x00,0x00},
    {0x00,0x00,0x00,0x00,0x00,0x08,0x3F,0x48,0x1A,0x48,0x13,0x48,0x37,0x48,0x3D,0xC8,0x04,0x48,0x3F,0x48,0x0C,0x48,0x04,0x08,0x0F,0x08,0x3C,0x38,0x00,0x00,0x00,0x00},
    {0x00,0x00,0x00,0x00,0x10,0x60,0x3C,0xE0,0x19,0xB0,0x3F,0xF8,0x3E,0x08,0x3F,0xE8,0x3F,0xF8,0x3F,0xF8,0x3F,0xF8,0x3F,0xF8,0x1A,0x48,0x12,0xD8,0x00,0x00,0x00,0x00},
    {0x00,0x00,0x00,0x00,0x01,0x00,0x07,0x00,0x01,0x00,0x01,0x80,0x03,0x80,0x02,0x80,0x06,0xC0,0x04,0x60,0x0C,0x20,0x18,0x30,0x30,0x18,0x20,0x08,0x00,0x00,0x00,0x00},
    {0x00,0x00,0x00,0x00,0x03,0x00,0x3F,0xF8,0x23,0x28,0x1B,0x68,0x15,0xF0,0x37,0xB8,0x1F,0x68,0x3F,0xC0,0x01,0x10,0x11,0x10,0x1B,0x90,0x1F,0xF0,0x00,0x00,0x00,0x00},
    {0x00,0x00,0x00,0x00,0x01,0x20,0x3F,0xF8,0x11,0xF0,0x11,0xF8,0x31,0x60,0x3D,0xF8,0x35,0xF8,0x75,0xF8,0x17,0xF8,0x1F,0xF8,0x1E,0xD8,0x10,0x38,0x00,0x00,0x00,0x00},
    {0x00,0x00,0x00,0x00,0x20,0x40,0x37,0xF8,0x18,0xD0,0x3B,0xF8,0x3A,0xD8,0x13,0xF8,0x3A,0xD8,0x1B,0xF8,0x0F,0xF8,0x18,0xC0,0x3C,0x40,0x27,0xF8,0x00,0x00,0x00,0x00},
    {0x00,0x00,0x00,0x00,0x08,0x40,0x19,0xF8,0x15,0x18,0x3D,0xF8,0x39,0x18,0x19,0xF8,0x3C,0x68,0x3F,0xF8,0x25,0xF0,0x3D,0x70,0x2F,0x48,0x22,0xC8,0x00,0x00,0x00,0x00},
    {0x00,0x00,0x00,0x00,0x01,0x00,0x3F,0xF8,0x37,0xD8,0x26,0x88,0x0C,0xC0,0x38,0xF8,0x00,0x00,0x1F,0xF0,0x01,0x00,0x01,0x00,0x03,0x80,0x3F,0xF8,0x00,0x00,0x00,0x00},
    {0x00,0x00,0x00,0x00,0x18,0x80,0x19,0xF8,0x19,0xB8,0x3F,0xB0,0x1A,0xE0,0x18,0xF0,0x3F,0x98,0x3F,0xF8,0x19,0x10,0x19,0x10,0x19,0xF0,0x19,0xF0,0x00,0x00,0x00,0x00},
    {0x00,0x00,0x00,0x00,0x10,0x40,0x10,0xC0,0x3D,0xB0,0x7D,0x18,0x3F,0xF8,0x2F,0x88,0x29,0x10,0x39,0xF8,0x19,0x18,0x1D,0x18,0x37,0xF8,0x61,0x18,0x00,0x00,0x00,0x00},
    {0x00,0x00,0x00,0x00,0x05,0x80,0x35,0xF8,0x35,0x00,0x35,0x00,0x3D,0xF8,0x31,0xD8,0x31,0x50,0x3D,0x70,0x25,0x30,0x27,0x70,0x26,0xF8,0x66,0x8C,0x00,0x00,0x00,0x00},
    {0x00,0x00,0x00,0x00,0x01,0x00,0x01,0x00,0x3F,0xF8,0x3F,0xF8,0x03,0xC0,0x07,0x40,0x0D,0x60,0x19,0x30,0x3F,0xD8,0x27,0xE8,0x01,0x00,0x01,0x00,0x00,0x00,0x00,0x00},
    {0x00,0x00,0x00,0x00,0x18,0x00,0x3E,0xF8,0x1E,0x68,0x7F,0x68,0x3E,0x68,0x37,0xC8,0x3E,0x48,0x3E,0x48,0x3E,0xC8,0x3E,0x88,0x3F,0x98,0x09,0x38,0x00,0x00,0x00,0x00},
    {0x00,0x00,0x00,0x00,0x34,0x70,0x3D,0xF8,0x3D,0xF8,0x3D,0xF8,0x3F,0xF8,0x27,0xF8,0x3F,0xF8,0x35,0xF8,0x3D,0x98,0x3D,0xF8,0x24,0xD0,0x2D,0xF8,0x00,0x00,0x00,0x00},
    {0x00,0x00,0x00,0x00,0x04,0x50,0x24,0x58,0x24,0x48,0x34,0xE0,0x3F,0xF8,0x04,0x60,0x3C,0xE0,0x3C,0xE0,0x14,0xB0,0x35,0x90,0x27,0x18,0x26,0x08,0x00,0x00,0x00,0x00},
    {0x00,0x00,0x00,0x00,0x18,0x80,0x3E,0xF8,0x3F,0x80,0x3E,0xF8,0x3A,0xC0,0x3E,0xF8,0x3E,0xC8,0x36,0xF8,0x27,0x10,0x15,0x98,0x34,0x28,0x27,0xE8,0x00,0x00,0x00,0x00},
    {0x00,0x00,0x00,0x00,0x10,0x60,0x1B,0xF8,0x7F,0xF8,0x03,0xF8,0x3B,0xF8,0x03,0xF8,0x39,0xF8,0x39,0xF8,0x3D,0xF8,0x2D,0xF8,0x3D,0xF8,0x2F,0x9C,0x00,0x00,0x00,0x00},
    {0x00,0x00,0x00,0x00,0x01,0x00,0x3F,0xF8,0x13,0xB0,0x1F,0xF0,0x11,0x10,0x1F,0xF0,0x11,0x10,0x1F,0xF0,0x1B,0x00,0x0F,0x00,0x0F,0xC0,0x38,0x7C,0x00,0x00,0x00,0x00},
    {0x00,0x00,0x00,0x00,0x08,0x08,0x3E,0xF8,0x36,0xC0,0x12,0x80,0x3E,0xF8,0x1E,0xF8,0x0C,0x90,0x3F,0x90,0x3E,0x90,0x2B,0x90,0x2B,0x90,0x29,0x10,0x00,0x00,0x00,0x00},
    {0x00,0x00,0x00,0x00,0x00,0x00,0x3F,0xF8,0x01,0x00,0x01,0x00,0x01,0x00,0x09,0x80,0x09,0xF0,0x09,0x00,0x09,0x00,0x09,0x00,0x3F,0xF8,0x3F,0xF8,0x00,0x00,0x00,0x00},
    {0x00,0x00,0x00,0x00,0x02,0x00,0x06,0x00,0x3F,0xF8,0x04,0x00,0x0C,0x40,0x18,0x40,0x3B,0xF8,0x78,0xC0,0x18,0x40,0x18,0x40,0x18,0xC0,0x1F,0xF8,0x00,0x00,0x00,0x00},
    {0x00,0x00,0x00,0x00,0x02,0x40,0x3C,0x40,0x32,0x78,0x3F,0xD8,0x33,0x90,0x3F,0xD0,0x31,0xD0,0x3F,0x70,0x3B,0x30,0x3A,0x70,0x3F,0xD8,0x3B,0x8C,0x00,0x00,0x00,0x00},
    {0x00,0x00,0x00,0x00,0x0F,0x40,0x3C,0x40,0x3F,0x78,0x0C,0xF8,0x3F,0x48,0x2F,0x48,0x3F,0x48,0x3F,0x48,0x2E,0x48,0x3E,0xC8,0x0F,0x98,0x7F,0xB8,0x00,0x00,0x00,0x00},
    {0x00,0x00,0x00,0x00,0x0C,0x18,0x1F,0xF8,0x18,0x08,0x37,0xE8,0x30,0x08,0x73,0xC8,0x13,0xE8,0x12,0x68,0x12,0x68,0x13,0xC8,0x10,0x08,0x10,0x38,0x00,0x00,0x00,0x00},
    {0x00,0x00,0x00,0x00,0x14,0x98,0x3F,0xF8,0x35,0x08,0x37,0x18,0x3F,0x30,0x35,0xB0,0x35,0xF8,0x3F,0xD8,0x25,0x70,0x25,0x30,0x25,0xF8,0x2D,0xCC,0x00,0x00,0x00,0x00},
    {0x00,0x00,0x00,0x00,0x16,0xD0,0x1E,0xF0,0x12,0x90,0x1E,0xF0,0x03,0x30,0x3F,0xF8,0x0E,0xF0,0x38,0x38,0x3E,0xF8,0x12,0x90,0x16,0xD0,0x1E,0xF0,0x00,0x00,0x00,0x00},
    {0x00,0x00,0x00,0x00,0x04,0x00,0x3F,0xF8,0x2D,0xF8,0x19,0xF8,0x19,0x88,0x7F,0xF8,0x17,0x98,0x1D,0xF8,0x11,0x98,0x11,0xF8,0x10,0x98,0x31,0x0C,0x00,0x00,0x00,0x00},
    {0x00,0x00,0x00,0x00,0x08,0x20,0x3F,0xF8,0x0C,0x60,0x0F,0xE0,0x0C,0x60,0x0F,0xE0,0x3F,0xF8,0x1D,0x70,0x3B,0xB8,0x27,0xC8,0x03,0x80,0x3F,0xF0,0x00,0x00,0x00,0x00},
    {0x00,0x00,0x00,0x00,0x33,0x40,0x1B,0xF8,0x26,0x60,0x3F,0xF8,0x1E,0x60,0x1B,0xF8,0x33,0x60,0x23,0xF0,0x01,0x00,0x3F,0xF8,0x01,0x00,0x01,0x00,0x00,0x00,0x00,0x00},
    {0x00,0x00,0x00,0x00,0x24,0x88,0x37,0xA8,0x1C,0xA8,0x07,0xA8,0x24,0xA8,0x37,0xA8,0x05,0xA8,0x1C,0xA8,0x17,0xA8,0x35,0xA8,0x24,0x88,0x2C,0xB8,0x00,0x00,0x00,0x00},
    {0x00,0x00,0x00,0x00,0x08,0x80,0x1F,0xF8,0x1B,0xF0,0x33,0xF0,0x32,0x10,0x73,0xF0,0x17,0xF8,0x14,0x08,0x17,0xF8,0x10,0xC0,0x10,0xC0,0x11,0xC0,0x00,0x00,0x00,0x00},
    {0x00,0x00,0x00,0x00,0x00,0x80,0x01,0x80,0x09,0x80,0x09,0x80,0x09,0x80,0x09,0xF8,0x09,0x80,0x09,0x80,0x09,0x80,0x09,0x80,0x3F,0xF8,0x3F,0xF8,0x00,0x00,0x00,0x00},
    {0x00,0x00,0x00,0x00,0x18,0x40,0x13,0xF8,0x37,0xF8,0x3C,0x90,0x79,0x90,0x1B,0xF8,0x3D,0xA8,0x3C,0xA0,0x25,0xA0,0x3D,0x24,0x6F,0x2C,0x46,0x38,0x00,0x00,0x00,0x00},
    {0x00,0x00,0x00,0x00,0x10,0x60,0x18,0x60,0x7E,0x60,0x00,0x60,0x3C,0x60,0x01,0xF8,0x3C,0x60,0x3C,0x60,0x3C,0x60,0x24,0x60,0x3C,0x60,0x2C,0x60,0x00,0x00,0x00,0x00},
    {0x00,0x00,0x00,0x00,0x10,0x18,0x1F,0xF8,0x1F,0xF8,0x1F,0xF8,0x17,0xF8,0x1F,0xF8,0x3F,0xF8,0x3F,0xF8,0x27,0xF0,0x27,0xF0,0x27,0xF0,0x67,0xF0,0x00,0x00,0x00,0x00},
    {0x00,0x00,0x00,0x00,0x08,0x10,0x19,0xF0,0x15,0x10,0x3D,0x30,0x3D,0xB8,0x1D,0xF8,0x3D,0x98,0x3F,0xD0,0x27,0x70,0x3E,0x70,0x2E,0xF8,0x25,0x88,0x00,0x00,0x00,0x00},
    {0x00,0x00,0x00,0x00,0x0C,0x00,0x0F,0xF0,0x0F,0xE0,0x0F,0xE0,0x08,0x00,0x0F,0xE0,0x3F,0xF8,0x19,0x98,0x09,0xB0,0x08,0xE0,0x0B,0x70,0x1E,0x18,0x00,0x00,0x00,0x00},
    {0x00,0x00,0x00,0x00,0x08,0x10,0x19,0x90,0x3C,0xD0,0x3C,0x50,0x19,0x10,0x19,0x90,0x1C,0xD0,0x78,0x38,0x1B,0xF8,0x18,0x10,0x18,0x10,0x30,0x10,0x00,0x00,0x00,0x00},
    {0x00,0x00,0x00,0x00,0x19,0x10,0x19,0xF0,0x19,0x10,0x3F,0xF0,0x19,0x10,0x19,0xF0,0x3F,0xF0,0x3F,0x68,0x59,0x30,0x19,0x30,0x19,0xD8,0x19,0x0C,0x00,0x00,0x00,0x00},
    {0x00,0x00,0x00,0x00,0x18,0x00,0x1F,0xF8,0x3A,0xF0,0x3A,0x90,0x1E,0xF0,0x3F,0xF8,0x1A,0x90,0x1E,0xF0,0x3F,0xF8,0x12,0x90,0x32,0xD8,0x22,0x48,0x00,0x00,0x00,0x00},
    {0x00,0x00,0x00,0x00,0x10,0x40,0x11,0x40,0x11,0x68,0x19,0x78,0x3F,0xF8,0x13,0x48,0x11,0x58,0x11,0x50,0x1D,0x40,0x39,0x0C,0x01,0x08,0x01,0xF8,0x00,0x00,0x00,0x00},
    {0x00,0x00,0x00,0x00,0x22,0x58,0x33,0xF8,0x0A,0xD8,0x3B,0xF8,0x3A,0xD8,0x13,0xF8,0x3B,0xE8,0x1F,0xA8,0x1F,0xE8,0x1C,0x38,0x3C,0x10,0x27,0xFC,0x00,0x00,0x00,0x00},
    {0x00,0x00,0x00,0x00,0x08,0x30,0x1F,0xF0,0x18,0x10,0x18,0x10,0x18,0x10,0x1F,0xF0,0x1F,0xF0,0x18,0x10,0x18,0x10,0x18,0x30,0x1F,0xF0,0x18,0x30,0x00,0x00,0x00,0x00},
    {0x00,0x00,0x00,0x00,0x00,0x00,0x00,0x00,0x00,0x00,0x00,0x00,0x00,0x00,0x00,0x00,0x3F,0xF8,0x00,0x00,0x00,0x00,0x00,0x00,0x00,0x00,0x00,0x00,0x00,0x00,0x00,0x00},
    {0x00,0x00,0x00,0x00,0x00,0x00,0x1F,0xF0,0x1F,0xF0,0x00,0x00,0x00,0x00,0x00,0x00,0x00,0x00,0x00,0x00,0x00,0x00,0x00,0x00,0x3F,0xF8,0x00,0x00,0x00,0x00,0x00,0x00},
    {0x00,0x00,0x00,0x00,0x00,0x00,0x3F,0xF8,0x00,0x00,0x00,0x00,0x00,0x00,0x00,0x00,0x1F,0xF0,0x00,0x00,0x00,0x00,0x00,0x00,0x3F,0xF8,0x3F,0xF8,0x00,0x00,0x00,0x00},
    {0x00,0x00,0x00,0x00,0x00,0x00,0x3F,0xF8,0x26,0xC8,0x26,0x88,0x26,0x88,0x24,0x88,0x24,0xC8,0x3C,0xF8,0x38,0x08,0x20,0x08,0x3F,0xF8,0x30,0x18,0x00,0x00,0x00,0x00},
    {0x00,0x00,0x00,0x00,0x00,0x00,0x3F,0xF8,0x03,0x00,0x02,0x00,0x02,0x00,0x1F,0xE0,0x06,0x20,0x04,0x20,0x04,0x20,0x04,0x20,0x3F,0xF8,0x3F,0xF8,0x00,0x00,0x00,0x00},
    {0x00,0x00,0x00,0x00,0x02,0x00,0x03,0x00,0x01,0x80,0x00,0x80,0x3F,0xF8,0x00,0x00,0x04,0x40,0x0C,0x60,0x08,0x30,0x18,0x10,0x30,0x18,0x20,0x08,0x00,0x00,0x00,0x00},
    {0x00,0x00,0x00,0x00,0x08,0x20,0x0F,0xF0,0x08,0x10,0x08,0x30,0x0F,0xF0,0x08,0x30,0x08,0x10,0x0F,0xF0,0x08,0x30,0x08,0x10,0x18,0x30,0x10,0x70,0x00,0x00,0x00,0x00},
    {0x00,0x00,0x00,0x00,0x18,0x40,0x3F,0xF8,0x3F,0xD8,0x3F,0xF0,0x3F,0x70,0x3F,0xF8,0x0E,0xC8,0x1F,0xC0,0x0F,0x30,0x1F,0xF8,0x0D,0x78,0x33,0x18,0x00,0x00,0x00,0x00},
    {0x00,0x00,0x00,0x00,0x02,0x00,0x03,0x00,0x3F,0xF8,0x3F,0xF8,0x08,0x60,0x0C,0x40,0x06,0xC0,0x03,0x80,0x03,0x80,0x07,0xC0,0x1C,0x70,0x30,0x18,0x00,0x00,0x00,0x00},
    {0x00,0x00,0x00,0x00,0x08,0x00,0x1D,0x80,0x1F,0xF8,0x30,0x80,0x21,0x80,0x0F,0xF0,0x08,0x80,0x08,0x80,0x3F,0xF8,0x01,0x80,0x00,0x80,0x00,0x80,0x00,0x00,0x00,0x00},
};

static const uint8_t zh_hant_glyphs_2x[][DISPLAY_CJK_GLYPH_2X_BYTES] = {
    {0x00,0x00,0x00,0x00,0x00,0x00,0x00,0x00,0x00,0x00,0x00,0x00,0x03,0x80,0x21,0x00,0x01,0xC0,0x7F,0x80,0x01,0xC0,0x7F,0x80,0x0F,0xFC,0x61,0x80,0x1F,0xFC,0xE1,0x80,0x1F,0xF8,0xE1,0x80,0x00,0x00,0xE1,0x80,0x07,0xF1,0xE1,0xC0,0x0F,0xFB,0xC1,0xF8,0x07,0xFB,0x80,0xF8,0x00,0x03,0x00,0x00,0x0F,0xF8,0x00,0x40,0x0F,0xF9,0xFF,0xE0,0x00,0x01,0xFF,0xE0,0x00,0x00,0xE0,0xE0,0x07,0xF8,0xE0,0xC0,0x0F,0xF8,0x71,0xC0,0x0F,0xF8,0x73,0xC0,0x0C,0x18,0x3F,0x80,0x0C,0x18,0x3F,0x00,0x0C,0x18,0x1F,0x00,0x0E,0x38,0x3F,0x80,0x0F,0xF8,0xFF,0xE0,0x0F,0xFB,0xF1,0xF8,0x0C,0x03,0xC0,0x78,0x00,0x03,0x00,0x10,0x00,0x00,0x00,0x00,0x00,0x00,0x00,0x00,0x00,0x00,0x00,0x00},
    {0x00,0x00,0x00,0x00,0x00,0x00,0x00,0x00,0x00,0x01,0x00,0x00,0x00,0x03,0x80,0x00,0x00,0x03,0x80,0x00,0x07,0xFF,0xFF,0xE0,0x0F,0xFF,0xFF,0xF0,0x0F,0xFF,0xFF,0xF0,0x0E,0x00,0x00,0x70,0x0E,0x00,0x00,0x70,0x0E,0x00,0x00,0x70,0x0C,0xFF,0xFF,0x70,0x00,0xFF,0xFF,0x00,0x00,0x01,0xC0,0x00,0x00,0x01,0x80,0x00,0x00,0xE1,0x80,0x00,0x00,0xE1,0x80,0x00,0x00,0xC1,0xC0,0x00,0x01,0xC1,0xFF,0xC0,0x01,0xC1,0xFF,0xC0,0x01,0xC1,0xC0,0x00,0x03,0xE1,0x80,0x00,0x03,0xE1,0x80,0x00,0x07,0x79,0x80,0x00,0x0F,0x3F,0x80,0x00,0x0E,0x1F,0xC0,0x00,0x1E,0x07,0xFF,0xF8,0x1C,0x00,0xFF,0xF8,0x08,0x00,0x00,0x00,0x00,0x00,0x00,0x00,0x00,0x00,0x00,0x00,0x00,0x00,0x00,0x00},
    {0x00,0x00,0x00,0x00,0x00,0x00,0x00,0x00,0x00,0x00,0x00,0x00,0x00,0x00,0x0C,0x00,0x04,0x20,0x0C,0x00,0x0F,0xF0,0x1C,0x00,0x0F,0xF7,0xFF,0xF8,0x0E,0x37,0xFF,0xF8,0x0E,0x30,0x1C,0x00,0x0E,0x30,0x0C,0x00,0x0E,0x30,0x1C,0x00,0x0E,0x33,0xFF,0xF0,0x0E,0x33,0xFF,0xF0,0x0F,0xF0,0x00,0x00,0x0F,0xF0,0x01,0x80,0x0F,0xF0,0x01,0x80,0x0E,0x37,0xFF,0xF8,0x0E,0x37,0xFF,0xF8,0x0E,0x30,0x03,0xC0,0x0E,0x31,0x01,0x80,0x0E,0x33,0x81,0x80,0x0E,0x31,0xC1,0x80,0x0F,0xF0,0xE1,0x80,0x0F,0xF0,0xE1,0x80,0x0E,0x70,0x61,0x80,0x0E,0x30,0x01,0x80,0x00,0x00,0x3F,0x80,0x00,0x00,0x3F,0x80,0x00,0x00,0x1E,0x00,0x00,0x00,0x00,0x00,0x00,0x00,0x00,0x00,0x00,0x00,0x00,0x00},
    {0x00,0x00,0x00,0x00,0x00,0x00,0x00,0x00,0x00,0x00,0x00,0x00,0x00,0x00,0x00,0x00,0x1F,0xFF,0xFF,0xF0,0x1F,0xFF,0xFF,0xF0,0x06,0x00,0x00,0x00,0x06,0x1F,0xFF,0x00,0x06,0x1F,0xFF,0x00,0x06,0x1F,0xFF,0x00,0x06,0x18,0x03,0x00,0x06,0x18,0x03,0x00,0x06,0x1F,0xFF,0x00,0x06,0x1F,0xFF,0x00,0x06,0x0C,0x07,0x00,0x06,0x00,0x00,0x00,0x06,0x7F,0x9F,0xE0,0x06,0x7F,0x9F,0xE0,0x06,0x63,0x98,0xE0,0x06,0x61,0x98,0x60,0x06,0x61,0x98,0x60,0x06,0x63,0x98,0xE0,0x06,0x7F,0x9F,0xE0,0x06,0x7F,0x9F,0xE0,0x06,0x00,0x00,0x00,0x07,0xFF,0xFF,0xF0,0x07,0xFF,0xFF,0xF0,0x03,0xFF,0xFF,0xF0,0x00,0x00,0x00,0x00,0x00,0x00,0x00,0x00,0x00,0x00,0x00,0x00,0x00,0x00,0x00,0x00},
    {0x00,0x00,0x00,0x00,0x00,0x00,0x00,0x00,0x00,0x01,0x00,0x00,0x00,0x03,0x80,0x00,0x00,0x03,0xC0,0x00,0x0F,0xFF,0xFF,0xF0,0x0F,0xFF,0xFF,0xF0,0x00,0x00,0x00,0x00,0x00,0xFF,0xFF,0x00,0x00,0xFF,0xFF,0x00,0x00,0xFF,0xFF,0x00,0x00,0xC0,0x03,0x00,0x00,0xFF,0xFF,0x00,0x00,0xFF,0xFF,0x00,0x00,0x00,0x00,0x00,0x06,0x00,0x00,0x60,0x0F,0xFF,0xFF,0xF0,0x0F,0xFF,0xFF,0xF0,0x0E,0x00,0x00,0x70,0x0E,0x0C,0x30,0x70,0x0E,0x0C,0x30,0x60,0x00,0x1C,0x30,0x00,0x00,0x1C,0x30,0x00,0x00,0x1C,0x30,0x30,0x00,0x38,0x30,0x30,0x00,0xF8,0x38,0x30,0x0F,0xF0,0x3F,0xF0,0x0F,0xC0,0x1F,0xE0,0x0E,0x00,0x00,0x00,0x00,0x00,0x00,0x00,0x00,0x00,0x00,0x00,0x00,0x00,0x00,0x00},
    {0x00,0x00,0x00,0x00,0x00,0x00,0x00,0x00,0x00,0x00,0x40,0x00,0x00,0x01,0xC0,0x00,0x01,0x00,0xE0,0x00,0x07,0xFF,0xFF,0xF0,0x07,0xFF,0xFF,0xF0,0x07,0x0C,0x03,0x00,0x07,0x0E,0x03,0x00,0x07,0x0E,0x07,0x00,0x07,0xFF,0xFF,0xF0,0x07,0xFF,0xFF,0xF0,0x07,0x0E,0x07,0x00,0x07,0x0E,0x03,0x00,0x07,0x0F,0xFF,0x00,0x07,0x0F,0xFF,0x00,0x07,0x0F,0xFF,0x00,0x07,0x00,0x00,0x00,0x07,0x7F,0xFF,0xC0,0x07,0x7F,0xFF,0xC0,0x06,0x1E,0x03,0xC0,0x06,0x0E,0x07,0x80,0x0E,0x07,0x9F,0x00,0x0E,0x03,0xFC,0x00,0x0E,0x01,0xF8,0x00,0x1C,0x0F,0xFF,0x00,0x1C,0xFF,0x9F,0xF0,0x19,0xFC,0x03,0xF8,0x00,0xC0,0x00,0x30,0x00,0x00,0x00,0x00,0x00,0x00,0x00,0x00,0x00,0x00,0x00,0x00},
    {0x00,0x00,0x00,0x00,0x00,0x00,0x00,0x00,0x00,0x00,0x00,0x00,0x06,0x00,0x20,0x60,0x0F,0xFE,0x7F,0xF0,0x0F,0xFE,0x7F,0xF0,0x0E,0x0E,0x60,0x70,0x0F,0xFE,0x7F,0xF0,0x0F,0xFE,0x7F,0xF0,0x0F,0xFE,0x7F,0xF0,0x0E,0x0E,0x60,0x70,0x0F,0xFE,0x7F,0xF0,0x0F,0xFE,0x7F,0xF0,0x0E,0x0C,0x30,0x70,0x0E,0x01,0x80,0x70,0x0E,0x03,0x80,0x70,0x0E,0x03,0x80,0x70,0x0E,0x03,0x80,0x70,0x0E,0x07,0x80,0x70,0x0E,0x07,0xC0,0x70,0x0E,0x0F,0xF0,0x70,0x0E,0x1E,0xF8,0x70,0x0E,0x3C,0x3C,0x70,0x0E,0x78,0x1E,0x70,0x0E,0xF0,0x0E,0x70,0x0E,0x60,0x04,0x70,0x0E,0x00,0x03,0xF0,0x0E,0x00,0x03,0xE0,0x0C,0x00,0x00,0x00,0x00,0x00,0x00,0x00,0x00,0x00,0x00,0x00,0x00,0x00,0x00,0x00},
    {0x00,0x00,0x00,0x00,0x00,0x00,0x00,0x00,0x00,0x00,0x10,0x00,0x01,0x86,0x18,0x60,0x01,0x86,0x18,0xE0,0x01,0x8E,0x7E,0xC0,0x01,0x8C,0x7E,0xC0,0x01,0x9D,0xE6,0xF0,0x19,0xBF,0xE7,0xB0,0x19,0xFF,0x67,0xF0,0x1D,0xFF,0x7F,0xF0,0x0D,0xEF,0x7F,0xE0,0x0D,0xC7,0x66,0xF0,0x0D,0x8F,0xE6,0xF0,0x0F,0x8F,0xEE,0xF8,0x0F,0x9F,0xFF,0xF8,0x01,0x9D,0xFF,0xD8,0x01,0x80,0x98,0x08,0x03,0x8F,0xFF,0xF0,0x03,0xCF,0xFF,0xF8,0x03,0xEF,0xFF,0xF0,0x03,0xE0,0x99,0x00,0x07,0x71,0xD9,0x80,0x07,0x3B,0x99,0xC0,0x06,0x37,0x18,0xE0,0x0E,0x1F,0x18,0x70,0x1C,0x1E,0x18,0x38,0x1C,0x18,0x18,0x18,0x08,0x00,0x18,0x00,0x00,0x00,0x00,0x00,0x00,0x00,0x00,0x00,0x00,0x00,0x00,0x00},
    {0x00,0x00,0x00,0x00,0x00,0x00,0x00,0x00,0x00,0x00,0x40,0x00,0x03,0x80,0xE0,0x00,0x01,0xC0,0xE0,0x00,0x01,0xC0,0xE0,0x00,0x01,0xE1,0xFF,0xF0,0x1F,0xFD,0xFF,0xF0,0x1F,0xFF,0x80,0x00,0x03,0x07,0x80,0x00,0x03,0x07,0x80,0x20,0x03,0x07,0xFF,0xF0,0x03,0xFF,0xFF,0xF0,0x03,0xF8,0x0E,0x70,0x03,0xF8,0x0E,0x60,0x03,0x18,0xCE,0xE0,0x03,0x18,0xCE,0x40,0x03,0x18,0xCE,0x00,0x07,0x18,0xCF,0xE0,0x07,0x18,0xCF,0xF0,0x07,0x19,0xCF,0xE0,0x06,0x19,0xCE,0x00,0x06,0x19,0xEE,0x00,0x0E,0x19,0xFE,0x00,0x0E,0x1B,0xFE,0x00,0x0C,0x3B,0xBE,0x00,0x1C,0xFB,0x9F,0xF8,0x1D,0xF3,0x07,0xF8,0x08,0xC1,0x00,0x00,0x00,0x00,0x00,0x00,0x00,0x00,0x00,0x00,0x00,0x00,0x00,0x00},
    {0x00,0x00,0x00,0x00,0x00,0x00,0x00,0x00,0x00,0x00,0x00,0x00,0x01,0xC0,0x0C,0x00,0x01,0xC3,0xFF,0xF0,0x0F,0xFF,0xFF,0xF0,0x1F,0xFC,0x0E,0x00,0x01,0xC1,0xFF,0xE0,0x01,0xC1,0xFF,0xE0,0x0F,0xF9,0x9E,0x60,0x0F,0xF9,0x9E,0x60,0x0D,0xD9,0xFF,0xE0,0x0D,0x99,0xFF,0xE0,0x0D,0xD9,0x8E,0x60,0x0F,0xF9,0xFF,0xE0,0x0F,0xF9,0xFF,0xE0,0x0D,0x98,0x0C,0x70,0x0D,0x98,0xFF,0xF8,0x0F,0xFB,0xFF,0xF8,0x0F,0xFB,0xF9,0xD8,0x0F,0xF8,0x01,0xC0,0x01,0xC3,0xFF,0xF8,0x01,0xC7,0xFF,0xF8,0x1F,0xFD,0xC1,0xC0,0x0F,0xF9,0xE1,0xC0,0x01,0xC0,0xF1,0xC0,0x01,0xC0,0x77,0xC0,0x01,0xC0,0x0F,0xC0,0x00,0x80,0x07,0x00,0x00,0x00,0x00,0x00,0x00,0x00,0x00,0x00,0x00,0x00,0x00,0x00},
    {0x00,0x00,0x00,0x00,0x00,0x00,0x00,0x00,0x00,0x00,0x00,0x00,0x06,0x04,0x20,0x60,0x0F,0xFE,0x7F,0xF0,0x0F,0xFE,0x7F,0xF0,0x0E,0x0E,0x70,0x70,0x0F,0xFE,0x7F,0xF0,0x0E,0x0E,0x70,0x70,0x0F,0xFE,0x7F,0xF0,0x0F,0xFE,0x7F,0xF0,0x0E,0x3C,0x3C,0x70,0x0E,0x38,0x38,0x70,0x0E,0x77,0x77,0x70,0x0E,0xFE,0xFE,0x70,0x0E,0xFE,0xFE,0x70,0x0E,0x3E,0x3F,0x70,0x0E,0x7F,0x7F,0x70,0x0E,0xFF,0xFF,0x70,0x0E,0xF3,0xF3,0x70,0x0E,0x66,0x66,0x70,0x0E,0x66,0x66,0x70,0x0E,0x66,0x66,0x70,0x0E,0x7E,0x7E,0x70,0x0E,0x7E,0x7E,0x70,0x0E,0x1E,0x60,0x70,0x0E,0x7C,0x63,0xF0,0x0E,0x70,0x63,0xE0,0x0C,0x00,0x03,0xC0,0x00,0x00,0x00,0x00,0x00,0x00,0x00,0x00,0x00,0x00,0x00,0x00},
    {0x00,0x00,0x00,0x00,0x00,0x00,0x00,0x00,0x00,0x00,0x00,0x00,0x01,0xC0,0x0E,0x00,0x01,0xC0,0x1E,0x00,0x00,0xE0,0x1F,0x00,0x00,0xE0,0x3F,0x00,0x1F,0xFE,0x33,0x80,0x1F,0xFE,0x73,0x80,0x03,0x00,0x71,0xC0,0x03,0x00,0xE0,0xE0,0x03,0x01,0xC0,0x70,0x03,0xFB,0xC0,0x78,0x03,0xFF,0x90,0x38,0x03,0xFF,0x38,0x18,0x03,0x1C,0x3E,0x00,0x03,0x1C,0x0F,0x00,0x03,0x1C,0x07,0x80,0x03,0x1C,0x03,0xC0,0x07,0x1C,0x01,0x80,0x07,0x1C,0x00,0x00,0x07,0x1C,0xE0,0x00,0x06,0x18,0xF8,0x00,0x06,0x18,0x3E,0x00,0x0E,0x18,0x1F,0x00,0x0E,0x38,0x07,0xC0,0x1C,0xF8,0x03,0xE0,0x1C,0xF0,0x00,0xE0,0x08,0x00,0x00,0x60,0x00,0x00,0x00,0x00,0x00,0x00,0x00,0x00,0x00,0x00,0x00,0x00},
    {0x00,0x00,0x00,0x00,0x00,0x00,0x00,0x00,0x01,0x00,0x00,0x00,0x03,0x80,0x00,0x00,0x03,0x87,0xFF,0xF0,0x01,0x87,0xFF,0xF0,0x1F,0xF8,0x38,0x00,0x1F,0xF8,0x38,0x00,0x0F,0xF0,0x78,0x80,0x00,0x03,0xFF,0xE0,0x0F,0xE3,0xFF,0xE0,0x0F,0xF0,0x70,0xE0,0x0F,0xE0,0x70,0xE0,0x00,0x00,0x60,0xE0,0x0F,0xF7,0xFF,0xF8,0x0F,0xF7,0xFF,0xF8,0x00,0x07,0xFF,0xF8,0x00,0x00,0x00,0x00,0x0F,0xF0,0x80,0x40,0x0F,0xF1,0xFF,0xE0,0x0F,0xF1,0xFF,0xE0,0x0C,0x71,0x80,0x60,0x0C,0x71,0x80,0x60,0x0C,0x71,0x80,0x60,0x0E,0x71,0x80,0x60,0x0F,0xF1,0xFF,0xE0,0x0F,0xF1,0xFF,0xE0,0x0C,0x71,0xFF,0xE0,0x0C,0x01,0x80,0x60,0x00,0x00,0x00,0x00,0x00,0x00,0x00,0x00,0x00,0x00,0x00,0x00},
    {0x00,0x00,0x00,0x00,0x00,0x00,0x00,0x00,0x00,0x01,0x00,0x00,0x00,0x03,0x80,0x00,0x00,0x03,0x80,0x00,0x00,0x01,0xC0,0x00,0x1F,0xFF,0xFF,0xF8,0x1F,0xFF,0xFF,0xF8,0x00,0x00,0x00,0x00,0x00,0x00,0x00,0x00,0x00,0xFF,0xFF,0x80,0x01,0xFF,0xFF,0x80,0x01,0xFF,0xFF,0x80,0x00,0x00,0x00,0x00,0x00,0x00,0x00,0x00,0x01,0xFF,0xFF,0x80,0x01,0xFF,0xFF,0x80,0x00,0x00,0x00,0x00,0x00,0x00,0x00,0x00,0x01,0xFF,0xFF,0x80,0x03,0xFF,0xFF,0xC0,0x03,0xFF,0xFF,0xC0,0x03,0x80,0x01,0xC0,0x03,0x80,0x01,0xC0,0x03,0x80,0x01,0xC0,0x03,0xFF,0xFF,0xC0,0x03,0xFF,0xFF,0xC0,0x03,0x80,0x01,0xC0,0x03,0x80,0x01,0x80,0x00,0x00,0x00,0x00,0x00,0x00,0x00,0x00,0x00,0x00,0x00,0x00},
    {0x00,0x00,0x00,0x00,0x00,0x00,0x00,0x00,0x00,0x00,0x00,0x00,0x00,0x03,0x80,0x00,0x00,0x03,0x80,0x00,0x06,0x03,0xC0,0x20,0x0F,0xFF,0xFF,0xF0,0x0F,0xFF,0xFF,0xF0,0x0C,0x00,0x00,0x70,0x0C,0x00,0x00,0x30,0x0C,0x00,0x00,0x30,0x0C,0xFF,0xFF,0x30,0x00,0xFF,0xFF,0x00,0x00,0x00,0x00,0x00,0x00,0x00,0x00,0x00,0x00,0x00,0x00,0x00,0x0F,0xFF,0xFF,0xF0,0x0F,0xFF,0xFF,0xF0,0x00,0x1C,0x38,0x00,0x00,0x1C,0x38,0x00,0x00,0x1C,0x38,0x00,0x00,0x18,0x38,0x00,0x00,0x38,0x38,0x38,0x00,0x78,0x38,0x38,0x00,0xF0,0x38,0x38,0x03,0xE0,0x38,0x38,0x0F,0xC0,0x3F,0xF0,0x1F,0x80,0x1F,0xF0,0x0C,0x00,0x00,0x00,0x00,0x00,0x00,0x00,0x00,0x00,0x00,0x00,0x00,0x00,0x00,0x00},
    {0x00,0x00,0x00,0x00,0x00,0x00,0x00,0x00,0x00,0x00,0x00,0x00,0x00,0x00,0x73,0x00,0x00,0x00,0x73,0x80,0x00,0x00,0x71,0xC0,0x00,0x00,0x70,0xC0,0x03,0xFF,0xFF,0xF8,0x03,0xFF,0xFF,0xF8,0x03,0x80,0x70,0x00,0x03,0x00,0x30,0x00,0x03,0x00,0x30,0x40,0x03,0x00,0x30,0xE0,0x03,0xFE,0x30,0xC0,0x03,0xFE,0x39,0xC0,0x03,0xFE,0x39,0xC0,0x03,0x06,0x3B,0x80,0x03,0x06,0x1B,0x80,0x07,0x06,0x1F,0x00,0x07,0x06,0x1F,0x00,0x07,0x0E,0x1E,0x00,0x07,0x0E,0x1E,0x10,0x07,0x1E,0x3E,0x18,0x0E,0x7C,0x7F,0x38,0x0E,0x78,0xF7,0xB8,0x0E,0x03,0xE3,0xF0,0x1C,0x07,0xC1,0xF0,0x1C,0x07,0x00,0xF0,0x08,0x00,0x00,0x00,0x00,0x00,0x00,0x00,0x00,0x00,0x00,0x00,0x00,0x00,0x00,0x00},
    {0x00,0x00,0x00,0x00,0x00,0x00,0x00,0x00,0x00,0x00,0x00,0x00,0x06,0x03,0x00,0x00,0x0F,0x07,0xFF,0xF0,0x07,0x87,0xFF,0xF0,0x03,0xC7,0x00,0x00,0x01,0xC7,0x00,0x00,0x00,0x87,0x00,0x00,0x00,0xC7,0xFF,0xE0,0x1F,0xE7,0xFF,0xE0,0x0F,0xE7,0xFF,0xE0,0x01,0xC7,0x00,0xE0,0x03,0x87,0xE0,0xE0,0x03,0x87,0xF1,0xC0,0x07,0x06,0x79,0xC0,0x0F,0xE6,0x3F,0x80,0x0F,0xE6,0x1F,0x00,0x00,0xEE,0x0F,0x80,0x00,0xCE,0x1F,0xC0,0x00,0xDC,0x3D,0xE0,0x01,0xDC,0x78,0xF0,0x03,0xD9,0xF0,0x70,0x07,0xD9,0xE0,0x30,0x07,0xE0,0x80,0x00,0x0E,0xF8,0x00,0x00,0x1C,0x3F,0xFF,0xF8,0x1C,0x0F,0xFF,0xF8,0x08,0x00,0x00,0x00,0x00,0x00,0x00,0x00,0x00,0x00,0x00,0x00,0x00,0x00,0x00,0x00},
    {0x00,0x00,0x00,0x00,0x00,0x00,0x00,0x00,0x00,0x00,0x00,0x00,0x00,0x00,0x00,0x00,0x07,0xFF,0xFF,0xE0,0x07,0xFF,0xFF,0xE0,0x07,0xFF,0xFF,0xE0,0x06,0x00,0x00,0x60,0x06,0x00,0x00,0x60,0x06,0x00,0x00,0x60,0x06,0x1F,0xF8,0x60,0x06,0x3F,0xFC,0x60,0x06,0x3F,0xFC,0x60,0x06,0x38,0x1C,0x60,0x06,0x38,0x1C,0x60,0x06,0x38,0x1C,0x60,0x06,0x38,0x1C,0x60,0x06,0x38,0x1C,0x60,0x06,0x38,0x1C,0x60,0x06,0x3F,0xFC,0x60,0x06,0x1F,0xFC,0x60,0x06,0x00,0x00,0x60,0x06,0x00,0x00,0x60,0x06,0x00,0x00,0x60,0x06,0x00,0x00,0x60,0x07,0xFF,0xFF,0xE0,0x07,0xFF,0xFF,0xE0,0x06,0x00,0x00,0x60,0x00,0x00,0x00,0x00,0x00,0x00,0x00,0x00,0x00,0x00,0x00,0x00,0x00,0x00,0x00,0x00},
    {0x00,0x00,0x00,0x00,0x00,0x00,0x00,0x00,0x00,0x00,0x00,0x00,0x00,0x00,0x00,0x00,0x1F,0xFF,0x80,0x00,0x1F,0xFF,0xFF,0xF0,0x07,0x0E,0x7F,0xF0,0x03,0x06,0x7F,0xF0,0x03,0x06,0x30,0x70,0x03,0x0E,0x30,0x70,0x03,0xFE,0x38,0x60,0x03,0xFE,0x38,0x60,0x03,0x0E,0x18,0x60,0x03,0x06,0x18,0xE0,0x03,0x06,0x1C,0xE0,0x03,0x06,0x1C,0xC0,0x03,0xFE,0x0D,0xC0,0x03,0xFE,0x0F,0xC0,0x03,0x0E,0x0F,0x80,0x03,0x06,0x07,0x80,0x03,0x06,0x07,0x80,0x03,0x0E,0x0F,0x80,0x07,0xFE,0x0F,0xC0,0x1F,0xFE,0x1D,0xE0,0x1F,0xEE,0x3C,0xF0,0x0C,0x06,0x78,0x70,0x00,0x06,0xF0,0x38,0x00,0x06,0xE0,0x38,0x00,0x06,0x40,0x10,0x00,0x00,0x00,0x00,0x00,0x00,0x00,0x00,0x00,0x00,0x00,0x00},
    {0x00,0x00,0x00,0x00,0x00,0x00,0x00,0x00,0x00,0x00,0x00,0x00,0x06,0x00,0x18,0x10,0x0F,0x1C,0x18,0x38,0x07,0x8E,0x18,0x70,0x03,0xCE,0x18,0x70,0x01,0xE7,0x18,0xE0,0x00,0xC3,0x19,0xC0,0x00,0x00,0x18,0x00,0x0C,0x0F,0xFF,0xF0,0x1F,0x0F,0xFF,0xF0,0x0F,0x8E,0x00,0x70,0x03,0xCE,0x00,0x70,0x01,0xCE,0x00,0x70,0x00,0x8F,0xFC,0x70,0x00,0x0F,0xFF,0x70,0x00,0xCE,0x0E,0x70,0x00,0xCE,0x00,0x70,0x01,0xCE,0x03,0xF0,0x01,0xCF,0xFF,0xF0,0x03,0x8D,0xFF,0x70,0x03,0x8C,0xC0,0x70,0x07,0x1C,0x00,0x70,0x07,0x1C,0x00,0x70,0x0E,0x38,0x00,0x70,0x0E,0x38,0x07,0xE0,0x0C,0x30,0x0F,0xE0,0x00,0x10,0x07,0xC0,0x00,0x00,0x00,0x00,0x00,0x00,0x00,0x00,0x00,0x00,0x00,0x00},
    {0x00,0x00,0x00,0x00,0x00,0x00,0x00,0x00,0x00,0x00,0x00,0x00,0x02,0x00,0x00,0x30,0x07,0xFF,0xE0,0x30,0x07,0xFF,0xE0,0x30,0x06,0x66,0x67,0x30,0x06,0x66,0x67,0x30,0x06,0x66,0x67,0x30,0x06,0x66,0x67,0x30,0x06,0x66,0x67,0x30,0x06,0x66,0x67,0x30,0x06,0x66,0x67,0x30,0x0F,0xFF,0xF7,0x30,0x1F,0xFF,0xFF,0x30,0x1F,0xFF,0xF7,0x30,0x06,0x66,0x67,0x30,0x06,0x66,0x67,0x30,0x06,0x66,0x67,0x30,0x06,0x66,0x67,0x30,0x06,0x66,0x67,0x30,0x06,0x66,0x67,0x30,0x06,0x66,0x67,0x30,0x06,0x66,0x62,0x30,0x06,0x66,0x60,0x30,0x06,0x66,0x60,0x70,0x06,0x67,0xE3,0xF0,0x06,0x03,0xE3,0xF0,0x06,0x01,0xC3,0xC0,0x00,0x00,0x00,0x00,0x00,0x00,0x00,0x00,0x00,0x00,0x00,0x00},
    {0x00,0x00,0x00,0x00,0x00,0x00,0x00,0x00,0x00,0x00,0x00,0x00,0x04,0x00,0x1C,0x00,0x0F,0xF0,0x3E,0x00,0x0F,0xF0,0x7F,0x00,0x0E,0x30,0xF7,0x80,0x0E,0x71,0xE3,0xC0,0x0E,0x73,0xC1,0xE0,0x0E,0x67,0x80,0xF0,0x0E,0xEF,0xFF,0xF8,0x0E,0xEE,0xFF,0xB8,0x0E,0xC0,0xFF,0x80,0x0F,0xC0,0x1C,0x00,0x0E,0xE0,0x1C,0x00,0x0E,0xE7,0xFF,0xF0,0x0E,0x77,0xFF,0xF0,0x0E,0x77,0xFF,0xF0,0x0E,0x70,0x1C,0x00,0x0E,0x31,0x1C,0x80,0x0E,0x31,0x9D,0xC0,0x0E,0xF3,0x9D,0xC0,0x0F,0xF3,0x9C,0xE0,0x0F,0xE7,0x1C,0x70,0x0E,0x0E,0x1C,0x70,0x0E,0x1E,0x1C,0x30,0x0E,0x0C,0xFC,0x20,0x0E,0x00,0xF8,0x00,0x0C,0x00,0x00,0x00,0x00,0x00,0x00,0x00,0x00,0x00,0x00,0x00,0x00,0x00,0x00,0x00},
    {0x00,0x00,0x00,0x00,0x00,0x00,0x00,0x00,0x00,0x00,0x00,0x00,0x00,0xE0,0x38,0x00,0x00,0xE0,0x38,0x00,0x0F,0xFC,0x38,0x00,0x0F,0xFE,0x38,0x00,0x0F,0xFE,0xFF,0x80,0x00,0xE0,0xFF,0x80,0x00,0xE0,0xFF,0x80,0x00,0xE0,0x39,0x80,0x1F,0xFE,0x39,0x80,0x1F,0xFE,0x31,0x80,0x03,0x18,0x31,0x80,0x03,0x19,0xB1,0x80,0x03,0x39,0xF1,0x80,0x07,0xFE,0xF1,0x80,0x0F,0xFE,0x79,0x80,0x0F,0xFE,0x7D,0x80,0x00,0xE0,0x7F,0x80,0x00,0xE0,0x6F,0x80,0x00,0xE0,0xE5,0xD8,0x1F,0xFE,0xE1,0xD8,0x1F,0xFE,0xC1,0xD8,0x00,0xE1,0xC1,0xD8,0x00,0xE3,0x80,0xF8,0x00,0xE3,0x80,0xF0,0x00,0xE3,0x00,0x70,0x00,0xC0,0x00,0x00,0x00,0x00,0x00,0x00,0x00,0x00,0x00,0x00,0x00,0x00,0x00,0x00},
    {0x00,0x00,0x00,0x00,0x00,0x00,0x00,0x00,0x00,0x00,0x00,0x00,0x00,0x60,0x00,0x00,0x00,0xE3,0xFF,0xE0,0x01,0xE3,0xFF,0xF0,0x01,0xC3,0xFF,0xE0,0x03,0x80,0x00,0x00,0x0F,0x80,0x00,0x00,0x1E,0x30,0x00,0x00,0x1C,0x38,0x00,0x00,0x18,0x77,0xFF,0xF0,0x00,0xF7,0xFF,0xF8,0x00,0xE7,0xFF,0xF8,0x01,0xC0,0x03,0x00,0x03,0xC0,0x03,0x00,0x0F,0xC0,0x03,0x00,0x1F,0xC0,0x03,0x00,0x1D,0xC0,0x03,0x00,0x09,0xC0,0x03,0x00,0x01,0xC0,0x03,0x00,0x01,0xC0,0x03,0x00,0x01,0xC0,0x03,0x00,0x01,0xC0,0x03,0x00,0x01,0xC0,0x03,0x00,0x01,0xC0,0x07,0x00,0x01,0xC0,0x7F,0x00,0x01,0xC0,0x7F,0x00,0x01,0xC0,0x7E,0x00,0x00,0x00,0x00,0x00,0x00,0x00,0x00,0x00,0x00,0x00,0x00,0x00},
    {0x00,0x00,0x00,0x00,0x00,0x00,0x00,0x00,0x00,0x01,0x00,0x00,0x00,0x01,0x80,0x00,0x00,0x01,0x80,0x00,0x00,0x01,0x80,0x00,0x00,0x01,0x80,0x00,0x07,0xFF,0xFF,0xE0,0x07,0xFF,0xFF,0xE0,0x07,0xFF,0xFF,0xE0,0x06,0x01,0x80,0x60,0x06,0x01,0x80,0x60,0x06,0x01,0x80,0x60,0x06,0x01,0x80,0x60,0x06,0x01,0x80,0x60,0x06,0x01,0x80,0x60,0x06,0x01,0x80,0x60,0x07,0xFF,0xFF,0xE0,0x07,0xFF,0xFF,0xE0,0x07,0x03,0xC0,0xE0,0x06,0x01,0x80,0x60,0x00,0x01,0x80,0x00,0x00,0x01,0x80,0x00,0x00,0x01,0x80,0x00,0x00,0x01,0x80,0x00,0x00,0x01,0x80,0x00,0x00,0x01,0x80,0x00,0x00,0x01,0x80,0x00,0x00,0x01,0x80,0x00,0x00,0x00,0x00,0x00,0x00,0x00,0x00,0x00,0x00,0x00,0x00,0x00},
    {0x00,0x00,0x00,0x00,0x00,0x00,0x00,0x00,0x00,0x00,0x00,0x00,0x07,0xFE,0x7F,0xE0,0x0F,0xFE,0x7F,0xF0,0x0F,0xFE,0x7F,0xF0,0x0E,0x0E,0x60,0x70,0x0F,0xFE,0x7F,0xF0,0x0F,0xFE,0x7F,0xF0,0x0E,0x06,0x60,0x70,0x0F,0xFE,0x7F,0xF0,0x0F,0xFE,0x7F,0xF0,0x0E,0x0C,0x70,0x70,0x0E,0x00,0x00,0x70,0x0E,0x7F,0xFE,0x70,0x0E,0x7F,0xFE,0x70,0x0E,0x1E,0x78,0x70,0x0E,0x0C,0x30,0x70,0x0E,0x0C,0x30,0x70,0x0E,0xFF,0xFE,0x70,0x0E,0xFF,0xFF,0x70,0x0E,0x1C,0x78,0x70,0x0E,0x1C,0x30,0x70,0x0E,0x1C,0x30,0x70,0x0E,0x38,0x30,0x70,0x0E,0x78,0x30,0x70,0x0E,0xF0,0x33,0xF0,0x0E,0x60,0x33,0xE0,0x00,0x00,0x00,0x00,0x00,0x00,0x00,0x00,0x00,0x00,0x00,0x00,0x00,0x00,0x00,0x00},
    {0x00,0x00,0x00,0x00,0x00,0x00,0x00,0x00,0x00,0x00,0x00,0x00,0x00,0x00,0x00,0x00,0x0F,0xFF,0xFF,0xF0,0x0F,0xFF,0xFF,0xF0,0x00,0x01,0xE0,0x00,0x00,0x03,0xC0,0x00,0x00,0x07,0xC0,0x00,0x00,0x0F,0xF0,0x00,0x00,0x3F,0xFE,0x00,0x00,0x7D,0x9F,0x80,0x03,0xF1,0x87,0xC0,0x0F,0xC1,0x81,0xF0,0x1F,0x01,0x80,0xF0,0x0C,0x01,0x80,0x30,0x00,0x01,0x80,0x00,0x00,0x01,0xC0,0x00,0x01,0xFF,0xFF,0x80,0x01,0xFF,0xFF,0xC0,0x01,0x80,0x01,0xC0,0x01,0x80,0x01,0xC0,0x01,0x80,0x01,0xC0,0x01,0x80,0x01,0xC0,0x01,0x80,0x01,0xC0,0x01,0xFF,0xFF,0xC0,0x01,0xFF,0xFF,0xC0,0x01,0x80,0x01,0xC0,0x01,0x80,0x01,0x80,0x00,0x00,0x00,0x00,0x00,0x00,0x00,0x00,0x00,0x00,0x00,0x00},
    {0x00,0x00,0x00,0x00,0x00,0x00,0x00,0x00,0x00,0x00,0x00,0x00,0x01,0xC1,0x83,0x80,0x01,0xE1,0x87,0x80,0x07,0xF3,0xCF,0xE0,0x0F,0xFF,0xFF,0xF0,0x0F,0xFF,0xFF,0xF0,0x0E,0xFF,0xFE,0x70,0x0E,0xFF,0xFF,0x70,0x0E,0xE0,0x07,0x70,0x00,0xFF,0xFF,0x00,0x00,0xFF,0xFF,0x00,0x03,0x80,0x00,0x00,0x03,0xFF,0xFF,0xC0,0x03,0xFF,0xFF,0xC0,0x03,0x80,0x00,0x00,0x03,0xFF,0xFF,0xE0,0x01,0xFF,0xFF,0xE0,0x00,0x80,0x01,0x00,0x01,0xFF,0xFF,0x80,0x01,0xFF,0xFF,0x80,0x01,0xC0,0x03,0x80,0x01,0xFF,0xFF,0x80,0x01,0xFF,0xFF,0x80,0x01,0xC0,0x03,0x80,0x01,0xFF,0xFF,0x80,0x01,0xFF,0xFF,0x80,0x01,0x80,0x01,0x80,0x00,0x00,0x00,0x00,0x00,0x00,0x00,0x00,0x00,0x00,0x00,0x00},
    {0x00,0x00,0x00,0x00,0x00,0x00,0x00,0x00,0x00,0x00,0x00,0x00,0x03,0x80,0x06,0xC0,0x03,0x80,0x06,0xE0,0x01,0x80,0x06,0x70,0x1F,0xF0,0x06,0x70,0x1F,0xF8,0x07,0x20,0x00,0x07,0xFF,0xF0,0x00,0x07,0xFF,0xF0,0x0F,0xE0,0x07,0x00,0x0F,0xF0,0x06,0x00,0x07,0xE0,0x06,0x00,0x00,0x07,0xF7,0x00,0x0F,0xE7,0xF7,0x00,0x0F,0xF3,0xF7,0x00,0x0F,0xF0,0xC7,0x00,0x00,0x00,0xC7,0x00,0x06,0x60,0xC7,0x00,0x0F,0xF0,0xC3,0x00,0x0F,0xF0,0xC3,0x10,0x0C,0x30,0xC3,0x18,0x0C,0x30,0xFB,0x18,0x0C,0x33,0xFB,0xB8,0x0E,0x7F,0xF1,0xB0,0x0F,0xFF,0x81,0xF0,0x0F,0xF0,0x01,0xF0,0x0C,0x30,0x00,0xE0,0x0C,0x00,0x00,0x00,0x00,0x00,0x00,0x00,0x00,0x00,0x00,0x00,0x00,0x00,0x00,0x00},
    {0x00,0x00,0x00,0x00,0x00,0x00,0x00,0x00,0x00,0x00,0x00,0x00,0x00,0x00,0x00,0x00,0x1F,0xFF,0xFF,0xF8,0x1F,0xFF,0xFF,0xF0,0x00,0x0C,0x30,0x00,0x00,0x0C,0x30,0x00,0x07,0xFF,0xFF,0xE0,0x07,0xFF,0xFF,0xE0,0x07,0x1C,0x38,0xE0,0x07,0x0C,0x30,0xE0,0x07,0x0C,0x30,0xE0,0x07,0xFF,0xFF,0xE0,0x07,0xFF,0xFF,0xE0,0x07,0xFF,0xFF,0xE0,0x00,0x0E,0x00,0x00,0x00,0x3E,0x00,0x00,0x1F,0xFF,0xFF,0xF8,0x1F,0xFF,0xFF,0xF8,0x00,0x70,0x0E,0x00,0x00,0xF0,0x1C,0x00,0x00,0xFE,0x78,0x00,0x00,0x1F,0xF8,0x00,0x00,0x07,0xFC,0x00,0x00,0x3F,0xFF,0x80,0x0F,0xFE,0x0F,0xF0,0x0F,0xF0,0x01,0xF0,0x0E,0x00,0x00,0x30,0x00,0x00,0x00,0x00,0x00,0x00,0x00,0x00,0x00,0x00,0x00,0x00},
    {0x00,0x00,0x00,0x00,0x00,0x00,0x00,0x00,0x00,0x00,0x00,0x00,0x00,0x01,0x8C,0x00,0x00,0x01,0x8E,0x00,0x00,0x01,0x8F,0x00,0x00,0x01,0x83,0x80,0x00,0x01,0xC3,0x80,0x0F,0xFF,0xFF,0xF0,0x0F,0xFF,0xFF,0xF0,0x00,0x01,0xC0,0x00,0x00,0x01,0xC0,0x00,0x03,0x01,0xC0,0xE0,0x07,0x81,0xE1,0xC0,0x03,0xE1,0xE3,0xC0,0x00,0xF1,0xFF,0x80,0x00,0x71,0xFE,0x00,0x00,0x31,0xBC,0x00,0x00,0x0D,0x9C,0x00,0x00,0x1D,0x8E,0x00,0x00,0x79,0x8F,0x00,0x00,0xF1,0x87,0x80,0x03,0xE1,0x83,0xE0,0x07,0xC1,0x81,0xF0,0x0F,0x81,0x80,0x78,0x0E,0x01,0x80,0x38,0x08,0x1F,0x80,0x10,0x00,0x3F,0x80,0x00,0x00,0x1E,0x00,0x00,0x00,0x00,0x00,0x00,0x00,0x00,0x00,0x00,0x00,0x00,0x00,0x00},
    {0x00,0x00,0x00,0x00,0x00,0x00,0x00,0x00,0x01,0x00,0x20,0x00,0x03,0x80,0x30,0x00,0x03,0x80,0x78,0x00,0x03,0xFF,0x7F,0xF0,0x07,0xFF,0xFF,0xF0,0x0F,0x70,0xE7,0x00,0x0E,0x38,0xC3,0x80,0x0C,0x39,0x83,0x00,0x00,0x03,0x80,0x00,0x07,0xFF,0xFF,0xE0,0x07,0xFF,0xFF,0xE0,0x00,0x01,0x80,0x00,0x00,0x01,0x80,0x00,0x03,0xFF,0xFF,0x80,0x03,0xFF,0xFF,0xC0,0x03,0xFF,0xFF,0xC0,0x00,0x00,0x06,0x00,0x00,0x00,0x0F,0x00,0x0F,0xFF,0xFF,0xF0,0x0F,0xFF,0xFF,0xF0,0x00,0x40,0x06,0x00,0x00,0xE0,0x06,0x00,0x00,0x70,0x06,0x00,0x00,0x38,0x06,0x00,0x00,0x3C,0xFE,0x00,0x00,0x10,0xFE,0x00,0x00,0x00,0xFC,0x00,0x00,0x00,0x00,0x00,0x00,0x00,0x00,0x00,0x00,0x00,0x00,0x00},
    {0x00,0x00,0x00,0x00,0x00,0x00,0x00,0x00,0x00,0x00,0x00,0x00,0x00,0xE0,0x1C,0x00,0x01,0xE0,0x1C,0x00,0x01,0xC0,0x3C,0x00,0x03,0x8F,0xFF,0xF8,0x07,0x8F,0xFF,0xF8,0x0F,0x00,0x1C,0x00,0x1E,0x30,0x1C,0x00,0x1C,0x70,0x1C,0x00,0x18,0xE7,0xFF,0xF0,0x00,0xE7,0xFF,0xF0,0x01,0xC0,0x00,0x00,0x03,0xC0,0x01,0x80,0x07,0x80,0x03,0x80,0x0F,0x8F,0xFF,0xF8,0x1F,0x8F,0xFF,0xF8,0x1D,0x80,0x03,0x80,0x01,0x83,0x01,0x80,0x01,0x87,0x01,0x80,0x01,0x83,0x81,0x80,0x01,0x81,0xC1,0x80,0x01,0x80,0xE1,0x80,0x01,0x80,0xC1,0x80,0x01,0x80,0x03,0x80,0x01,0x80,0x7F,0x80,0x01,0x80,0x3F,0x80,0x01,0x80,0x00,0x00,0x00,0x00,0x00,0x00,0x00,0x00,0x00,0x00,0x00,0x00,0x00,0x00},
    {0x00,0x00,0x00,0x00,0x00,0x00,0x00,0x00,0x00,0x00,0x00,0x00,0x00,0x00,0x00,0x00,0x0F,0xFF,0xFF,0x80,0x0F,0xFF,0xFF,0xC0,0x07,0xFF,0xFF,0xC0,0x00,0x00,0x01,0xC0,0x00,0x00,0x01,0xC0,0x03,0x00,0x01,0xC0,0x03,0x00,0x01,0xC0,0x03,0x00,0x01,0xC0,0x03,0x00,0x01,0xC0,0x03,0xFF,0xFF,0xC0,0x03,0xFF,0xFF,0xC0,0x03,0xFF,0xFF,0xC0,0x03,0x00,0x00,0x00,0x03,0x00,0x00,0x00,0x03,0x00,0x00,0x00,0x03,0x00,0x00,0x00,0x03,0x00,0x00,0x38,0x03,0x00,0x00,0x38,0x03,0x00,0x00,0x38,0x03,0x00,0x00,0x30,0x03,0x00,0x00,0x70,0x03,0xFF,0xFF,0xF0,0x03,0xFF,0xFF,0xE0,0x01,0xFF,0xFF,0xC0,0x00,0x00,0x00,0x00,0x00,0x00,0x00,0x00,0x00,0x00,0x00,0x00,0x00,0x00,0x00,0x00},
    {0x00,0x00,0x00,0x00,0x00,0x00,0x00,0x00,0x00,0x00,0x00,0x00,0x06,0x00,0x00,0x40,0x07,0xFF,0xFF,0xE0,0x07,0xFF,0xFF,0xE0,0x06,0x00,0x00,0x60,0x06,0x00,0x00,0x60,0x06,0x00,0x00,0x60,0x06,0x7F,0xFE,0x60,0x06,0x7F,0xFE,0x60,0x06,0x00,0x00,0x60,0x06,0x00,0x00,0x60,0x06,0x10,0x00,0x60,0x06,0x3F,0xFC,0x60,0x06,0x3F,0xFC,0x60,0x06,0x38,0x1C,0x60,0x06,0x38,0x1C,0x60,0x06,0x38,0x1C,0x60,0x06,0x38,0x1C,0x60,0x06,0x38,0x1C,0x60,0x06,0x3F,0xFC,0x60,0x06,0x3F,0xFC,0x60,0x06,0x00,0x00,0x60,0x06,0x00,0x00,0x60,0x06,0x00,0x00,0x60,0x06,0x00,0x0F,0xE0,0x06,0x00,0x07,0xE0,0x06,0x00,0x07,0x80,0x00,0x00,0x00,0x00,0x00,0x00,0x00,0x00,0x00,0x00,0x00,0x00},
    {0x00,0x00,0x00,0x00,0x00,0x00,0x00,0x00,0x00,0x00,0x00,0x00,0x00,0x01,0x80,0x00,0x00,0x01,0x80,0x00,0x00,0xC1,0xC0,0x00,0x00,0xC1,0xFF,0xC0,0x00,0xC1,0xFF,0xC0,0x00,0xC1,0xC0,0x00,0x00,0xC1,0x80,0x00,0x00,0xC1,0x80,0x00,0x01,0xC1,0xC0,0x00,0x1F,0xFF,0xFF,0xF8,0x1F,0xFF,0xFF,0xF8,0x00,0x01,0xC0,0x00,0x00,0x21,0xC0,0x00,0x00,0x71,0xC0,0xC0,0x00,0xE1,0xC1,0xC0,0x01,0xE1,0xC3,0xC0,0x03,0xC1,0xC3,0x80,0x07,0x81,0xC7,0x00,0x0F,0x01,0xCF,0x00,0x0E,0x01,0x9E,0x00,0x00,0x00,0x7C,0x00,0x00,0x01,0xF8,0x00,0x00,0x0F,0xE0,0x00,0x07,0xFF,0x80,0x00,0x07,0xFE,0x00,0x00,0x03,0xE0,0x00,0x00,0x00,0x00,0x00,0x00,0x00,0x00,0x00,0x00,0x00,0x00,0x00,0x00},
    {0x00,0x00,0x00,0x00,0x00,0x00,0x00,0x00,0x00,0x00,0x00,0x00,0x00,0x01,0x80,0x00,0x00,0x01,0x80,0x00,0x00,0x01,0x80,0x00,0x00,0x03,0xC0,0x00,0x07,0xFF,0xFF,0xE0,0x07,0xFF,0xFF,0xE0,0x00,0x01,0x80,0x00,0x00,0x01,0x80,0x00,0x00,0x01,0x80,0x00,0x00,0x01,0x80,0x00,0x0F,0xFF,0xFF,0xF0,0x0F,0xFF,0xFF,0xF0,0x0F,0xFF,0xFF,0xF0,0x00,0x0F,0xF0,0x00,0x00,0x0D,0xB8,0x00,0x00,0x1D,0xB8,0x00,0x00,0x39,0x9C,0x00,0x00,0x71,0x8E,0x00,0x00,0xE1,0x87,0x00,0x01,0xE1,0x83,0x80,0x07,0xC1,0x81,0xE0,0x0F,0x81,0x80,0xF0,0x1E,0x01,0x80,0x78,0x0C,0x01,0x80,0x30,0x00,0x01,0x80,0x00,0x00,0x01,0x80,0x00,0x00,0x00,0x00,0x00,0x00,0x00,0x00,0x00,0x00,0x00,0x00,0x00},
    {0x00,0x00,0x00,0x00,0x00,0x00,0x00,0x00,0x00,0x00,0x00,0x00,0x00,0x70,0x0E,0x00,0x00,0x38,0x1E,0x00,0x00,0x38,0x1C,0x00,0x0F,0xFF,0xFF,0xF0,0x0F,0xFF,0xFF,0xF0,0x0F,0xFF,0xFF,0xE0,0x00,0x00,0x00,0x00,0x07,0xFE,0x00,0xE0,0x07,0xFF,0x00,0xE0,0x07,0xFF,0x18,0xE0,0x07,0x07,0x18,0xE0,0x07,0x07,0x18,0xE0,0x07,0xFF,0x18,0xE0,0x07,0xFF,0x18,0xE0,0x07,0xFF,0x18,0xE0,0x07,0x07,0x18,0xE0,0x07,0x07,0x18,0xE0,0x07,0xFF,0x18,0xE0,0x07,0xFF,0x18,0xE0,0x07,0xFF,0x18,0xE0,0x06,0x07,0x18,0xE0,0x0E,0x07,0x00,0xE0,0x0E,0x07,0x00,0xE0,0x0C,0x3F,0x0F,0xE0,0x1C,0x3E,0x0F,0xC0,0x08,0x18,0x07,0x00,0x00,0x00,0x00,0x00,0x00,0x00,0x00,0x00,0x00,0x00,0x00,0x00},
    {0x00,0x00,0x00,0x00,0x00,0x00,0x00,0x00,0x00,0x00,0x00,0x00,0x00,0xE0,0x07,0xF0,0x00,0xFF,0xFF,0xF0,0x01,0xDF,0xFE,0x00,0x01,0xCC,0x00,0x00,0x01,0x8F,0xFF,0xF0,0x03,0x8F,0xFF,0xF0,0x07,0x8C,0x00,0x70,0x07,0x8C,0x00,0x30,0x0F,0x0F,0xFF,0xF0,0x0F,0x1F,0xFF,0xF0,0x1F,0x1C,0x00,0x60,0x1F,0x1C,0x00,0x00,0x1B,0x1F,0xFF,0xF0,0x03,0x1F,0xFF,0xF0,0x03,0x1F,0xB3,0x30,0x03,0x1B,0x33,0x30,0x03,0x1B,0x33,0x30,0x03,0x1B,0xFF,0xF0,0x03,0x3B,0xFF,0xF0,0x03,0x3B,0xFF,0xF0,0x03,0x33,0x33,0x30,0x03,0x73,0x33,0x30,0x03,0xF3,0x33,0x30,0x03,0xE3,0x33,0x70,0x03,0xE3,0x33,0xF0,0x03,0x03,0x00,0x60,0x00,0x00,0x00,0x00,0x00,0x00,0x00,0x00,0x00,0x00,0x00,0x00},
    {0x00,0x00,0x00,0x00,0x00,0x00,0x00,0x00,0x00,0x10,0x04,0x00,0x00,0x38,0x0E,0x00,0x00,0x38,0x1C,0x00,0x00,0x3C,0x3C,0x00,0x07,0xFF,0xFF,0xF0,0x07,0xFF,0xFF,0xE0,0x00,0x01,0x80,0x00,0x00,0x01,0x80,0x00,0x03,0xFF,0xFF,0xC0,0x03,0xFF,0xFF,0xC0,0x00,0x03,0xC0,0x00,0x00,0x01,0x80,0x00,0x0F,0xFF,0xFF,0xF0,0x0F,0xFF,0xFF,0xF0,0x0F,0xFF,0xFF,0xF0,0x00,0x70,0x00,0x00,0x00,0x70,0x00,0x00,0x00,0xFF,0xFF,0xC0,0x01,0xFF,0xFF,0xE0,0x03,0xDF,0xFF,0xC0,0x0F,0x80,0xE0,0x00,0x1F,0x00,0xE0,0x00,0x1C,0x00,0xE0,0x00,0x00,0x00,0xE0,0x00,0x03,0xFF,0xFF,0xF0,0x03,0xFF,0xFF,0xF0,0x00,0x00,0x00,0x00,0x00,0x00,0x00,0x00,0x00,0x00,0x00,0x00,0x00,0x00,0x00,0x00},
    {0x00,0x00,0x00,0x00,0x00,0x00,0x00,0x00,0x00,0x00,0x00,0x00,0x0C,0x00,0x00,0x00,0x0F,0x3F,0xFF,0xF8,0x0F,0xBF,0xFF,0xF0,0x03,0xC0,0xC6,0x00,0x01,0xDF,0xFF,0xF0,0x00,0xDF,0xFF,0xF0,0x00,0x1C,0xCE,0x70,0x1C,0x18,0xC6,0x30,0x1E,0x18,0xC6,0x30,0x0F,0x1F,0xFF,0xF0,0x07,0x9F,0xFF,0xF0,0x03,0x8C,0x00,0x20,0x01,0x00,0x00,0x00,0x00,0x0F,0xFF,0xE0,0x00,0x8F,0xFF,0xE0,0x01,0xC0,0x00,0x00,0x01,0xDF,0xFF,0xF8,0x03,0xBF,0xFF,0xF8,0x03,0xBF,0xFF,0xF0,0x07,0x02,0x39,0x80,0x07,0x07,0x39,0xC0,0x0E,0x0E,0x38,0xF0,0x0E,0x3C,0x38,0x78,0x1E,0x78,0x38,0x38,0x1C,0x70,0x38,0x18,0x00,0x00,0x10,0x00,0x00,0x00,0x00,0x00,0x00,0x00,0x00,0x00,0x00,0x00,0x00,0x00},
    {0x00,0x00,0x00,0x00,0x00,0x00,0x00,0x00,0x00,0x00,0x00,0x00,0x00,0x38,0x1E,0x00,0x07,0xFC,0x3C,0x00,0x1F,0xF0,0x3F,0xE0,0x0F,0xC0,0xFF,0xE0,0x00,0xC1,0xF0,0xE0,0x00,0xC3,0xE0,0xE0,0x00,0xC3,0xF3,0xC0,0x1F,0xF8,0x7F,0x80,0x1F,0xFC,0x3F,0x00,0x1F,0xF8,0x3E,0x00,0x01,0xC1,0xFF,0x80,0x03,0xE7,0xF3,0x80,0x03,0xF3,0x8F,0x10,0x07,0xF8,0x1F,0xF8,0x07,0xDC,0x7F,0xF8,0x0E,0xCF,0xF8,0x38,0x0C,0xCF,0xE0,0x70,0x1C,0xC3,0x98,0xF0,0x18,0xC0,0x3D,0xE0,0x10,0xC0,0x1F,0xC0,0x00,0xC0,0x0F,0x80,0x00,0xC0,0x3E,0x00,0x00,0xC1,0xFC,0x00,0x00,0xCF,0xF0,0x00,0x00,0xCF,0x80,0x00,0x00,0xC4,0x00,0x00,0x00,0x00,0x00,0x00,0x00,0x00,0x00,0x00,0x00,0x00,0x00,0x00},
    {0x00,0x00,0x00,0x00,0x00,0x00,0x00,0x00,0x00,0x00,0x00,0x00,0x03,0x83,0xFF,0xC0,0x03,0x87,0xFF,0xC0,0x03,0x83,0xFF,0xC0,0x03,0x80,0x00,0xE0,0x03,0x8F,0xFF,0xF8,0x1F,0xFF,0xFF,0xF8,0x1F,0xF0,0x00,0xC0,0x03,0x83,0xFF,0xC0,0x03,0x83,0xFF,0xC0,0x03,0x80,0x00,0x80,0x03,0x84,0x00,0x30,0x03,0xBF,0xFF,0xF0,0x03,0xFF,0xFF,0xF0,0x03,0xFC,0x18,0x30,0x1F,0xCC,0x18,0x30,0x1F,0x8F,0xFF,0xF0,0x1B,0x83,0xFF,0xE0,0x03,0x83,0x18,0xC0,0x03,0x83,0x18,0xC0,0x03,0x83,0x18,0xC0,0x03,0x83,0x18,0xC0,0x03,0x83,0x18,0xC0,0x03,0x83,0x1B,0xC0,0x0F,0x03,0x1B,0xC0,0x0F,0x00,0x18,0x00,0x00,0x00,0x18,0x00,0x00,0x00,0x00,0x00,0x00,0x00,0x00,0x00,0x00,0x00,0x00,0x00},
    {0x00,0x00,0x00,0x00,0x00,0x00,0x00,0x00,0x00,0x00,0x00,0x00,0x01,0x81,0xC1,0x80,0x01,0x81,0xC1,0x80,0x01,0x81,0xC3,0x80,0x01,0x8F,0xFF,0xF8,0x03,0x8F,0xFF,0xF8,0x1F,0xF1,0xC3,0x80,0x1F,0xF1,0xC1,0x80,0x03,0x81,0xC1,0x80,0x01,0x80,0x00,0x00,0x01,0x87,0xFF,0xF0,0x01,0x87,0xFF,0xF0,0x01,0xB7,0x1C,0x70,0x01,0xF6,0x1C,0x70,0x07,0xF6,0x1C,0x70,0x1F,0xC6,0x1C,0x70,0x1F,0x87,0xFF,0xF0,0x19,0x87,0xFF,0xF0,0x01,0x87,0xFF,0xF0,0x01,0x86,0x1C,0x70,0x01,0x86,0x1C,0x70,0x01,0x86,0x1C,0x70,0x01,0x86,0x1C,0x70,0x03,0x87,0xFF,0xF0,0x0F,0x87,0xFF,0xF0,0x0F,0x87,0x00,0x70,0x00,0x06,0x00,0x30,0x00,0x00,0x00,0x00,0x00,0x00,0x00,0x00,0x00,0x00,0x00,0x00},
    {0x00,0x00,0x00,0x00,0x00,0x00,0x00,0x00,0x00,0x00,0x00,0x00,0x00,0x41,0x80,0x00,0x00,0xE1,0x80,0x00,0x00,0xE1,0x80,0x00,0x01,0xC1,0x80,0x00,0x01,0xE3,0xC0,0x00,0x03,0xFF,0xFF,0xE0,0x07,0xFF,0xFF,0xE0,0x0F,0x01,0x80,0x00,0x0E,0x01,0x80,0x00,0x1E,0x01,0x80,0x00,0x0C,0x03,0x80,0x00,0x00,0x03,0x80,0x00,0x0F,0xFF,0xFF,0xF0,0x0F,0xFF,0xFF,0xF0,0x00,0x07,0xE0,0x00,0x00,0x07,0xE0,0x00,0x00,0x07,0x60,0x00,0x00,0x0E,0x70,0x00,0x00,0x1E,0x38,0x00,0x00,0x3C,0x1C,0x00,0x00,0x78,0x1F,0x00,0x00,0xF0,0x0F,0x80,0x03,0xE0,0x03,0xE0,0x1F,0xC0,0x01,0xF8,0x1F,0x00,0x00,0x78,0x08,0x00,0x00,0x10,0x00,0x00,0x00,0x00,0x00,0x00,0x00,0x00,0x00,0x00,0x00,0x00},
    {0x00,0x00,0x00,0x00,0x00,0x00,0x00,0x00,0x00,0x00,0x10,0x00,0x06,0x08,0x1C,0x00,0x07,0xFC,0x18,0x00,0x07,0xFC,0x38,0x00,0x06,0x0C,0x38,0x00,0x06,0x0C,0x3F,0xF0,0x06,0x0C,0x3F,0xF0,0x07,0xFC,0x71,0xE0,0x07,0xFC,0x70,0xC0,0x06,0x0C,0xE0,0xC0,0x06,0x0D,0xC0,0xC0,0x06,0x0F,0xF1,0xC0,0x07,0xFD,0xF1,0xC0,0x07,0xFC,0xB9,0xC0,0x06,0x0C,0x3B,0x80,0x06,0x0C,0x1F,0x80,0x06,0x0C,0x1F,0x00,0x07,0xFC,0x0F,0x00,0x07,0xFC,0x0F,0x00,0x00,0x00,0x0F,0x00,0x03,0x38,0x1F,0x80,0x07,0x1C,0x3F,0xC0,0x07,0x0E,0x79,0xE0,0x0E,0x0F,0xF0,0xF0,0x0E,0x07,0xE0,0x78,0x1C,0x07,0xC0,0x38,0x00,0x00,0x00,0x10,0x00,0x00,0x00,0x00,0x00,0x00,0x00,0x00,0x00,0x00,0x00,0x00},
    {0x00,0x00,0x00,0x00,0x00,0x00,0x00,0x00,0x00,0x00,0x00,0x00,0x0C,0x06,0x0E,0x00,0x0F,0xFF,0x0E,0x00,0x0F,0xFF,0x0E,0x00,0x0C,0x67,0x0E,0x00,0x0F,0x7F,0x0E,0x00,0x0F,0x7F,0x0F,0xF8,0x0F,0xFF,0x0F,0xF8,0x0D,0xFF,0x0E,0x00,0x0C,0x67,0x0E,0x00,0x0F,0xFF,0x0E,0x00,0x0F,0xFE,0x0E,0x00,0x00,0xE0,0x0E,0x00,0x00,0xE0,0x7F,0xF0,0x0F,0xFE,0x7F,0xF0,0x0F,0xFE,0x70,0x70,0x00,0x60,0x60,0x30,0x00,0xE0,0x60,0x30,0x1F,0xFF,0x60,0x30,0x1F,0xFF,0x60,0x30,0x00,0x06,0x60,0x30,0x0D,0xB6,0x60,0x30,0x0D,0xB3,0x70,0x70,0x0D,0xBB,0xFF,0xF0,0x1D,0x9B,0xFF,0xF0,0x19,0x98,0x60,0x30,0x08,0x00,0x60,0x30,0x00,0x00,0x00,0x00,0x00,0x00,0x00,0x00,0x00,0x00,0x00,0x00},
    {0x00,0x00,0x00,0x00,0x00,0x00,0x00,0x00,0x00,0x00,0x10,0x00,0x03,0x80,0x38,0x00,0x03,0x80,0x38,0x00,0x03,0x82,0x3C,0x20,0x03,0x87,0xFF,0xF0,0x03,0x87,0xFF,0xF0,0x1F,0xF6,0x00,0x30,0x1F,0xF6,0x30,0x30,0x03,0x86,0x70,0x30,0x03,0x86,0x70,0x30,0x03,0x80,0x70,0x00,0x03,0x80,0xF0,0x00,0x03,0xBF,0xFF,0xF8,0x03,0xFF,0xFF,0xF8,0x07,0xE1,0xE1,0xC0,0x1F,0x81,0xC1,0x80,0x1F,0x81,0x83,0x80,0x1B,0x83,0x83,0x80,0x03,0x83,0xC7,0x00,0x03,0x81,0xFF,0x00,0x03,0x80,0x7E,0x00,0x03,0x80,0x3F,0x00,0x03,0x80,0xFF,0xC0,0x03,0x83,0xF3,0xE0,0x0F,0x9F,0xE0,0xF8,0x0F,0x1F,0x80,0x78,0x00,0x18,0x00,0x10,0x00,0x00,0x00,0x00,0x00,0x00,0x00,0x00,0x00,0x00,0x00,0x00},
    {0x00,0x00,0x00,0x00,0x00,0x00,0x00,0x00,0x00,0x00,0x00,0x00,0x00,0x00,0xFF,0xC0,0x03,0xFF,0xFF,0xC0,0x03,0xFF,0xE0,0x00,0x00,0x01,0x80,0x00,0x0F,0xFF,0xFF,0xF0,0x0F,0xFF,0xFF,0xF0,0x0F,0xFF,0xFF,0xE0,0x00,0x03,0x80,0x00,0x03,0xFF,0xFF,0xC0,0x03,0xFF,0xFF,0xC0,0x03,0x81,0x81,0xC0,0x03,0x83,0xC1,0xC0,0x03,0xFF,0xFF,0xC0,0x03,0xFF,0xFF,0xC0,0x03,0x81,0x81,0xC0,0x03,0xFF,0xFF,0xC0,0x03,0xFF,0xFF,0xC0,0x03,0xFF,0xFF,0xC0,0x00,0x01,0x80,0x00,0x07,0xFF,0xFF,0xE0,0x07,0xFF,0xFF,0xE0,0x00,0x01,0x80,0x00,0x00,0x03,0xC0,0x00,0x1F,0xFF,0xFF,0xF0,0x1F,0xFF,0xFF,0xF8,0x00,0x00,0x00,0x00,0x00,0x00,0x00,0x00,0x00,0x00,0x00,0x00,0x00,0x00,0x00,0x00},
    {0x00,0x00,0x00,0x00,0x00,0x00,0x00,0x00,0x00,0x00,0x00,0x00,0x06,0x0F,0xE7,0xE0,0x0F,0x0F,0xEF,0xF0,0x07,0x8C,0x6E,0x70,0x03,0xCC,0x6E,0x70,0x01,0xCF,0xEF,0xF0,0x00,0x8F,0xEF,0xF0,0x00,0x8C,0x0C,0x00,0x1F,0xCD,0xEF,0xF0,0x1F,0xDF,0xFF,0xF0,0x01,0xCF,0x83,0x00,0x03,0x80,0xC3,0x00,0x07,0x0F,0xFF,0xE0,0x0F,0x0F,0xFF,0xF0,0x0F,0xC1,0xC7,0x80,0x0F,0xE0,0xC3,0x00,0x00,0xC1,0xC7,0x80,0x00,0xDF,0xFF,0xF8,0x01,0xDF,0xFF,0xF0,0x01,0xC1,0xC7,0x00,0x03,0x83,0xC7,0xC0,0x07,0xCF,0x81,0xF0,0x0F,0xEE,0x00,0x70,0x0E,0xFC,0x00,0x20,0x1C,0x3F,0xFF,0xF8,0x1C,0x1F,0xFF,0xF8,0x00,0x00,0x00,0x00,0x00,0x00,0x00,0x00,0x00,0x00,0x00,0x00,0x00,0x00,0x00,0x00},
    {0x00,0x00,0x00,0x00,0x00,0x00,0x00,0x00,0x00,0x00,0x00,0x00,0x03,0x87,0xFF,0xF0,0x03,0x87,0xFF,0xF0,0x03,0x86,0xF7,0x70,0x03,0x86,0x66,0x30,0x03,0x86,0x67,0x70,0x1F,0xF7,0xFF,0xF0,0x1F,0xF7,0xFF,0xF0,0x03,0x80,0x1C,0x00,0x03,0x87,0xFF,0xE0,0x03,0x87,0xFF,0xE0,0x03,0x80,0x1C,0x00,0x03,0xB0,0x1C,0x00,0x03,0xFF,0xFF,0xF8,0x07,0xFF,0xFF,0xF8,0x1F,0xC1,0xC3,0x80,0x1F,0x80,0xE3,0x80,0x1B,0x87,0xFF,0xE0,0x03,0x87,0xFF,0xF0,0x03,0x80,0x1C,0x00,0x03,0x80,0x1C,0x00,0x03,0x8F,0xFF,0xF0,0x03,0x8F,0xFF,0xF0,0x03,0x80,0x1C,0x00,0x0F,0x80,0x18,0x00,0x0F,0x00,0x18,0x00,0x00,0x00,0x00,0x00,0x00,0x00,0x00,0x00,0x00,0x00,0x00,0x00,0x00,0x00,0x00,0x00},
    {0x00,0x00,0x00,0x00,0x00,0x00,0x00,0x00,0x00,0x00,0x00,0x00,0x01,0xC2,0x00,0x20,0x01,0x87,0xFF,0xF0,0x03,0x87,0xFF,0xF0,0x03,0x86,0x00,0x30,0x07,0x3E,0x63,0x30,0x07,0x7E,0x63,0x30,0x0E,0x76,0x77,0x30,0x0F,0xE6,0x36,0x30,0x1F,0xE6,0xFF,0xF0,0x1F,0xC6,0xFF,0xF0,0x01,0xC6,0x18,0x30,0x03,0xF6,0x18,0x30,0x07,0x36,0x1C,0x30,0x0F,0x76,0x1C,0x30,0x1F,0xFF,0xFF,0xB0,0x1F,0xFE,0xFF,0xB0,0x0C,0x16,0x70,0x30,0x00,0x36,0x70,0x30,0x0D,0xB6,0x70,0x30,0x0D,0xBE,0x70,0x30,0x0D,0xBE,0x3F,0xB0,0x1D,0x9E,0x3F,0x30,0x1D,0xDE,0x00,0x30,0x19,0xC6,0x01,0xF0,0x18,0x06,0x01,0xF0,0x00,0x04,0x00,0xC0,0x00,0x00,0x00,0x00,0x00,0x00,0x00,0x00,0x00,0x00,0x00,0x00},
    {0x00,0x00,0x00,0x00,0x00,0x00,0x00,0x00,0x00,0x00,0x00,0x00,0x06,0x18,0x38,0x00,0x0F,0xF8,0x70,0x00,0x0F,0xF8,0x7F,0xE0,0x0E,0x18,0xFF,0xE0,0x0E,0x19,0xE1,0xE0,0x0E,0x1B,0xE1,0xC0,0x0E,0x1F,0xF3,0x80,0x0E,0x1F,0x3F,0x80,0x0F,0xFA,0x3F,0x00,0x0F,0xF8,0x1E,0x00,0x00,0xE0,0x3F,0x00,0x00,0xE0,0xFF,0xC0,0x00,0xE3,0xF3,0xF0,0x0E,0xE7,0xC0,0xF8,0x0E,0xFF,0x80,0x78,0x0E,0xFD,0xFF,0xE0,0x0E,0xE1,0xFF,0xE0,0x0E,0xE1,0xC0,0xE0,0x0E,0xE1,0xC0,0xE0,0x0E,0xE1,0xC0,0xE0,0x0E,0xED,0xC0,0xE0,0x0E,0xFD,0xC0,0xE0,0x0F,0xFD,0xFF,0xE0,0x1F,0xE1,0xFF,0xE0,0x1F,0x01,0xC0,0xE0,0x00,0x00,0xC0,0x60,0x00,0x00,0x00,0x00,0x00,0x00,0x00,0x00,0x00,0x00,0x00,0x00},
    {0x00,0x00,0x00,0x00,0x00,0x00,0x00,0x00,0x00,0x00,0x00,0x00,0x01,0xC0,0xE6,0x00,0x01,0xC0,0xE7,0x00,0x01,0xC0,0xE7,0x80,0x01,0xC0,0xE3,0x80,0x01,0xC0,0xE1,0x00,0x1F,0xF8,0xE0,0x60,0x1F,0xF8,0x7F,0xF0,0x01,0xC1,0xFF,0xF0,0x01,0xC7,0xFE,0x00,0x01,0xC7,0xF0,0x00,0x01,0xC0,0x60,0xE0,0x01,0xD8,0x70,0xE0,0x01,0xF8,0x71,0xC0,0x03,0xF0,0x71,0xC0,0x1F,0xC0,0x33,0x80,0x1F,0xC0,0x3F,0x00,0x19,0xC0,0x3E,0x00,0x01,0xC0,0x3E,0x00,0x01,0xC0,0x7C,0x30,0x01,0xC0,0xFC,0x38,0x01,0xC3,0xFC,0x30,0x01,0xCF,0xCE,0x30,0x01,0xCF,0x07,0x70,0x0F,0x80,0x03,0xE0,0x0F,0x80,0x03,0xE0,0x0F,0x00,0x00,0xC0,0x00,0x00,0x00,0x00,0x00,0x00,0x00,0x00,0x00,0x00,0x00,0x00},
    {0x00,0x00,0x00,0x00,0x00,0x00,0x00,0x00,0x00,0x00,0x00,0x00,0x00,0x00,0x00,0x00,0x0F,0xFF,0xFF,0xF0,0x0F,0xFF,0xFF,0xF0,0x00,0x01,0xF0,0x00,0x00,0x01,0xC0,0x00,0x00,0x01,0xC0,0x00,0x00,0x03,0xC0,0x00,0x00,0x07,0xC0,0x00,0x00,0x07,0xE0,0x00,0x00,0x0F,0xF0,0x00,0x00,0x1F,0xFC,0x00,0x00,0x3D,0xBE,0x00,0x00,0xF9,0x8F,0x00,0x01,0xF1,0x87,0xC0,0x03,0xE1,0x81,0xE0,0x0F,0x81,0x80,0xF0,0x1F,0x01,0x80,0x78,0x0C,0x01,0x80,0x30,0x00,0x01,0x80,0x00,0x00,0x01,0x80,0x00,0x00,0x01,0x80,0x00,0x00,0x01,0x80,0x00,0x00,0x01,0x80,0x00,0x00,0x01,0x80,0x00,0x00,0x01,0x80,0x00,0x00,0x01,0x80,0x00,0x00,0x00,0x00,0x00,0x00,0x00,0x00,0x00,0x00,0x00,0x00,0x00},
    {0x00,0x00,0x00,0x00,0x00,0x00,0x00,0x00,0x00,0x00,0x00,0x00,0x00,0x00,0x00,0x70,0x0F,0xFF,0xC0,0x70,0x0F,0xFF,0xCC,0x70,0x01,0xE0,0x0C,0x70,0x01,0xC6,0x0C,0x70,0x01,0xCF,0x0C,0x70,0x03,0x87,0x0C,0x70,0x07,0x03,0x8C,0x70,0x0F,0x1F,0x8C,0x70,0x1F,0xFF,0xCC,0x70,0x1F,0xF1,0xEC,0x70,0x00,0x00,0xCC,0x70,0x00,0x30,0x0C,0x70,0x00,0x30,0x0C,0x70,0x00,0x78,0x0C,0x70,0x0F,0xFF,0x8C,0x70,0x0F,0xFF,0x8C,0x70,0x00,0x78,0x0C,0x70,0x00,0x30,0x0C,0x70,0x00,0x30,0x0C,0x70,0x00,0x30,0x00,0x70,0x00,0x3F,0xC0,0x70,0x03,0xFF,0xC0,0x70,0x1F,0xFF,0x07,0xF0,0x1F,0xC0,0x07,0xE0,0x00,0x00,0x00,0x00,0x00,0x00,0x00,0x00,0x00,0x00,0x00,0x00,0x00,0x00,0x00,0x00},
    {0x00,0x00,0x00,0x00,0x00,0x00,0x00,0x00,0x00,0x00,0x08,0x00,0x01,0x80,0x1C,0x00,0x01,0x80,0x3E,0x00,0x1F,0xF8,0x7F,0x00,0x1F,0xF8,0x77,0x80,0x01,0xC1,0xE3,0xC0,0x01,0x83,0xC1,0xE0,0x0F,0xFF,0xFF,0xF0,0x0F,0xFF,0xFF,0xB8,0x0D,0xFE,0x00,0x18,0x0D,0x98,0x00,0x20,0x0D,0x9B,0xFB,0x60,0x0F,0xFB,0xFB,0x60,0x0F,0xFB,0xBB,0x60,0x0D,0x9B,0x1B,0x60,0x0D,0x9B,0xFB,0x60,0x0D,0xFB,0xFB,0x60,0x0F,0xFB,0xBB,0x60,0x0F,0xFB,0x1B,0x60,0x01,0x83,0xFB,0x60,0x1F,0xFB,0xFB,0x60,0x1F,0xFF,0x3B,0x60,0x1F,0xFF,0x18,0x60,0x01,0x87,0x18,0x60,0x01,0x86,0x79,0xE0,0x01,0x86,0x7B,0xE0,0x01,0x80,0x61,0xC0,0x00,0x00,0x00,0x00,0x00,0x00,0x00,0x00,0x00,0x00,0x00,0x00},
    {0x00,0x00,0x00,0x00,0x00,0x00,0x00,0x00,0x00,0x00,0x00,0x00,0x00,0x01,0x00,0x00,0x00,0x1F,0x80,0x00,0x00,0x1F,0xC0,0x00,0x00,0x01,0xC0,0x00,0x00,0x01,0xC0,0x00,0x00,0x03,0xC0,0x00,0x00,0x03,0xC0,0x00,0x00,0x03,0xE0,0x00,0x00,0x07,0xE0,0x00,0x00,0x07,0x60,0x00,0x00,0x06,0x70,0x00,0x00,0x0E,0x70,0x00,0x00,0x0C,0x38,0x00,0x00,0x1C,0x38,0x00,0x00,0x1C,0x1C,0x00,0x00,0x38,0x1C,0x00,0x00,0x70,0x0E,0x00,0x00,0xF0,0x07,0x00,0x00,0xE0,0x07,0x80,0x01,0xC0,0x03,0x80,0x03,0xC0,0x01,0xC0,0x07,0x80,0x01,0xE0,0x0F,0x00,0x00,0xF0,0x1E,0x00,0x00,0x78,0x1C,0x00,0x00,0x30,0x00,0x00,0x00,0x00,0x00,0x00,0x00,0x00,0x00,0x00,0x00,0x00,0x00,0x00,0x00,0x00},
    {0x00,0x00,0x00,0x00,0x00,0x00,0x00,0x00,0x00,0x01,0x00,0x00,0x00,0x03,0x80,0x00,0x07,0xFF,0xFF,0xE0,0x0F,0xFF,0xFF,0xF0,0x0F,0xFF,0xFF,0xF0,0x0E,0x03,0x00,0x70,0x0E,0x07,0x06,0x70,0x0D,0xC3,0x8E,0x70,0x01,0xD9,0xDC,0x00,0x01,0x98,0xF9,0x80,0x03,0x98,0xF1,0xC0,0x07,0x99,0xE1,0xE0,0x07,0x1F,0xC6,0xF0,0x06,0x3F,0x06,0x70,0x00,0xFE,0x0E,0x30,0x07,0xFF,0xFE,0x00,0x1F,0xCF,0xFC,0x00,0x0E,0x00,0x00,0x00,0x00,0x01,0x80,0x40,0x03,0x81,0x80,0xC0,0x03,0x81,0x80,0xC0,0x03,0x81,0x80,0xC0,0x03,0x81,0x80,0xC0,0x03,0xFF,0xFF,0xC0,0x03,0xFF,0xFF,0xC0,0x03,0xFF,0xFF,0xC0,0x03,0x80,0x00,0xC0,0x00,0x00,0x00,0x00,0x00,0x00,0x00,0x00,0x00,0x00,0x00,0x00},
    {0x00,0x00,0x00,0x00,0x00,0x00,0x00,0x00,0x00,0x00,0x00,0x00,0x00,0x01,0x00,0x00,0x0F,0xFB,0xFF,0xF0,0x0F,0xFB,0xFF,0xF0,0x0F,0xFB,0x86,0x00,0x03,0x83,0x8E,0x00,0x03,0x83,0xFF,0xF0,0x03,0x03,0xFF,0xE0,0x03,0x03,0x8E,0x00,0x07,0x03,0x8E,0x00,0x07,0xF3,0xFF,0xE0,0x0F,0xF3,0xFF,0xF0,0x0F,0xF3,0x8E,0x00,0x0F,0x33,0x86,0x00,0x1F,0x33,0xFF,0xF0,0x1F,0x33,0xFF,0xF0,0x1F,0x30,0x80,0x30,0x03,0x33,0x4B,0x30,0x03,0x33,0x6D,0xB0,0x03,0x33,0x6D,0xB0,0x03,0x33,0x6D,0xB0,0x03,0xF7,0x6D,0xB0,0x03,0xFF,0x6C,0xB0,0x03,0xFE,0x60,0x70,0x03,0x0E,0x63,0xF0,0x03,0x00,0x07,0xE0,0x00,0x00,0x03,0x80,0x00,0x00,0x00,0x00,0x00,0x00,0x00,0x00,0x00,0x00,0x00,0x00},
    {0x00,0x00,0x00,0x00,0x00,0x00,0x00,0x00,0x00,0x00,0x00,0x00,0x06,0x00,0x18,0x00,0x0F,0x00,0x38,0x00,0x07,0x9F,0xFF,0xF0,0x03,0xDF,0xFF,0xF0,0x01,0xC0,0x38,0x00,0x00,0x86,0x3C,0xC0,0x00,0xC7,0xFF,0xE0,0x1F,0xE7,0xFF,0xE0,0x1F,0xC6,0x18,0x60,0x01,0xC6,0x38,0xE0,0x03,0x87,0xFF,0xE0,0x07,0x87,0xFF,0xE0,0x07,0x06,0x18,0x60,0x0F,0xE6,0x38,0xE0,0x0F,0xE7,0xFF,0xE0,0x00,0xE7,0xFF,0xE0,0x00,0xC0,0x18,0x00,0x00,0xDF,0xFF,0xF0,0x01,0xDF,0xFF,0xF8,0x03,0x9F,0xFF,0xF0,0x07,0xC0,0x18,0x00,0x07,0xE0,0x18,0x00,0x0E,0xF8,0x18,0x00,0x1C,0x7F,0xFF,0xF8,0x1C,0x1F,0xFF,0xF8,0x08,0x00,0x00,0x00,0x00,0x00,0x00,0x00,0x00,0x00,0x00,0x00,0x00,0x00,0x00,0x00},
    {0x00,0x00,0x00,0x00,0x00,0x00,0x00,0x00,0x00,0x00,0x00,0x00,0x00,0xC0,0x1C,0x00,0x01,0xC0,0x1C,0x00,0x01,0xC1,0xFF,0xE0,0x03,0x81,0xFF,0xE0,0x03,0x99,0x80,0x60,0x07,0x39,0x80,0x60,0x07,0x31,0xFF,0xE0,0x0E,0xF1,0xFF,0xE0,0x0F,0xE1,0x80,0x60,0x0F,0xE1,0x80,0x60,0x01,0xC1,0xFF,0xE0,0x01,0xB1,0xFF,0xE0,0x03,0xB0,0x8E,0x40,0x07,0x38,0x0E,0x00,0x0F,0xF8,0x6E,0x38,0x0F,0xFF,0xEE,0x70,0x0E,0x1B,0xEF,0xE0,0x00,0x30,0xEF,0xC0,0x0F,0xB8,0xEF,0x80,0x0D,0xD9,0xCF,0xC0,0x0C,0xDB,0xCD,0xE0,0x0C,0xDF,0x8C,0xF0,0x0C,0xCF,0x0C,0x78,0x1C,0xCF,0x3C,0x38,0x18,0x04,0x7C,0x10,0x00,0x00,0x38,0x00,0x00,0x00,0x00,0x00,0x00,0x00,0x00,0x00,0x00,0x00,0x00,0x00},
    {0x00,0x00,0x00,0x00,0x00,0x00,0x00,0x00,0x00,0x01,0x00,0x00,0x00,0x03,0x80,0x00,0x00,0x03,0x80,0x00,0x0F,0xFF,0xFF,0xF0,0x0F,0xFF,0xFF,0xF0,0x0F,0xFF,0xFF,0xF0,0x0C,0x0E,0x30,0x30,0x0C,0x1C,0x30,0x30,0x0C,0x3C,0x30,0x30,0x00,0x78,0x30,0x00,0x01,0xF0,0x38,0x00,0x07,0xE0,0x3F,0xE0,0x0F,0x80,0x3F,0xE0,0x06,0x00,0x00,0x00,0x00,0x00,0x00,0x00,0x03,0xFF,0xFF,0xC0,0x03,0xFF,0xFF,0xC0,0x00,0x03,0xC0,0x00,0x00,0x01,0x80,0x00,0x00,0x01,0x80,0x00,0x00,0x01,0x80,0x00,0x00,0x01,0x80,0x00,0x00,0x01,0x80,0x00,0x0F,0xFF,0xFF,0xF0,0x0F,0xFF,0xFF,0xF0,0x0F,0xFF,0xFF,0xF0,0x00,0x00,0x00,0x00,0x00,0x00,0x00,0x00,0x00,0x00,0x00,0x00,0x00,0x00,0x00,0x00},
    {0x00,0x00,0x00,0x00,0x00,0x00,0x00,0x00,0x00,0x00,0x20,0x00,0x01,0xC0,0x70,0x00,0x01,0xC0,0x70,0x00,0x01,0xC0,0xFF,0xE0,0x01,0xC1,0xFF,0xE0,0x01,0xC1,0xFF,0xE0,0x1F,0xFB,0xC1,0xC0,0x1F,0xFF,0xE3,0xC0,0x03,0xC7,0x77,0x80,0x03,0xC2,0x3F,0x00,0x03,0xC0,0x3E,0x00,0x03,0xE0,0x3F,0x00,0x07,0xF0,0xFF,0xC0,0x07,0xFB,0xF3,0xF0,0x0F,0xFF,0xC0,0xF8,0x0D,0xDF,0xC0,0xF8,0x1D,0xC7,0xFF,0xC0,0x19,0xC1,0xFF,0xC0,0x19,0xC1,0x80,0xC0,0x01,0xC1,0x80,0xC0,0x01,0xC1,0x80,0xC0,0x01,0xC1,0x80,0xC0,0x01,0xC1,0x80,0xC0,0x01,0xC1,0xFF,0xC0,0x01,0xC1,0xFF,0xC0,0x01,0xC1,0xC1,0xC0,0x01,0x81,0x80,0xC0,0x00,0x00,0x00,0x00,0x00,0x00,0x00,0x00,0x00,0x00,0x00,0x00},
    {0x00,0x00,0x00,0x00,0x00,0x00,0x00,0x00,0x00,0x00,0x00,0x00,0x03,0x80,0x38,0x00,0x03,0x80,0x38,0x00,0x03,0x00,0x70,0x00,0x03,0x00,0x73,0x80,0x03,0x00,0xE3,0x80,0x1F,0xF0,0xE1,0xC0,0x1F,0xF1,0xC1,0xE0,0x07,0x73,0x80,0xE0,0x06,0x37,0xBF,0xF0,0x06,0x37,0xFF,0xF0,0x0E,0x37,0xF8,0x38,0x0E,0x70,0x00,0x38,0x0E,0x70,0x00,0x00,0x0C,0x63,0xFF,0xE0,0x1C,0x63,0xFF,0xE0,0x1E,0xE3,0xFF,0xE0,0x07,0xC3,0x00,0x60,0x03,0xC3,0x00,0x60,0x03,0xC3,0x00,0x60,0x03,0xE3,0x00,0x60,0x07,0xF3,0x00,0x60,0x07,0x7B,0x80,0xE0,0x0E,0x33,0xFF,0xE0,0x1C,0x03,0xFF,0xE0,0x1C,0x03,0x00,0x60,0x08,0x03,0x00,0x60,0x00,0x00,0x00,0x00,0x00,0x00,0x00,0x00,0x00,0x00,0x00,0x00},
    {0x00,0x00,0x00,0x00,0x00,0x00,0x00,0x00,0x00,0x00,0x00,0x00,0x02,0x38,0x80,0x00,0x06,0x39,0xFF,0xF0,0x06,0x39,0xFF,0xF0,0x06,0x39,0xC0,0x00,0x06,0x39,0x80,0x00,0x06,0x39,0x80,0x00,0x06,0x39,0x80,0x00,0x07,0x39,0xFF,0xE0,0x07,0xF9,0xFF,0xF0,0x07,0xF9,0xFF,0xF0,0x06,0x01,0xB8,0x60,0x06,0x01,0xB8,0x60,0x06,0x01,0x98,0x60,0x07,0x31,0x98,0xE0,0x07,0xF1,0x9C,0xE0,0x07,0xF3,0x8D,0xC0,0x06,0x33,0x8F,0xC0,0x06,0x33,0x8F,0x80,0x06,0x33,0x87,0x80,0x0E,0x33,0x07,0x80,0x0E,0x37,0x0F,0xC0,0x0C,0x3F,0x1F,0xE0,0x0C,0x3E,0x7C,0xF0,0x1C,0x3E,0xF8,0x78,0x18,0x3C,0xE0,0x38,0x08,0x38,0x40,0x00,0x00,0x00,0x00,0x00,0x00,0x00,0x00,0x00,0x00,0x00,0x00,0x00},
    {0x00,0x00,0x00,0x00,0x00,0x00,0x00,0x00,0x00,0x00,0x00,0x00,0x00,0x01,0x80,0x00,0x00,0x01,0x80,0x00,0x00,0x01,0x80,0x00,0x00,0x01,0x80,0x00,0x00,0x03,0xC0,0x00,0x0F,0xFF,0xFF,0xF0,0x0F,0xFF,0xFF,0xF0,0x00,0x0F,0xF0,0x00,0x00,0x0F,0xF0,0x00,0x00,0x1D,0xB8,0x00,0x00,0x1D,0x98,0x00,0x00,0x39,0x9C,0x00,0x00,0x71,0x8E,0x00,0x00,0x71,0x8F,0x00,0x00,0xE1,0x87,0x00,0x01,0xC1,0x83,0x80,0x03,0x81,0x81,0xE0,0x0F,0x83,0xC0,0xF0,0x1F,0x7F,0xFE,0x78,0x1C,0x7F,0xFE,0x38,0x08,0x01,0x80,0x10,0x00,0x01,0x80,0x00,0x00,0x01,0x80,0x00,0x00,0x01,0x80,0x00,0x00,0x01,0x80,0x00,0x00,0x01,0x80,0x00,0x00,0x00,0x00,0x00,0x00,0x00,0x00,0x00,0x00,0x00,0x00,0x00},
    {0x00,0x00,0x00,0x00,0x00,0x00,0x00,0x00,0x00,0x00,0x00,0x00,0x00,0xC0,0x00,0x00,0x0F,0xFC,0x00,0x60,0x0F,0xFC,0xFF,0xF0,0x0F,0xFC,0xFF,0xF0,0x01,0x8C,0x0E,0x30,0x1F,0xFF,0x0E,0x30,0x1F,0xFF,0x0E,0x30,0x1F,0xFE,0x0E,0x30,0x06,0x0E,0x0C,0x70,0x0F,0xFE,0xCC,0x70,0x0F,0xFE,0xFC,0x70,0x0E,0x06,0x7C,0x70,0x0F,0xFE,0x3C,0x70,0x0F,0xFE,0x1C,0x70,0x06,0x7E,0x1C,0x70,0x00,0x70,0x1C,0x70,0x0F,0xFE,0x18,0x70,0x0F,0xFE,0x38,0x70,0x0C,0x60,0x38,0x70,0x0C,0x70,0x70,0x70,0x0F,0xFF,0x70,0x70,0x0F,0xFF,0xE0,0x70,0x00,0x71,0xE0,0x70,0x00,0x63,0xC3,0xE0,0x00,0x63,0x83,0xE0,0x00,0x61,0x00,0x00,0x00,0x00,0x00,0x00,0x00,0x00,0x00,0x00,0x00,0x00,0x00,0x00},
    {0x00,0x00,0x00,0x00,0x00,0x00,0x00,0x00,0x00,0x00,0x00,0x00,0x06,0x18,0x3B,0x80,0x07,0xF8,0xBB,0xA0,0x07,0xF9,0xFF,0xF0,0x06,0x19,0xFF,0xF0,0x06,0xF9,0x9B,0x30,0x06,0xF9,0xFF,0xF0,0x06,0xD9,0xFF,0xF0,0x06,0xD9,0x9B,0x30,0x0F,0xFD,0xFF,0xF0,0x0F,0xFD,0xFF,0xF0,0x0C,0x0D,0xFF,0xF0,0x0C,0x0C,0x00,0x00,0x0F,0xFF,0xFF,0xF8,0x07,0xF9,0xFF,0xF0,0x06,0x18,0x00,0x00,0x07,0x98,0xFF,0xE0,0x07,0xF8,0xFF,0xE0,0x06,0xD8,0xC0,0x60,0x06,0x38,0xC0,0x60,0x07,0xF8,0xFF,0xE0,0x07,0xF8,0xFF,0xE0,0x0F,0x18,0x71,0xC0,0x0C,0x18,0x79,0xC0,0x0C,0x3B,0xFF,0xF8,0x1C,0xFB,0xFF,0xF8,0x00,0x70,0x00,0x00,0x00,0x00,0x00,0x00,0x00,0x00,0x00,0x00,0x00,0x00,0x00,0x00},
    {0x00,0x00,0x00,0x00,0x00,0x00,0x00,0x00,0x00,0x00,0x00,0x00,0x00,0x18,0x1C,0x80,0x06,0x38,0x1D,0xC0,0x06,0x38,0x1D,0xE0,0x06,0x38,0x1C,0xE0,0x06,0x38,0x1C,0x70,0x06,0x38,0x1C,0x60,0x06,0x38,0x1C,0x00,0x07,0xFB,0xFF,0xF0,0x07,0xFB,0xFF,0xF0,0x07,0xFB,0xFF,0xE0,0x00,0x38,0x1C,0x00,0x00,0x38,0x1C,0x00,0x00,0x38,0x3E,0x00,0x1F,0xF8,0x3E,0x00,0x1F,0xF8,0x3E,0x00,0x07,0xB8,0x37,0x00,0x03,0x38,0x73,0x00,0x07,0x38,0x73,0x80,0x07,0x38,0xE3,0x80,0x07,0x38,0xE1,0xC0,0x06,0x39,0xC1,0xE0,0x0E,0x3B,0xC0,0xE0,0x0E,0x3B,0x80,0x70,0x1C,0x3F,0x00,0x78,0x1C,0x3E,0x00,0x38,0x00,0x1A,0x00,0x10,0x00,0x00,0x00,0x00,0x00,0x00,0x00,0x00,0x00,0x00,0x00,0x00},
    {0x00,0x00,0x00,0x00,0x00,0x00,0x00,0x00,0x00,0x00,0x00,0x00,0x01,0xC0,0x70,0x00,0x01,0xCC,0x70,0xE0,0x03,0x8E,0x7F,0xF0,0x0F,0xFF,0x7F,0xC0,0x0F,0xFF,0xF0,0x00,0x00,0x03,0x70,0x00,0x07,0xFE,0x7F,0xF0,0x07,0xFE,0x3F,0xF0,0x07,0x06,0x00,0x00,0x07,0xC6,0x70,0x00,0x07,0xF6,0x7F,0xF0,0x06,0x36,0x7F,0xF0,0x06,0x3E,0x78,0x20,0x07,0xFE,0x70,0x30,0x0F,0xE6,0x70,0x30,0x0E,0x3E,0x7F,0xF0,0x0C,0x3E,0x3F,0xE0,0x04,0x3D,0x80,0x80,0x03,0x3B,0xC1,0xC0,0x03,0x39,0xE1,0xC0,0x07,0x38,0xE4,0xE0,0x07,0x38,0x66,0x70,0x0E,0x38,0x06,0x78,0x0E,0x3F,0xFE,0x38,0x0C,0x3F,0xFE,0x10,0x00,0x07,0xF8,0x00,0x00,0x00,0x00,0x00,0x00,0x00,0x00,0x00,0x00,0x00,0x00,0x00},
    {0x00,0x00,0x00,0x00,0x00,0x00,0x00,0x00,0x00,0x00,0x00,0x00,0x03,0x00,0x0C,0x00,0x03,0x87,0xFF,0xF8,0x03,0x87,0xFF,0xF8,0x1F,0xF8,0x1C,0x00,0x1F,0xFB,0xFF,0xF0,0x1F,0xF3,0xFF,0xF0,0x00,0x03,0x00,0x20,0x0F,0xE7,0xFF,0xF0,0x0F,0xF7,0xFF,0xF0,0x0F,0xE7,0x77,0x30,0x00,0x07,0xFF,0xF0,0x0F,0xF7,0xFF,0xF0,0x0F,0xF1,0x80,0xE0,0x00,0x03,0xFF,0xE0,0x00,0x03,0x80,0xE0,0x0F,0xF3,0xFF,0xE0,0x0F,0xF3,0xFF,0xE0,0x0F,0xF3,0x80,0xE0,0x0C,0x73,0xFF,0xE0,0x0C,0x73,0x80,0xE0,0x0C,0x73,0xFF,0xE0,0x0E,0x73,0xFF,0xE0,0x0F,0xF1,0xF3,0xE0,0x0F,0xF7,0xE3,0xF0,0x0C,0x77,0x80,0x78,0x0C,0x06,0x00,0x10,0x00,0x00,0x00,0x00,0x00,0x00,0x00,0x00,0x00,0x00,0x00,0x00},
    {0x00,0x00,0x00,0x00,0x00,0x00,0x00,0x00,0x00,0x00,0x00,0x00,0x00,0x00,0x00,0x00,0x0F,0xFF,0xFF,0xF0,0x0F,0xFF,0xFF,0xF0,0x00,0x01,0x80,0x00,0x00,0x01,0x80,0x00,0x03,0xFF,0xFF,0xC0,0x03,0xFF,0xFF,0xC0,0x03,0x83,0xC1,0xC0,0x03,0x81,0x81,0xC0,0x03,0x83,0xC1,0xC0,0x03,0xFF,0xFF,0xC0,0x03,0xFF,0xFF,0xC0,0x03,0x81,0x81,0xC0,0x03,0x81,0x81,0xC0,0x03,0xFF,0xFF,0xC0,0x03,0xFF,0xFF,0xC0,0x03,0xFF,0xFF,0xC0,0x00,0xC3,0x80,0x00,0x01,0xE7,0x00,0x00,0x00,0xFF,0x00,0x00,0x00,0x3F,0x00,0x00,0x00,0x1F,0xE0,0x00,0x00,0xFF,0xFC,0x00,0x1F,0xF0,0x7F,0xF8,0x1F,0xC0,0x0F,0xF8,0x0C,0x00,0x00,0x38,0x00,0x00,0x00,0x00,0x00,0x00,0x00,0x00,0x00,0x00,0x00,0x00},
    {0x00,0x00,0x00,0x00,0x00,0x00,0x00,0x00,0x00,0x40,0x00,0x00,0x00,0xE0,0x00,0x70,0x00,0xE0,0x07,0xF0,0x0F,0xFF,0x3F,0xE0,0x0F,0xFF,0x3F,0x00,0x03,0x0C,0x30,0x00,0x07,0x0E,0x30,0x00,0x03,0x0C,0x30,0x00,0x03,0x8C,0x30,0x00,0x0F,0xFF,0x3F,0xF0,0x0F,0xFF,0x3F,0xF8,0x0F,0xFF,0x3F,0xF8,0x00,0x60,0x30,0xC0,0x00,0x60,0x30,0xC0,0x1F,0xFF,0xB0,0xC0,0x1F,0xFF,0xB0,0xC0,0x1F,0xFF,0x30,0xC0,0x00,0x60,0x70,0xC0,0x07,0x6E,0x70,0xC0,0x07,0x6E,0x70,0xC0,0x06,0x66,0x70,0xC0,0x0E,0x67,0x60,0xC0,0x0E,0x67,0xE0,0xC0,0x1C,0x60,0xE0,0xC0,0x1C,0x61,0xC0,0xC0,0x08,0x60,0xC0,0xC0,0x00,0x60,0x00,0xC0,0x00,0x00,0x00,0x00,0x00,0x00,0x00,0x00,0x00,0x00,0x00,0x00},
    {0x00,0x00,0x00,0x00,0x00,0x00,0x00,0x00,0x00,0x00,0x00,0x00,0x00,0x00,0x00,0x00,0x07,0xFF,0xFF,0xF0,0x07,0xFF,0xFF,0xF0,0x07,0xFF,0xFF,0xE0,0x00,0x00,0xC0,0x00,0x00,0x00,0xC0,0x00,0x00,0x00,0xC0,0x00,0x00,0x00,0xC0,0x00,0x00,0x00,0xC0,0x00,0x00,0xC0,0xC0,0x00,0x00,0xC0,0xC0,0x00,0x00,0xC0,0xFF,0xC0,0x00,0xC0,0xFF,0xC0,0x00,0xC0,0xFF,0xC0,0x00,0xC0,0xC0,0x00,0x00,0xC0,0xC0,0x00,0x00,0xC0,0xC0,0x00,0x00,0xC0,0xC0,0x00,0x00,0xC0,0xC0,0x00,0x00,0xC0,0xC0,0x00,0x00,0xC0,0xC0,0x00,0x00,0xC0,0xC0,0x00,0x1F,0xFF,0xFF,0xF8,0x1F,0xFF,0xFF,0xF8,0x0F,0xFF,0xFF,0xF0,0x00,0x00,0x00,0x00,0x00,0x00,0x00,0x00,0x00,0x00,0x00,0x00,0x00,0x00,0x00,0x00},
    {0x00,0x00,0x00,0x00,0x00,0x00,0x00,0x00,0x00,0x02,0x00,0x00,0x00,0x07,0x00,0x00,0x00,0x06,0x00,0x00,0x00,0x0E,0x00,0x00,0x0F,0xFF,0xFF,0xF0,0x0F,0xFF,0xFF,0xF8,0x0F,0xFF,0xFF,0xF8,0x00,0x38,0x00,0x00,0x00,0x38,0x10,0x00,0x00,0x70,0x38,0x00,0x00,0xF0,0x38,0x00,0x01,0xE0,0x38,0x00,0x01,0xC0,0x38,0x00,0x03,0xC0,0x38,0x00,0x07,0xCF,0xFF,0xE0,0x0F,0xCF,0xFF,0xE0,0x1F,0xC0,0x38,0x00,0x1D,0xC0,0x38,0x00,0x01,0xC0,0x38,0x00,0x01,0xC0,0x38,0x00,0x01,0xC0,0x38,0x00,0x01,0xC0,0x38,0x00,0x01,0xC0,0x38,0x00,0x01,0xDF,0xFF,0xF0,0x01,0xDF,0xFF,0xF8,0x01,0xDF,0xFF,0xF8,0x01,0xC0,0x00,0x00,0x00,0x00,0x00,0x00,0x00,0x00,0x00,0x00,0x00,0x00,0x00,0x00},
    {0x00,0x00,0x00,0x00,0x00,0x00,0x00,0x00,0x00,0x00,0x00,0x00,0x00,0x0F,0x0C,0x00,0x03,0xFF,0x1C,0x00,0x07,0xFC,0x1C,0x00,0x07,0x80,0x1C,0x00,0x07,0x00,0x1F,0xF8,0x07,0xFF,0x3F,0xF8,0x07,0xFF,0x38,0xE0,0x07,0xFF,0x30,0xE0,0x07,0x03,0x70,0xE0,0x07,0x03,0x70,0xE0,0x07,0xFF,0xF8,0xC0,0x07,0xFF,0xF8,0xC0,0x07,0x07,0xF8,0xC0,0x06,0x00,0xD9,0xC0,0x07,0xC6,0x1D,0xC0,0x07,0xFF,0x1F,0x80,0x07,0xFF,0x0F,0x80,0x0F,0xC3,0x0F,0x80,0x0F,0xC3,0x07,0x00,0x0D,0xC3,0x0F,0x80,0x0D,0xC3,0x0F,0xC0,0x1D,0xC7,0x1D,0xE0,0x1D,0xFF,0x78,0xF0,0x19,0xFF,0xF0,0x78,0x19,0xC0,0xE0,0x38,0x00,0x00,0x40,0x10,0x00,0x00,0x00,0x00,0x00,0x00,0x00,0x00,0x00,0x00,0x00,0x00},
    {0x00,0x00,0x00,0x00,0x00,0x00,0x00,0x00,0x00,0x00,0x00,0x00,0x00,0x1F,0x0C,0x00,0x1F,0xFF,0x0C,0x00,0x0F,0xF8,0x0C,0x00,0x00,0x60,0x0C,0x00,0x0F,0xFF,0x0C,0x00,0x1F,0xFF,0xFF,0xF0,0x1F,0xFF,0x7F,0xF0,0x00,0x60,0x0E,0x70,0x0F,0xFF,0x0C,0x30,0x0F,0xFF,0x0C,0x30,0x0C,0x63,0x0C,0x30,0x0F,0xFF,0x0C,0x30,0x0F,0xFF,0x0C,0x30,0x0E,0x73,0x0C,0x30,0x0C,0x63,0x1C,0x70,0x0F,0xFF,0x1C,0x70,0x0F,0xFF,0x1C,0x70,0x00,0x60,0x18,0x70,0x0F,0xFF,0x38,0x70,0x0F,0xFF,0x38,0x70,0x0F,0xFF,0x30,0x70,0x00,0x60,0x70,0x70,0x00,0xFF,0xE0,0x70,0x1F,0xFF,0xE7,0xE0,0x1F,0xF1,0xC7,0xE0,0x00,0x00,0x00,0x00,0x00,0x00,0x00,0x00,0x00,0x00,0x00,0x00,0x00,0x00,0x00,0x00},
    {0x00,0x00,0x00,0x00,0x00,0x00,0x00,0x00,0x00,0x00,0x00,0x00,0x00,0xE0,0x00,0x60,0x00,0xFF,0xFF,0xF0,0x01,0xDF,0xFF,0xF0,0x01,0xC0,0x00,0x70,0x01,0x80,0x00,0x70,0x03,0x80,0x00,0x70,0x03,0x9F,0xFE,0x70,0x07,0x9F,0xFE,0x70,0x0F,0x80,0x00,0x70,0x0F,0x80,0x00,0x70,0x1F,0x80,0x00,0x70,0x1B,0x8F,0xFC,0x70,0x1B,0x8F,0xFC,0x70,0x03,0x8E,0x0C,0x70,0x03,0x8C,0x0C,0x70,0x03,0x8C,0x0C,0x70,0x03,0x8C,0x0C,0x70,0x03,0x8E,0x0C,0x70,0x03,0x8F,0xFC,0x70,0x03,0x8F,0xFC,0x70,0x03,0x80,0x00,0x70,0x03,0x80,0x00,0x70,0x03,0x80,0x00,0x70,0x03,0x80,0x0F,0xF0,0x03,0x80,0x0F,0xE0,0x01,0x80,0x07,0x80,0x00,0x00,0x00,0x00,0x00,0x00,0x00,0x00,0x00,0x00,0x00,0x00},
    {0x00,0x00,0x00,0x00,0x00,0x00,0x00,0x00,0x00,0x00,0x00,0x00,0x03,0x10,0x00,0x40,0x07,0xFC,0xFF,0xE0,0x07,0xFC,0xFF,0xE0,0x07,0x1C,0xC0,0x60,0x07,0x1C,0xC0,0x60,0x07,0x1C,0xC0,0x60,0x07,0x1C,0xC0,0xE0,0x07,0xFC,0xC0,0xE0,0x07,0xFC,0xC7,0xE0,0x07,0xFC,0xC7,0xC0,0x07,0x1C,0xC0,0x00,0x07,0x1C,0xFF,0xE0,0x07,0x1C,0xFF,0xE0,0x07,0x1C,0xF8,0x60,0x07,0xFC,0xD8,0x60,0x07,0xFC,0xD8,0xE0,0x07,0x1C,0xDC,0xE0,0x06,0x1C,0xCF,0xC0,0x06,0x1C,0xCF,0xC0,0x06,0x1C,0xC7,0x80,0x0E,0x1C,0xC7,0x80,0x0E,0x1C,0xCF,0xC0,0x0C,0x1C,0xDF,0xF0,0x1C,0x7C,0xFC,0x78,0x1C,0x78,0xF8,0x38,0x00,0x00,0xC0,0x10,0x00,0x00,0x00,0x00,0x00,0x00,0x00,0x00,0x00,0x00,0x00,0x00},
    {0x00,0x00,0x00,0x00,0x00,0x00,0x00,0x00,0x00,0x00,0x00,0x00,0x01,0x0C,0x30,0xC0,0x03,0xFE,0x7F,0xE0,0x03,0xFE,0x7F,0xE0,0x03,0x0E,0x70,0xE0,0x03,0x0E,0x70,0xE0,0x03,0x0E,0x70,0xE0,0x03,0xFE,0x7F,0xE0,0x03,0xFE,0x7F,0xC0,0x00,0x03,0x07,0x00,0x00,0x07,0x07,0x00,0x0F,0xFF,0xFF,0xF0,0x1F,0xFF,0xFF,0xF8,0x0F,0xFF,0xFF,0xF0,0x00,0x78,0x1F,0x00,0x01,0xF0,0x07,0xC0,0x07,0xE0,0x01,0xF0,0x1F,0xFE,0x3F,0xF8,0x1F,0xFE,0x7F,0xF8,0x03,0xFE,0x7F,0xC0,0x03,0x06,0x60,0xC0,0x03,0x06,0x60,0xC0,0x03,0x06,0x60,0xC0,0x03,0xFE,0x7F,0xC0,0x03,0xFE,0x7F,0xC0,0x03,0xFE,0x7F,0xC0,0x03,0x06,0x60,0xC0,0x00,0x00,0x00,0x00,0x00,0x00,0x00,0x00,0x00,0x00,0x00,0x00},
    {0x00,0x00,0x00,0x00,0x00,0x00,0x00,0x00,0x00,0x00,0x00,0x00,0x00,0x10,0x00,0x00,0x0F,0xFF,0xFF,0xF8,0x0F,0xFF,0xFF,0xF8,0x00,0x38,0x0E,0x00,0x06,0x30,0x0E,0x00,0x07,0x70,0xFF,0xF0,0x07,0xE1,0xFF,0xF0,0x03,0xC1,0xC0,0x70,0x01,0xC1,0xC0,0x70,0x1F,0xFD,0xFF,0xF0,0x1F,0xFD,0xFF,0xF0,0x1F,0xFD,0xC0,0x70,0x01,0x8D,0xC0,0x70,0x01,0x9D,0xFF,0xF0,0x01,0x99,0xFF,0xF0,0x01,0x99,0xFF,0xF0,0x01,0x81,0xC0,0x70,0x01,0x81,0xC0,0x70,0x01,0x81,0xFF,0xF0,0x01,0x81,0xFF,0xF0,0x01,0x80,0x31,0xC0,0x01,0x80,0x79,0xE0,0x01,0x80,0xF0,0xF0,0x0F,0x83,0xE0,0x78,0x0F,0x83,0x80,0x38,0x0E,0x01,0x00,0x00,0x00,0x00,0x00,0x00,0x00,0x00,0x00,0x00,0x00,0x00,0x00,0x00},
    {0x00,0x00,0x00,0x00,0x00,0x00,0x00,0x00,0x00,0x00,0x00,0x00,0x00,0x60,0x06,0x00,0x00,0x70,0x0E,0x00,0x0F,0xFF,0xFF,0xF0,0x0F,0xFF,0xFF,0xF0,0x00,0x60,0x06,0x00,0x00,0x7F,0xFE,0x00,0x00,0x7F,0xFE,0x00,0x00,0x7F,0xFE,0x00,0x00,0x60,0x06,0x00,0x00,0x7F,0xFE,0x00,0x00,0x7F,0xFE,0x00,0x00,0x70,0x0E,0x00,0x00,0x70,0x0E,0x00,0x0F,0xFF,0xFF,0xF0,0x0F,0xFF,0xFF,0xF0,0x00,0xE1,0x87,0x00,0x01,0xE1,0x87,0x80,0x07,0xC3,0xC3,0xE0,0x1F,0x7F,0xFE,0xF8,0x0E,0x7F,0xFE,0x38,0x08,0x01,0x80,0x10,0x00,0x01,0x80,0x00,0x03,0xFF,0xFF,0xC0,0x07,0xFF,0xFF,0xE0,0x07,0xFF,0xFF,0xC0,0x00,0x00,0x00,0x00,0x00,0x00,0x00,0x00,0x00,0x00,0x00,0x00,0x00,0x00,0x00,0x00},
    {0x00,0x00,0x00,0x00,0x00,0x00,0x00,0x00,0x00,0x00,0x00,0x00,0x07,0x03,0x1C,0x00,0x07,0x87,0x1C,0x00,0x03,0xE7,0xFF,0xF0,0x00,0xEF,0xFF,0xF0,0x08,0x4E,0x0E,0x00,0x1E,0x1E,0x0E,0x00,0x0F,0xBF,0xFF,0xE0,0x03,0xFF,0xFF,0xE0,0x01,0x3E,0x0C,0x00,0x00,0x2F,0xFF,0xE0,0x00,0xCF,0xFF,0xE0,0x01,0xCE,0x0E,0x00,0x03,0x8E,0x0C,0x00,0x07,0x8F,0xFF,0xF0,0x0F,0x0F,0xFF,0xF0,0x0E,0x07,0x80,0x00,0x00,0x01,0x80,0x00,0x00,0x01,0x80,0x00,0x1F,0xFF,0xFF,0xF8,0x1F,0xFF,0xFF,0xF8,0x0F,0xFF,0xFF,0xF0,0x00,0x01,0x80,0x00,0x00,0x01,0x80,0x00,0x00,0x01,0x80,0x00,0x00,0x01,0x80,0x00,0x00,0x01,0x80,0x00,0x00,0x00,0x00,0x00,0x00,0x00,0x00,0x00,0x00,0x00,0x00,0x00},
    {0x00,0x00,0x00,0x00,0x00,0x00,0x00,0x00,0x00,0x00,0x00,0x00,0x04,0x18,0x40,0x30,0x0E,0x3F,0xE0,0x30,0x0F,0x3F,0xE3,0x30,0x07,0xB0,0x67,0x30,0x03,0xB0,0x67,0x30,0x01,0x38,0xE7,0x30,0x00,0x3F,0xE7,0x30,0x08,0x3F,0xE7,0x30,0x1E,0x30,0x67,0x30,0x0E,0x30,0x67,0x30,0x07,0x38,0xE7,0x30,0x03,0xBF,0xE7,0x30,0x01,0x3F,0xE7,0x30,0x00,0x30,0x67,0x30,0x00,0x30,0x67,0x30,0x01,0xB8,0x67,0x30,0x03,0xBF,0xE7,0x30,0x03,0x3F,0xE7,0x30,0x07,0x00,0xC7,0x30,0x07,0x1C,0xC6,0x30,0x06,0x1D,0xC0,0x30,0x0E,0x38,0xE0,0x30,0x0E,0x38,0x70,0x30,0x1C,0x70,0x73,0xF0,0x1C,0x60,0x33,0xF0,0x00,0x00,0x00,0x00,0x00,0x00,0x00,0x00,0x00,0x00,0x00,0x00,0x00,0x00,0x00,0x00},
    {0x00,0x00,0x00,0x00,0x00,0x00,0x00,0x00,0x00,0x00,0x00,0x00,0x00,0xE0,0x70,0x00,0x00,0xE0,0x70,0x00,0x01,0xFF,0xFF,0xF0,0x01,0xFF,0xFF,0xF0,0x01,0x80,0x00,0x00,0x03,0x87,0xFF,0xC0,0x03,0x8F,0xFF,0xC0,0x07,0x8E,0x01,0xC0,0x0F,0x0E,0x00,0xC0,0x0F,0x0F,0xFF,0xC0,0x1F,0x0F,0xFF,0xC0,0x1F,0x00,0x00,0x00,0x1B,0x3F,0xFF,0xF0,0x03,0x3F,0xFF,0xF0,0x03,0x38,0x00,0x70,0x03,0x38,0x00,0x30,0x03,0x38,0x00,0x70,0x03,0x0F,0xFF,0xE0,0x03,0x0F,0xFF,0xE0,0x03,0x00,0x38,0x00,0x03,0x00,0x38,0x00,0x03,0x00,0x38,0x00,0x03,0x00,0x38,0x00,0x03,0x03,0xF8,0x00,0x03,0x03,0xF0,0x00,0x03,0x01,0xC0,0x00,0x00,0x00,0x00,0x00,0x00,0x00,0x00,0x00,0x00,0x00,0x00,0x00},
    {0x00,0x00,0x00,0x00,0x00,0x00,0x00,0x00,0x00,0x00,0x00,0x00,0x00,0x00,0xC0,0x00,0x00,0x00,0xC0,0x00,0x00,0x00,0xC0,0x00,0x00,0x00,0xC0,0x00,0x00,0x00,0xC0,0x00,0x00,0xE0,0xC0,0x00,0x00,0xE0,0xC0,0x00,0x00,0xE0,0xC0,0x00,0x00,0xE0,0xE0,0x00,0x00,0xE0,0xFF,0xE0,0x00,0xE0,0xFF,0xE0,0x00,0xE0,0xE0,0x00,0x00,0xE0,0xC0,0x00,0x00,0xE0,0xC0,0x00,0x00,0xE0,0xC0,0x00,0x00,0xE0,0xC0,0x00,0x00,0xE0,0xC0,0x00,0x00,0xE0,0xC0,0x00,0x00,0xE0,0xC0,0x00,0x00,0xE0,0xC0,0x00,0x00,0xE0,0xC0,0x00,0x00,0xE0,0xC0,0x00,0x0F,0xFF,0xFF,0xF8,0x1F,0xFF,0xFF,0xF8,0x0F,0xFF,0xFF,0xF0,0x00,0x00,0x00,0x00,0x00,0x00,0x00,0x00,0x00,0x00,0x00,0x00,0x00,0x00,0x00,0x00},
    {0x00,0x00,0x00,0x00,0x00,0x00,0x00,0x00,0x00,0x00,0x00,0x00,0x01,0xC0,0x0C,0x00,0x01,0xC0,0x1C,0x00,0x03,0x80,0x3C,0x00,0x03,0x87,0xFF,0xF0,0x07,0x3F,0xFF,0xF0,0x07,0x38,0x70,0x00,0x0E,0x70,0x61,0x00,0x1F,0xF0,0xE3,0x80,0x1F,0xE1,0xC1,0xC0,0x1F,0xC1,0xC1,0xE0,0x01,0xC3,0xFF,0xE0,0x03,0xB7,0xFF,0xF0,0x07,0x33,0xF7,0x38,0x0F,0x78,0x63,0x30,0x1F,0xF8,0xE3,0x00,0x1F,0xF8,0xE3,0x00,0x08,0x10,0xE3,0x00,0x00,0xB0,0xC3,0x00,0x0D,0xB8,0xC3,0x00,0x0D,0x99,0xC3,0x18,0x0D,0xD9,0xC3,0x18,0x1D,0xDB,0x83,0x18,0x18,0xCF,0x03,0x38,0x18,0xCF,0x03,0xF8,0x18,0x0E,0x03,0xF0,0x00,0x0C,0x00,0x00,0x00,0x00,0x00,0x00,0x00,0x00,0x00,0x00,0x00,0x00,0x00,0x00},
    {0x00,0x00,0x00,0x00,0x00,0x00,0x00,0x00,0x00,0x00,0x00,0x00,0x03,0x80,0x0E,0x00,0x01,0x80,0x0E,0x00,0x01,0xC0,0x0E,0x00,0x1F,0xFC,0x0E,0x00,0x1F,0xFC,0x0E,0x00,0x1F,0xFC,0x0E,0x00,0x00,0x00,0x0E,0x00,0x0F,0xF0,0x0E,0x00,0x0F,0xF8,0x0E,0x00,0x0F,0xF3,0xFF,0xF8,0x00,0x03,0xFF,0xF8,0x0F,0xF8,0x0E,0x00,0x0F,0xF8,0x0E,0x00,0x00,0x00,0x0E,0x00,0x00,0x00,0x0E,0x00,0x0F,0xF8,0x0E,0x00,0x0F,0xF8,0x0E,0x00,0x0F,0xF8,0x0E,0x00,0x0C,0x38,0x0E,0x00,0x0C,0x38,0x0E,0x00,0x0C,0x38,0x0E,0x00,0x0E,0x38,0x0E,0x00,0x0F,0xF8,0x0E,0x00,0x0F,0xF8,0x0E,0x00,0x0C,0x38,0x0E,0x00,0x0C,0x00,0x0C,0x00,0x00,0x00,0x00,0x00,0x00,0x00,0x00,0x00,0x00,0x00,0x00,0x00},
    {0x00,0x00,0x00,0x00,0x00,0x00,0x00,0x00,0x00,0x00,0x00,0x00,0x03,0x00,0x00,0x60,0x03,0xFF,0xFF,0xF0,0x03,0xFF,0xFF,0xF0,0x03,0x00,0x00,0x70,0x03,0x00,0x00,0x70,0x03,0xFF,0xFF,0xF0,0x03,0xFF,0xFF,0xE0,0x03,0x07,0x06,0x00,0x03,0x3F,0xFF,0xE0,0x03,0x7F,0xFF,0xE0,0x03,0x76,0x77,0xE0,0x07,0x76,0x67,0x60,0x07,0x77,0x66,0x60,0x07,0x77,0x7E,0x60,0x07,0x7F,0xFF,0xE0,0x07,0x3F,0xFF,0xE0,0x06,0x18,0x00,0xC0,0x06,0x3F,0xFF,0xC0,0x06,0x3F,0xFF,0xC0,0x0E,0x38,0x00,0xC0,0x0E,0x3F,0xFF,0xC0,0x0C,0x3F,0xFF,0xC0,0x1C,0x38,0x00,0xC0,0x1C,0x3F,0xFF,0xC0,0x18,0x3F,0xFF,0xC0,0x00,0x30,0x00,0xC0,0x00,0x00,0x00,0x00,0x00,0x00,0x00,0x00,0x00,0x00,0x00,0x00},
    {0x00,0x00,0x00,0x00,0x00,0x00,0x00,0x00,0x00,0x00,0x00,0x00,0x00,0xC0,0x00,0x00,0x01,0xC7,0xFF,0xC0,0x01,0xC7,0xFF,0xC0,0x03,0x81,0xC1,0xC0,0x03,0x98,0xC1,0xC0,0x07,0x38,0xC1,0xC0,0x07,0x38,0xC1,0x80,0x0E,0x70,0xC3,0x80,0x1F,0xF0,0xC3,0xA0,0x0F,0xE1,0xFF,0xF0,0x01,0xC1,0xFF,0xF0,0x01,0xB1,0xF0,0x70,0x03,0xB9,0xF0,0x70,0x07,0x39,0xF0,0x60,0x0F,0xF9,0xB8,0xE0,0x0F,0xFD,0xB8,0xE0,0x0E,0x0B,0x9D,0xC0,0x00,0x1B,0x9F,0xC0,0x0E,0xDF,0x0F,0x80,0x0C,0xDF,0x0F,0x00,0x0C,0xDF,0x0F,0x80,0x0C,0xCE,0x3F,0xC0,0x0C,0xDE,0x7D,0xF0,0x1C,0xFC,0xF0,0xF8,0x18,0x18,0xE0,0x30,0x00,0x08,0x00,0x00,0x00,0x00,0x00,0x00,0x00,0x00,0x00,0x00,0x00,0x00,0x00,0x00},
    {0x00,0x00,0x00,0x00,0x00,0x00,0x00,0x00,0x00,0x00,0x00,0x00,0x00,0x60,0x00,0x00,0x00,0xFF,0xFF,0xC0,0x00,0xFF,0xFF,0xC0,0x00,0xE0,0x00,0x00,0x00,0xE0,0x00,0x00,0x00,0xFF,0xFF,0x00,0x00,0xFF,0xFF,0x00,0x00,0xE0,0x00,0x00,0x00,0xE0,0x00,0x00,0x00,0xFF,0xFF,0x00,0x00,0xFF,0xFF,0x00,0x00,0xE0,0x00,0x00,0x00,0xE0,0x00,0x00,0x0F,0xFF,0xFF,0xF0,0x0F,0xFF,0xFF,0xF0,0x01,0xC0,0xC0,0xC0,0x00,0xC0,0xC0,0xC0,0x00,0xC0,0xE3,0xC0,0x00,0xC0,0x77,0x80,0x00,0xC0,0x7F,0x00,0x00,0xC0,0x3E,0x00,0x00,0xC1,0x9F,0x00,0x00,0xCF,0xCF,0xC0,0x01,0xFF,0x83,0xF8,0x01,0xFC,0x00,0xF8,0x00,0x80,0x00,0x10,0x00,0x00,0x00,0x00,0x00,0x00,0x00,0x00,0x00,0x00,0x00,0x00},
    {0x00,0x00,0x00,0x00,0x00,0x00,0x00,0x00,0x00,0x00,0x00,0x00,0x01,0xC0,0x01,0xC0,0x01,0xC0,0x81,0xC0,0x01,0xC1,0xC1,0xC0,0x01,0xC1,0xF1,0xC0,0x01,0xC0,0x79,0xC0,0x0F,0xFC,0x3D,0xC0,0x1F,0xF8,0x1D,0xC0,0x01,0xC0,0x09,0xC0,0x01,0xC3,0x81,0xC0,0x01,0xC3,0xC1,0xC0,0x01,0xC1,0xE1,0xC0,0x01,0xDC,0xF1,0xC0,0x01,0xFC,0x79,0xC0,0x03,0xF8,0x39,0xC0,0x1F,0xE0,0x01,0xC0,0x1F,0xC0,0x01,0xF8,0x19,0xC0,0x1F,0xF8,0x01,0xC7,0xFF,0xF8,0x01,0xC7,0xFD,0xC0,0x01,0xC7,0x01,0xC0,0x01,0xC0,0x01,0xC0,0x01,0xC0,0x01,0xC0,0x01,0xC0,0x01,0xC0,0x0F,0xC0,0x01,0xC0,0x0F,0x80,0x01,0xC0,0x00,0x00,0x01,0x80,0x00,0x00,0x00,0x00,0x00,0x00,0x00,0x00,0x00,0x00,0x00,0x00},
    {0x00,0x00,0x00,0x00,0x00,0x00,0x00,0x00,0x00,0x00,0x00,0x00,0x01,0xC0,0x00,0x00,0x01,0xC3,0xFF,0xC0,0x01,0xC3,0xFF,0xC0,0x01,0xC3,0x80,0xC0,0x01,0xC3,0x80,0xC0,0x0F,0xFB,0x80,0xC0,0x0F,0xFB,0xFF,0xC0,0x03,0xC3,0xFF,0xC0,0x01,0xC3,0x80,0xC0,0x03,0xC3,0x80,0xC0,0x03,0xE3,0x80,0xC0,0x03,0xF3,0xFF,0xC0,0x07,0xFB,0xFF,0xC0,0x0F,0xDB,0x80,0x00,0x0F,0xDB,0x84,0x30,0x1D,0xCB,0x8C,0x70,0x1D,0xC3,0x8E,0xF0,0x19,0xC3,0x87,0xE0,0x11,0xC3,0x87,0x80,0x01,0xC3,0x83,0x80,0x01,0xC3,0x8B,0xC0,0x01,0xC3,0xB9,0xE0,0x01,0xC3,0xFC,0xF0,0x01,0xC3,0xF0,0x78,0x01,0xC3,0x80,0x38,0x01,0x80,0x00,0x00,0x00,0x00,0x00,0x00,0x00,0x00,0x00,0x00,0x00,0x00,0x00,0x00},
    {0x00,0x00,0x00,0x00,0x00,0x00,0x00,0x00,0x00,0x00,0x00,0x00,0x01,0xC0,0x00,0x00,0x03,0x80,0x00,0x00,0x03,0xFF,0xFF,0xE0,0x07,0xFF,0xFF,0xE0,0x0F,0xFF,0xFF,0xE0,0x1E,0x00,0x00,0x00,0x0D,0xCE,0x31,0x80,0x01,0xCE,0x31,0x80,0x01,0xCE,0x31,0x80,0x0F,0xFF,0xFF,0xF0,0x0F,0xFF,0xFF,0xF0,0x01,0xCE,0x7B,0xC0,0x01,0xCE,0x31,0x80,0x01,0xCE,0x31,0x80,0x01,0xCE,0x31,0x80,0x01,0xCE,0x7B,0xC0,0x0F,0xFF,0xFF,0xF0,0x0F,0xFF,0xFF,0xF0,0x00,0x00,0x00,0x80,0x01,0x8C,0x31,0xC0,0x03,0x9C,0x31,0xC0,0x03,0x8C,0x38,0xE0,0x07,0x0E,0x38,0x70,0x0F,0x0E,0x18,0x70,0x0E,0x0E,0x1C,0x38,0x04,0x04,0x00,0x20,0x00,0x00,0x00,0x00,0x00,0x00,0x00,0x00,0x00,0x00,0x00,0x00},
    {0x00,0x00,0x00,0x00,0x00,0x00,0x00,0x00,0x00,0x00,0x00,0x00,0x03,0x80,0x0C,0x00,0x03,0x80,0x0C,0x00,0x03,0x83,0x0C,0x00,0x03,0x83,0x8C,0x00,0x03,0x83,0x8C,0x10,0x03,0x83,0x8D,0xF0,0x03,0x83,0x9F,0xF0,0x1F,0xF3,0xFF,0xF0,0x1F,0xFF,0xFC,0x60,0x03,0xCF,0xDC,0x60,0x03,0x87,0x8C,0x60,0x03,0x83,0x8C,0x60,0x03,0x83,0x8C,0x60,0x03,0x83,0x8C,0xE0,0x03,0x83,0x8C,0xE0,0x03,0x83,0x8C,0xC0,0x03,0x83,0x8C,0x00,0x03,0xB3,0x8C,0x00,0x03,0xF3,0x8C,0x10,0x0F,0xF3,0x8C,0x18,0x1F,0xC3,0x80,0x18,0x1E,0x03,0x80,0x38,0x00,0x03,0x80,0x38,0x00,0x03,0xFF,0xF0,0x00,0x01,0xFF,0xF0,0x00,0x00,0x00,0x00,0x00,0x00,0x00,0x00,0x00,0x00,0x00,0x00,0x00,0x00,0x00,0x00},
    {0x00,0x00,0x00,0x00,0x00,0x00,0x00,0x00,0x00,0x00,0x00,0x00,0x06,0x06,0x00,0x60,0x0F,0x0F,0xFF,0xF0,0x07,0x8F,0xFF,0xF0,0x03,0xCE,0x18,0x30,0x01,0xCE,0x18,0x70,0x00,0x8F,0xFF,0xF0,0x00,0x8F,0xFF,0xF0,0x1F,0xCE,0x18,0x70,0x1F,0xCE,0x18,0x70,0x01,0xCF,0xFF,0xF0,0x03,0x8F,0xFF,0xF0,0x07,0x0E,0x00,0x30,0x0F,0x0E,0xFF,0x30,0x0F,0xCE,0xFF,0x30,0x0F,0xEC,0xC3,0x30,0x00,0xCC,0xC3,0x30,0x00,0xCC,0xFF,0x30,0x01,0xDC,0xFF,0x30,0x01,0xDC,0x42,0x70,0x03,0x9C,0x03,0xF0,0x07,0xD8,0x03,0xF0,0x0F,0xE8,0x03,0xE0,0x0E,0xF8,0x00,0x00,0x1C,0x3F,0xFF,0xF8,0x1C,0x1F,0xFF,0xF8,0x00,0x00,0x00,0x00,0x00,0x00,0x00,0x00,0x00,0x00,0x00,0x00,0x00,0x00,0x00,0x00},
    {0x00,0x00,0x00,0x00,0x00,0x00,0x00,0x00,0x00,0x00,0x00,0x00,0x00,0xC0,0x01,0x00,0x01,0xFF,0xFF,0x80,0x01,0xFF,0xFF,0x80,0x01,0xC0,0x03,0x80,0x01,0xC0,0x01,0x80,0x01,0xC0,0x01,0x80,0x01,0xC0,0x01,0x80,0x01,0xC0,0x01,0x80,0x01,0xC0,0x01,0x80,0x01,0xC0,0x01,0x80,0x01,0xC0,0x03,0x80,0x01,0xFF,0xFF,0x80,0x01,0xFF,0xFF,0x80,0x01,0xC0,0x01,0x80,0x01,0xC0,0x01,0x80,0x01,0xC0,0x01,0x80,0x01,0xC0,0x01,0x80,0x01,0xC0,0x01,0x80,0x01,0xC0,0x01,0x80,0x01,0xC0,0x01,0x80,0x01,0xC0,0x01,0x80,0x01,0xFF,0xFF,0x80,0x01,0xFF,0xFF,0x80,0x01,0xC0,0x03,0x80,0x01,0xC0,0x01,0x80,0x00,0x80,0x01,0x80,0x00,0x00,0x00,0x00,0x00,0x00,0x00,0x00,0x00,0x00,0x00,0x00},
    {0x00,0x00,0x00,0x00,0x00,0x00,0x00,0x00,0x00,0x00,0x00,0x00,0x00,0x00,0x00,0x00,0x00,0x00,0x00,0x00,0x00,0x00,0x00,0x00,0x00,0x00,0x00,0x00,0x00,0x00,0x00,0x00,0x00,0x00,0x00,0x00,0x00,0x00,0x00,0x00,0x00,0x00,0x00,0x00,0x00,0x00,0x00,0x00,0x00,0x00,0x00,0x00,0x00,0x00,0x00,0x00,0x1F,0xFF,0xFF,0xF8,0x1F,0xFF,0xFF,0xF8,0x0F,0xFF,0xFF,0xF0,0x00,0x00,0x00,0x00,0x00,0x00,0x00,0x00,0x00,0x00,0x00,0x00,0x00,0x00,0x00,0x00,0x00,0x00,0x00,0x00,0x00,0x00,0x00,0x00,0x00,0x00,0x00,0x00,0x00,0x00,0x00,0x00,0x00,0x00,0x00,0x00,0x00,0x00,0x00,0x00,0x00,0x00,0x00,0x00,0x00,0x00,0x00,0x00,0x00,0x00,0x00,0x00,0x00,0x00,0x00,0x00,0x00,0x00,0x00,0x00},
    {0x00,0x00,0x00,0x00,0x00,0x00,0x00,0x00,0x00,0x00,0x00,0x00,0x00,0x00,0x00,0x00,0x00,0x00,0x00,0x00,0x00,0x00,0x00,0x00,0x03,0xFF,0xFF,0xC0,0x03,0xFF,0xFF,0xC0,0x00,0x00,0x00,0x00,0x00,0x00,0x00,0x00,0x00,0x00,0x00,0x00,0x00,0x00,0x00,0x00,0x00,0x00,0x00,0x00,0x00,0x00,0x00,0x00,0x00,0x00,0x00,0x00,0x00,0x00,0x00,0x00,0x00,0x00,0x00,0x00,0x00,0x00,0x00,0x00,0x00,0x00,0x00,0x00,0x00,0x00,0x00,0x00,0x00,0x00,0x00,0x00,0x00,0x00,0x00,0x00,0x00,0x00,0x00,0x00,0x1F,0xFF,0xFF,0xF0,0x1F,0xFF,0xFF,0xF8,0x1F,0xFF,0xFF,0xF8,0x00,0x00,0x00,0x00,0x00,0x00,0x00,0x00,0x00,0x00,0x00,0x00,0x00,0x00,0x00,0x00,0x00,0x00,0x00,0x00,0x00,0x00,0x00,0x00},
    {0x00,0x00,0x00,0x00,0x00,0x00,0x00,0x00,0x00,0x00,0x00,0x00,0x00,0x00,0x00,0x00,0x00,0x00,0x00,0x00,0x07,0xFF,0xFF,0xE0,0x07,0xFF,0xFF,0xE0,0x00,0x00,0x00,0x00,0x00,0x00,0x00,0x00,0x00,0x00,0x00,0x00,0x00,0x00,0x00,0x00,0x00,0x00,0x00,0x00,0x00,0x00,0x00,0x00,0x00,0x00,0x00,0x00,0x01,0xFF,0xFF,0x00,0x01,0xFF,0xFF,0x80,0x01,0xFF,0xFF,0x80,0x00,0x00,0x00,0x00,0x00,0x00,0x00,0x00,0x00,0x00,0x00,0x00,0x00,0x00,0x00,0x00,0x00,0x00,0x00,0x00,0x00,0x00,0x00,0x00,0x00,0x00,0x00,0x00,0x00,0x00,0x00,0x00,0x1F,0xFF,0xFF,0xF8,0x1F,0xFF,0xFF,0xF8,0x00,0x00,0x00,0x00,0x00,0x00,0x00,0x00,0x00,0x00,0x00,0x00,0x00,0x00,0x00,0x00,0x00,0x00,0x00,0x00},
    {0x00,0x00,0x00,0x00,0x00,0x00,0x00,0x00,0x00,0x00,0x00,0x00,0x00,0x00,0x00,0x00,0x07,0xFF,0xFF,0xF0,0x0F,0xFF,0xFF,0xF0,0x0F,0xFF,0xFF,0xF0,0x0E,0x0C,0x30,0x70,0x0E,0x0C,0x30,0x70,0x0E,0x0C,0x30,0x70,0x0E,0x0C,0x30,0x70,0x0E,0x0C,0x30,0x70,0x0E,0x1C,0x30,0x70,0x0E,0x1C,0x30,0x70,0x0E,0x1C,0x30,0x70,0x0E,0x18,0x30,0x70,0x0E,0x38,0x30,0x70,0x0E,0x78,0x38,0x70,0x0E,0xF0,0x3F,0xF0,0x0F,0xE0,0x1F,0xF0,0x0E,0xC0,0x00,0x70,0x0E,0x00,0x00,0x70,0x0E,0x00,0x00,0x70,0x0E,0x00,0x00,0x70,0x0F,0xFF,0xFF,0xF0,0x0F,0xFF,0xFF,0xF0,0x0F,0xFF,0xFF,0xF0,0x0E,0x00,0x00,0x70,0x00,0x00,0x00,0x00,0x00,0x00,0x00,0x00,0x00,0x00,0x00,0x00,0x00,0x00,0x00,0x00},
    {0x00,0x00,0x00,0x00,0x00,0x00,0x00,0x00,0x00,0x00,0x00,0x00,0x00,0x00,0x00,0x00,0x07,0xFF,0xFF,0xE0,0x0F,0xFF,0xFF,0xF0,0x07,0xFF,0xFF,0xE0,0x00,0x07,0x00,0x00,0x00,0x07,0x00,0x00,0x00,0x07,0x00,0x00,0x00,0x06,0x00,0x00,0x00,0x0E,0x00,0x00,0x00,0x0E,0x00,0x00,0x03,0xFF,0xFF,0x00,0x03,0xFF,0xFF,0x00,0x00,0x1E,0x07,0x00,0x00,0x1C,0x03,0x00,0x00,0x1C,0x03,0x00,0x00,0x1C,0x03,0x00,0x00,0x18,0x03,0x00,0x00,0x18,0x03,0x00,0x00,0x38,0x03,0x00,0x00,0x38,0x03,0x00,0x00,0x38,0x03,0x00,0x00,0x30,0x03,0x00,0x1F,0xFF,0xFF,0xF8,0x1F,0xFF,0xFF,0xF8,0x0F,0xFF,0xFF,0xF0,0x00,0x00,0x00,0x00,0x00,0x00,0x00,0x00,0x00,0x00,0x00,0x00,0x00,0x00,0x00,0x00},
    {0x00,0x00,0x00,0x00,0x00,0x00,0x00,0x00,0x00,0x00,0x00,0x00,0x00,0x0E,0x00,0x00,0x00,0x0F,0x00,0x00,0x00,0x07,0x80,0x00,0x00,0x03,0xC0,0x00,0x00,0x01,0xE0,0x00,0x00,0x00,0xE0,0x00,0x00,0x00,0x00,0x00,0x0F,0xFF,0xFF,0xF8,0x1F,0xFF,0xFF,0xF8,0x0F,0xFF,0xFF,0xF0,0x00,0x00,0x00,0x00,0x00,0x00,0x00,0x00,0x00,0x18,0x18,0x00,0x00,0x38,0x1C,0x00,0x00,0x38,0x1E,0x00,0x00,0x70,0x0F,0x00,0x00,0x70,0x07,0x00,0x00,0xE0,0x07,0x80,0x00,0xE0,0x03,0x80,0x01,0xC0,0x01,0xC0,0x03,0xC0,0x01,0xE0,0x07,0x80,0x00,0xE0,0x0F,0x00,0x00,0xF0,0x1E,0x00,0x00,0x70,0x0C,0x00,0x00,0x30,0x00,0x00,0x00,0x00,0x00,0x00,0x00,0x00,0x00,0x00,0x00,0x00,0x00,0x00,0x00,0x00},
    {0x00,0x00,0x00,0x00,0x00,0x00,0x00,0x00,0x00,0x00,0x00,0x00,0x00,0x20,0x01,0x00,0x00,0xFF,0xFF,0x80,0x00,0xFF,0xFF,0x80,0x00,0xE0,0x03,0x80,0x00,0xE0,0x01,0x80,0x00,0xE0,0x01,0x80,0x00,0xE0,0x01,0x80,0x00,0xF0,0x03,0x80,0x00,0xFF,0xFF,0x80,0x00,0xFF,0xFF,0x80,0x00,0xE0,0x01,0x80,0x00,0xE0,0x01,0x80,0x00,0xE0,0x01,0x80,0x00,0xE0,0x01,0x80,0x00,0xFF,0xFF,0x80,0x00,0xFF,0xFF,0x80,0x00,0xFF,0xFF,0x80,0x00,0xE0,0x01,0x80,0x00,0xE0,0x01,0x80,0x00,0xC0,0x01,0x80,0x01,0xC0,0x01,0x80,0x01,0xC0,0x01,0x80,0x03,0x80,0x03,0x80,0x03,0x80,0x3F,0x80,0x03,0x00,0x3F,0x80,0x01,0x00,0x00,0x00,0x00,0x00,0x00,0x00,0x00,0x00,0x00,0x00,0x00,0x00,0x00,0x00},
    {0x00,0x00,0x00,0x00,0x00,0x00,0x00,0x00,0x00,0x00,0x00,0x00,0x03,0x80,0x1C,0x00,0x03,0xFF,0x9C,0x00,0x07,0xFF,0xBF,0xF8,0x0F,0x00,0x3F,0xF8,0x1F,0xFF,0x78,0xE0,0x0F,0xFF,0xF0,0xC0,0x06,0x73,0x79,0xC0,0x1F,0xFF,0xDF,0x80,0x1F,0xFF,0x8F,0x80,0x06,0x77,0x0F,0x80,0x07,0xFF,0x1F,0xE0,0x0F,0xFF,0xFD,0xF8,0x00,0x3E,0x70,0x78,0x00,0x3E,0x08,0x10,0x00,0x7C,0x3C,0x00,0x01,0xFF,0xF0,0x00,0x01,0xFF,0xC7,0x00,0x00,0x3F,0x07,0x80,0x03,0xFE,0x7F,0xC0,0x07,0xFF,0xFF,0xF0,0x03,0xF3,0xC0,0x70,0x00,0x71,0x8E,0x20,0x01,0xF1,0x9F,0xC0,0x0F,0xC1,0x83,0xF0,0x0F,0x0F,0x80,0xF0,0x00,0x0F,0x00,0x00,0x00,0x00,0x00,0x00,0x00,0x00,0x00,0x00,0x00,0x00,0x00,0x00},
    {0x00,0x00,0x00,0x00,0x00,0x00,0x00,0x00,0x00,0x02,0x00,0x00,0x00,0x07,0x00,0x00,0x00,0x07,0x00,0x00,0x00,0x03,0x80,0x00,0x00,0x03,0x80,0x00,0x0F,0xFF,0xFF,0xF0,0x0F,0xFF,0xFF,0xF0,0x0F,0xFF,0xFF,0xF0,0x00,0xE0,0x07,0x00,0x00,0x60,0x06,0x00,0x00,0x70,0x0E,0x00,0x00,0x70,0x0E,0x00,0x00,0x38,0x1C,0x00,0x00,0x38,0x1C,0x00,0x00,0x1C,0x38,0x00,0x00,0x0E,0x70,0x00,0x00,0x0F,0xF0,0x00,0x00,0x07,0xE0,0x00,0x00,0x03,0xC0,0x00,0x00,0x07,0xE0,0x00,0x00,0x0F,0xF8,0x00,0x00,0x3E,0x7C,0x00,0x00,0xFC,0x1F,0x00,0x03,0xF0,0x0F,0xC0,0x1F,0xC0,0x03,0xF8,0x1F,0x00,0x00,0xF8,0x08,0x00,0x00,0x10,0x00,0x00,0x00,0x00,0x00,0x00,0x00,0x00,0x00,0x00,0x00,0x00},
    {0x00,0x00,0x00,0x00,0x00,0x00,0x00,0x00,0x00,0x00,0x00,0x00,0x00,0xE0,0x00,0x00,0x00,0xE0,0x00,0x00,0x01,0xE0,0x00,0x00,0x01,0xFF,0xFF,0xF0,0x03,0xFF,0xFF,0xF0,0x03,0x80,0xE0,0x00,0x07,0x00,0xE0,0x00,0x0E,0x00,0xE0,0x00,0x1C,0x00,0xE0,0x00,0x0C,0xFF,0xFF,0xC0,0x00,0xFF,0xFF,0xE0,0x00,0xFF,0xFF,0xC0,0x00,0xE0,0xE0,0x00,0x00,0xE0,0xE0,0x00,0x00,0xE0,0xE0,0x00,0x00,0xE0,0xE0,0x00,0x00,0xE0,0xE0,0x00,0x1F,0xFF,0xFF,0xF0,0x1F,0xFF,0xFF,0xF8,0x0F,0xFF,0xFF,0xF0,0x00,0x00,0xE0,0x00,0x00,0x00,0xE0,0x00,0x00,0x00,0xE0,0x00,0x00,0x00,0xE0,0x00,0x00,0x00,0xE0,0x00,0x00,0x00,0xE0,0x00,0x00,0x00,0x00,0x00,0x00,0x00,0x00,0x00,0x00,0x00,0x00,0x00},
};

const display_cjk_font_t font_zh_hant = {
    .glyphs = zh_hant_glyphs,
    .glyphs_2x = zh_hant_glyphs_2x,
    .count = sizeof(zh_hant_glyphs) / sizeof(zh_hant_glyphs[0]),
    .glyph_width = 16,
};
static const uint8_t ko_glyphs[][DISPLAY_CJK_GLYPH_BYTES] = {
    {0x00,0x00,0x00,0x10,0x0C,0x30,0x0C,0x30,0x0C,0xF0,0x1E,0x30,0x33,0xB0,0x61,0x30,0x0F,0xF0,0x0F,0xF0,0x0F,0xF0,0x1F,0xF0,0x18,0x00,0x1F,0xF0,0x00,0x00,0x00,0x00},
    {0x00,0x00,0x00,0x10,0x3F,0x30,0x3F,0x30,0x0C,0x30,0x0E,0xF0,0x1F,0x30,0x33,0xB0,0x60,0xB0,0x0F,0xE0,0x1C,0x70,0x18,0x30,0x1E,0xF0,0x07,0xC0,0x00,0x00,0x00,0x00},
    {0x00,0x00,0x00,0x10,0x04,0x30,0x04,0x30,0x0C,0x30,0x0C,0x30,0x0C,0x30,0x0E,0x30,0x1B,0x30,0x33,0xB0,0x61,0xB0,0x00,0x30,0x00,0x30,0x00,0x30,0x00,0x00,0x00,0x00},
    {0x00,0x00,0x00,0x20,0x3E,0x20,0x3F,0x20,0x02,0x20,0x06,0x38,0x0C,0x38,0x1C,0x20,0x70,0x20,0x10,0x20,0x18,0x20,0x18,0x00,0x1F,0xE0,0x1F,0xE0,0x00,0x00,0x00,0x00},
    {0x00,0x00,0x00,0x10,0x00,0x90,0x3E,0x90,0x20,0x90,0x20,0x90,0x20,0xF0,0x20,0xF0,0x20,0x90,0x3F,0x90,0x3E,0x90,0x00,0x90,0x00,0x90,0x00,0x10,0x00,0x00,0x00,0x00},
    {0x00,0x00,0x00,0x20,0x23,0x20,0x23,0x20,0x3F,0x38,0x23,0x38,0x33,0x20,0x3F,0x20,0x00,0x20,0x3F,0xE0,0x06,0x20,0x3E,0x20,0x33,0x20,0x1F,0x20,0x00,0x00,0x00,0x00},
    {0x00,0x00,0x00,0x10,0x00,0x30,0x3F,0x30,0x03,0x30,0x03,0x30,0x02,0x30,0x06,0x30,0x0C,0x30,0x18,0x30,0x30,0x30,0x00,0x30,0x00,0x30,0x00,0x30,0x00,0x00,0x00,0x00},
    {0x00,0x00,0x00,0x20,0x3F,0x20,0x19,0xA0,0x19,0x38,0x1B,0x38,0x33,0x20,0x66,0x20,0x04,0x20,0x1F,0xE0,0x18,0x60,0x18,0x20,0x1F,0xE0,0x1F,0xE0,0x00,0x00,0x00,0x00},
    {0x00,0x00,0x00,0x20,0x23,0x20,0x23,0x20,0x3F,0x30,0x33,0x38,0x23,0x20,0x3F,0x20,0x00,0x20,0x1F,0xE0,0x1F,0xE0,0x00,0x20,0x00,0x20,0x00,0x20,0x00,0x00,0x00,0x00},
    {0x00,0x00,0x00,0x10,0x1E,0x30,0x3F,0x30,0x21,0x30,0x21,0x30,0x33,0x30,0x1E,0x30,0x00,0x30,0x1F,0xF0,0x18,0x30,0x18,0x30,0x1F,0xF0,0x0F,0xF0,0x00,0x00,0x00,0x00},
    {0x00,0x00,0x00,0x00,0x1F,0xE0,0x1F,0xE0,0x10,0x00,0x10,0x00,0x10,0x00,0x1F,0xE0,0x1F,0xE0,0x03,0x00,0x03,0x00,0x7F,0xF8,0x00,0x00,0x00,0x00,0x00,0x00,0x00,0x00},
    {0x00,0x00,0x00,0x10,0x0F,0x30,0x00,0x30,0x3F,0xB0,0x0E,0x30,0x1F,0x30,0x31,0xB0,0x1F,0x30,0x0E,0x30,0x06,0xF0,0x7F,0xF0,0x00,0x30,0x00,0x30,0x00,0x00,0x00,0x00},
    {0x00,0x00,0x00,0x10,0x3F,0x30,0x3F,0x30,0x0C,0x30,0x0C,0xF0,0x1E,0x30,0x3B,0x30,0x71,0xB0,0x00,0x30,0x18,0x30,0x18,0x00,0x1F,0xF0,0x0F,0xF0,0x00,0x00,0x00,0x00},
    {0x00,0x00,0x00,0x00,0x10,0x20,0x10,0x20,0x1F,0xE0,0x1F,0xE0,0x10,0x20,0x10,0x20,0x1F,0xE0,0x03,0x00,0x03,0x00,0x7F,0xF8,0x00,0x00,0x00,0x00,0x00,0x00,0x00,0x00},
    {0x00,0x00,0x00,0x10,0x1C,0x30,0x3F,0x30,0x23,0x30,0x61,0xF0,0x23,0x30,0x3F,0x30,0x0C,0x30,0x08,0x30,0x18,0x30,0x18,0x00,0x1F,0xF0,0x0F,0xF0,0x00,0x00,0x00,0x00},
    {0x00,0x00,0x00,0x10,0x1C,0x30,0x3E,0x30,0x33,0x30,0x23,0x30,0x23,0xF0,0x23,0x30,0x23,0x30,0x37,0x30,0x1E,0x30,0x00,0x30,0x00,0x30,0x00,0x30,0x00,0x00,0x00,0x00},
    {0x00,0x00,0x00,0x20,0x1E,0x20,0x33,0x20,0x31,0x20,0x33,0x30,0x1F,0x38,0x0C,0x20,0x7F,0xE0,0x38,0x20,0x10,0x20,0x10,0x00,0x1F,0xE0,0x1F,0xE0,0x00,0x00,0x00,0x00},
    {0x00,0x00,0x00,0x00,0x1F,0xE0,0x1F,0xE0,0x00,0x20,0x1F,0xE0,0x10,0x00,0x10,0x00,0x1F,0xF0,0x0C,0xC0,0x0C,0xC0,0x7F,0xF8,0x00,0x00,0x00,0x00,0x00,0x00,0x00,0x00},
    {0x00,0x00,0x00,0x10,0x3F,0xB0,0x30,0x30,0x30,0x30,0x30,0x30,0x3F,0xB0,0x00,0x30,0x7F,0xF0,0x04,0x30,0x04,0x30,0x04,0x30,0x04,0x30,0x04,0x30,0x00,0x00,0x00,0x00},
    {0x00,0x00,0x00,0x00,0x1F,0xE0,0x1F,0xE0,0x00,0x20,0x1F,0xE0,0x1F,0xE0,0x10,0x00,0x1F,0xF0,0x03,0x00,0x03,0x00,0x7F,0xF8,0x00,0x00,0x00,0x00,0x00,0x00,0x00,0x00},
    {0x00,0x00,0x00,0x10,0x0E,0x30,0x1F,0xB0,0x3F,0xB0,0x0E,0x30,0x3B,0xB0,0x30,0xB0,0x7F,0xF0,0x3E,0x30,0x04,0x30,0x04,0x30,0x04,0x30,0x04,0x30,0x00,0x00,0x00,0x00},
    {0x00,0x00,0x00,0x00,0x01,0x00,0x03,0x00,0x03,0x00,0x07,0x80,0x0C,0xC0,0x38,0x70,0x23,0x10,0x03,0x00,0x03,0x00,0x7F,0xF8,0x00,0x00,0x00,0x00,0x00,0x00,0x00,0x00},
    {0x00,0x00,0x00,0x20,0x0C,0x20,0x0C,0x20,0x0C,0x20,0x1E,0x38,0x3F,0x20,0x73,0xA0,0x00,0x20,0x1F,0xE0,0x1F,0xE0,0x00,0x20,0x00,0x20,0x00,0x20,0x00,0x00,0x00,0x00},
    {0x00,0x00,0x00,0x10,0x00,0xD0,0x7F,0xD0,0x08,0xD0,0x08,0xD0,0x0F,0xD0,0x1C,0xD0,0x1E,0xD0,0x37,0xD0,0x63,0xD0,0x00,0xD0,0x00,0xD0,0x00,0x10,0x00,0x00,0x00,0x00},
    {0x00,0x00,0x00,0x10,0x0C,0x30,0x0C,0x30,0x0C,0x30,0x1E,0x30,0x3B,0xB0,0x61,0xB0,0x0F,0xE0,0x0F,0xF0,0x0F,0xF0,0x1F,0xE0,0x18,0x00,0x1F,0xF0,0x00,0x00,0x00,0x00},
    {0x00,0x00,0x00,0x10,0x1C,0xD0,0x1C,0xD0,0x7F,0xD0,0x1C,0xF0,0x3E,0xF0,0x32,0xD0,0x3E,0xD0,0x07,0xD0,0x0F,0xE0,0x18,0x30,0x0E,0xF0,0x07,0xE0,0x00,0x00,0x00,0x00},
    {0x00,0x00,0x00,0x00,0x3F,0xF0,0x03,0x80,0x07,0x80,0x3C,0xF0,0x30,0x10,0x7F,0xF8,0x03,0x00,0x0F,0xC0,0x1F,0xE0,0x10,0x30,0x1C,0xE0,0x0F,0xC0,0x00,0x00,0x00,0x00},
    {0x00,0x00,0x00,0x10,0x00,0x30,0x3F,0x30,0x03,0x30,0x03,0xF0,0x7E,0x30,0x06,0x30,0x0D,0xF0,0x18,0x30,0x70,0x30,0x20,0x30,0x00,0x30,0x00,0x30,0x00,0x00,0x00,0x00},
    {0x00,0x00,0x00,0x00,0x3F,0xB0,0x3F,0xB0,0x0C,0x30,0x0E,0x30,0x1F,0x30,0x31,0xB0,0x20,0x30,0x1F,0xF0,0x18,0x30,0x18,0x30,0x1F,0xF0,0x0F,0xF0,0x00,0x00,0x00,0x00},
    {0x00,0x00,0x00,0x10,0x00,0x30,0x3F,0xB0,0x09,0xB0,0x19,0x30,0x19,0xF0,0x13,0xF0,0x33,0x30,0x66,0x30,0x66,0x30,0x04,0x30,0x00,0x30,0x00,0x30,0x00,0x00,0x00,0x00},
    {0x00,0x00,0x00,0x20,0x0C,0x20,0x3E,0x20,0x33,0x20,0x23,0x20,0x21,0x38,0x23,0x38,0x23,0x20,0x33,0x20,0x1E,0x20,0x00,0x20,0x00,0x20,0x00,0x20,0x00,0x00,0x00,0x00},
    {0x00,0x00,0x00,0x20,0x00,0x30,0x30,0x30,0x30,0x30,0x30,0x30,0x30,0x30,0x30,0x30,0x30,0x30,0x33,0xB0,0x3F,0xB0,0x00,0x30,0x00,0x30,0x00,0x30,0x00,0x00,0x00,0x00},
    {0x00,0x00,0x00,0x00,0x07,0x80,0x1F,0xE0,0x10,0x20,0x30,0x30,0x10,0x30,0x1C,0xE0,0x0F,0xC0,0x03,0x00,0x03,0x00,0x7F,0xF8,0x00,0x00,0x00,0x00,0x00,0x00,0x00,0x00},
    {0x00,0x00,0x00,0x10,0x3F,0xB0,0x1B,0x30,0x13,0x30,0x1B,0x30,0x1F,0xB0,0x3F,0xB0,0x0F,0xF0,0x0F,0xF0,0x0F,0xF0,0x1F,0xF0,0x18,0x00,0x0F,0xF0,0x00,0x00,0x00,0x00},
    {0x00,0x00,0x00,0x00,0x03,0x00,0x03,0x00,0x07,0x80,0x0C,0xE0,0x38,0x70,0x00,0x00,0x3F,0xF8,0x3F,0xF0,0x03,0x00,0x03,0x00,0x03,0x00,0x03,0x00,0x00,0x00,0x00,0x00},
    {0x00,0x00,0x00,0x00,0x1F,0xE0,0x10,0x00,0x10,0x00,0x1F,0xE0,0x03,0x00,0x03,0x00,0x3F,0xF8,0x07,0x80,0x1F,0xE0,0x10,0x20,0x1C,0xE0,0x0F,0xC0,0x00,0x00,0x00,0x00},
    {0x00,0x00,0x00,0x20,0x1E,0x20,0x00,0x20,0x7F,0xA0,0x0E,0x20,0x3F,0x20,0x33,0x38,0x3F,0x20,0x1E,0x20,0x0D,0xE0,0x7F,0xE0,0x00,0x20,0x00,0x20,0x00,0x00,0x00,0x00},
    {0x00,0x00,0x00,0x10,0x3F,0xB0,0x30,0x30,0x30,0x30,0x3F,0xB0,0x1F,0xB0,0x1F,0xF0,0x7F,0xB0,0x0F,0xF0,0x1F,0xF0,0x18,0x30,0x1F,0xF0,0x1F,0xF0,0x00,0x00,0x00,0x00},
    {0x00,0x00,0x00,0x10,0x00,0x30,0x3F,0x30,0x21,0x30,0x21,0x30,0x21,0x30,0x21,0x30,0x21,0x30,0x33,0x30,0x3F,0x30,0x00,0x30,0x00,0x30,0x00,0x30,0x00,0x00,0x00,0x00},
    {0x00,0x00,0x00,0x20,0x1E,0x20,0x00,0x20,0x3F,0x20,0x3F,0x20,0x0C,0x38,0x0C,0x38,0x1E,0x20,0x1B,0x20,0x71,0xA0,0x00,0x20,0x00,0x20,0x00,0x20,0x00,0x00,0x00,0x00},
    {0x00,0x00,0x00,0x00,0x00,0x00,0x1F,0xE0,0x10,0x00,0x10,0x00,0x10,0x00,0x1F,0xE0,0x1F,0xE0,0x00,0x00,0x00,0x00,0x7F,0xF8,0x00,0x00,0x00,0x00,0x00,0x00,0x00,0x00},
    {0x00,0x00,0x00,0x10,0x1F,0x30,0x3F,0x30,0x01,0x30,0x01,0x30,0x3F,0x30,0x30,0x30,0x20,0x30,0x30,0xB0,0x3F,0xF0,0x00,0x30,0x00,0x30,0x00,0x30,0x00,0x00,0x00,0x00},
    {0x00,0x00,0x00,0x00,0x00,0x00,0x3F,0xF0,0x08,0x40,0x0C,0x40,0x0C,0xC0,0x0C,0xC0,0x3F,0xF0,0x00,0x00,0x00,0x00,0x7F,0xF8,0x00,0x00,0x00,0x00,0x00,0x00,0x00,0x00},
    {0x00,0x00,0x00,0x00,0x1F,0xE0,0x1F,0xE0,0x10,0x00,0x1F,0xE0,0x1F,0xE0,0x10,0x00,0x1F,0xE0,0x00,0x00,0x00,0x00,0x7F,0xF8,0x00,0x00,0x00,0x00,0x00,0x00,0x00,0x00},
    {0x00,0x00,0x00,0x10,0x3F,0x30,0x03,0x30,0x03,0x30,0x06,0xF0,0x0C,0x30,0x38,0x30,0x20,0x30,0x1F,0xF0,0x18,0x30,0x18,0x30,0x1F,0xF0,0x0F,0xF0,0x00,0x00,0x00,0x00},
    {0x00,0x00,0x00,0x10,0x08,0x90,0x08,0x90,0x0C,0xF0,0x1C,0xF0,0x3E,0x90,0x73,0x90,0x20,0x90,0x0F,0xF0,0x0F,0xF0,0x00,0x10,0x00,0x10,0x00,0x10,0x00,0x00,0x00,0x00},
    {0x00,0x00,0x00,0x10,0x00,0xD0,0x7F,0xD0,0x36,0xD0,0x36,0xD0,0x36,0xF0,0x36,0xF0,0x14,0xD0,0x3F,0xD0,0x7F,0xD0,0x00,0xD0,0x00,0xD0,0x00,0x10,0x00,0x00,0x00,0x00},
    {0x00,0x00,0x00,0x10,0x3E,0x90,0x30,0x90,0x3E,0xF0,0x3E,0xF0,0x30,0x90,0x3F,0x90,0x00,0x10,0x08,0x10,0x0F,0xF0,0x0C,0x30,0x0F,0xF0,0x0F,0xF0,0x00,0x00,0x00,0x00},
    {0x00,0x00,0x00,0x20,0x1E,0x20,0x00,0x20,0x7F,0xA0,0x3F,0xA0,0x1E,0x30,0x3F,0x38,0x33,0x20,0x33,0x20,0x1F,0x20,0x00,0x20,0x00,0x20,0x00,0x20,0x00,0x00,0x00,0x00},
    {0x00,0x00,0x00,0x10,0x1C,0x30,0x3E,0x30,0x33,0xF0,0x23,0x30,0x63,0x30,0x63,0x30,0x23,0xF0,0x36,0x30,0x1E,0x30,0x00,0x30,0x00,0x30,0x00,0x30,0x00,0x00,0x00,0x00},
    {0x00,0x00,0x00,0x10,0x00,0xD0,0x7F,0xD0,0x08,0xD0,0x08,0xD0,0x0C,0xF0,0x1C,0xF0,0x1E,0xD0,0x37,0xD0,0x63,0xD0,0x00,0xD0,0x00,0xD0,0x00,0x10,0x00,0x00,0x00,0x00},
    {0x00,0x00,0x00,0x10,0x00,0xD0,0x20,0xD0,0x20,0xD0,0x20,0xD0,0x27,0xD0,0x20,0xD0,0x20,0xD0,0x3F,0xD0,0x3E,0xD0,0x00,0xD0,0x00,0xD0,0x00,0x10,0x00,0x00,0x00,0x00},
    {0x00,0x00,0x00,0x10,0x1F,0x30,0x3B,0xB0,0x31,0xB0,0x31,0xB0,0x1F,0x30,0x04,0x30,0x7F,0xF0,0x0C,0x30,0x04,0xF0,0x04,0x30,0x04,0x30,0x04,0x30,0x00,0x00,0x00,0x00},
    {0x00,0x00,0x00,0x00,0x00,0x00,0x1F,0xE0,0x00,0x20,0x00,0x20,0x1F,0xE0,0x3F,0xE0,0x00,0x20,0x00,0x60,0x00,0x20,0x7F,0xF8,0x00,0x00,0x00,0x00,0x00,0x00,0x00,0x00},
    {0x00,0x00,0x00,0x10,0x0C,0x30,0x0C,0x30,0x0C,0xF0,0x0C,0xF0,0x1E,0x30,0x33,0xB0,0x61,0xB0,0x08,0x30,0x18,0x00,0x18,0x00,0x1F,0xF0,0x0F,0xF0,0x00,0x00,0x00,0x00},
    {0x00,0x00,0x00,0x10,0x3E,0x90,0x3E,0x90,0x30,0xF0,0x3E,0xF0,0x20,0x90,0x3F,0x90,0x00,0x90,0x0F,0xF0,0x0F,0xF0,0x00,0x10,0x00,0x10,0x00,0x10,0x00,0x00,0x00,0x00},
    {0x00,0x00,0x00,0x10,0x1E,0x30,0x37,0x30,0x63,0xF0,0x63,0x70,0x37,0x30,0x1E,0x30,0x00,0x20,0x12,0x60,0x1E,0x60,0x1A,0x70,0x1F,0xF8,0x1F,0x98,0x00,0x00,0x00,0x00},
    {0x00,0x00,0x00,0x00,0x1F,0xE0,0x18,0x60,0x10,0x20,0x1F,0xE0,0x07,0x80,0x3F,0xF8,0x3F,0xF0,0x1F,0xE0,0x1F,0xE0,0x10,0x20,0x1F,0xE0,0x1F,0xE0,0x00,0x00,0x00,0x00},
    {0x00,0x00,0x00,0x10,0x21,0x30,0x21,0x30,0x21,0x30,0x33,0x30,0x3F,0x30,0x21,0x30,0x21,0x30,0x33,0x30,0x3F,0x30,0x00,0x30,0x00,0x30,0x00,0x30,0x00,0x00,0x00,0x00},
    {0x00,0x00,0x00,0x10,0x3F,0x30,0x33,0x30,0x21,0x30,0x21,0x30,0x3F,0x30,0x3F,0x30,0x0F,0xF0,0x0F,0xF0,0x0F,0xF0,0x1F,0xE0,0x18,0x00,0x0F,0xF0,0x00,0x00,0x00,0x00},
    {0x00,0x00,0x00,0x10,0x23,0x30,0x23,0x30,0x3F,0x30,0x3F,0xF0,0x23,0x30,0x33,0x30,0x3F,0x30,0x00,0x30,0x18,0x30,0x18,0x00,0x1F,0xF0,0x0F,0xF0,0x00,0x00,0x00,0x00},
    {0x00,0x00,0x00,0x00,0x07,0x80,0x00,0x00,0x3F,0xF0,0x07,0x80,0x1F,0xE0,0x18,0x60,0x1C,0x60,0x0F,0xC0,0x03,0x00,0x7F,0xF8,0x3F,0xF0,0x00,0x00,0x00,0x00,0x00,0x00},
    {0x00,0x00,0x00,0x10,0x1E,0x30,0x3F,0x30,0x21,0x30,0x21,0x30,0x33,0x30,0x1E,0x30,0x00,0x20,0x18,0x30,0x1F,0xF0,0x18,0x30,0x18,0x30,0x0F,0xF0,0x00,0x00,0x00,0x00},
    {0x00,0x00,0x00,0x10,0x3F,0x30,0x03,0xF0,0x03,0xF0,0x3F,0x30,0x20,0xF0,0x33,0x30,0x3F,0x30,0x00,0x30,0x1F,0xF0,0x00,0x30,0x00,0x30,0x00,0x30,0x00,0x00,0x00,0x00},
    {0x00,0x00,0x00,0x10,0x1C,0x30,0x3F,0xF0,0x23,0x30,0x61,0x30,0x23,0xF0,0x3F,0xF0,0x0C,0x30,0x00,0x30,0x18,0x00,0x18,0x00,0x1F,0xF0,0x0F,0xF0,0x00,0x00,0x00,0x00},
    {0x00,0x00,0x00,0x10,0x3F,0x30,0x03,0xF0,0x02,0x30,0x06,0xF0,0x1C,0xF0,0x38,0x30,0x1F,0xE0,0x0F,0xF0,0x0F,0xF0,0x1F,0xE0,0x18,0x00,0x0F,0xF0,0x00,0x00,0x00,0x00},
    {0x00,0x00,0x00,0x20,0x0C,0x20,0x0C,0x20,0x0C,0x20,0x1E,0x38,0x3F,0x20,0x73,0xA0,0x00,0x20,0x0F,0xE0,0x18,0x60,0x10,0x20,0x1C,0xE0,0x0F,0xC0,0x00,0x00,0x00,0x00},
    {0x00,0x00,0x00,0x00,0x1F,0xE0,0x00,0x20,0x00,0x20,0x02,0x20,0x02,0x20,0x7F,0xF8,0x3F,0xF0,0x0F,0xC0,0x1C,0xE0,0x30,0x30,0x1F,0xE0,0x0F,0xC0,0x00,0x00,0x00,0x00},
    {0x00,0x00,0x00,0x10,0x22,0x90,0x22,0x90,0x3E,0xF0,0x36,0xF0,0x22,0x90,0x3E,0x90,0x00,0x90,0x0F,0xF0,0x0F,0xF0,0x00,0x10,0x00,0x10,0x00,0x10,0x00,0x00,0x00,0x00},
    {0x00,0x00,0x00,0x10,0x21,0x30,0x23,0x30,0x23,0x30,0x33,0x30,0x3F,0xF0,0x23,0x30,0x23,0x30,0x33,0x30,0x3F,0x30,0x00,0x30,0x00,0x30,0x00,0x30,0x00,0x00,0x00,0x00},
    {0x00,0x00,0x00,0x10,0x3F,0x30,0x3F,0x30,0x12,0x30,0x12,0xF0,0x12,0x30,0x7F,0xB0,0x00,0x30,0x0F,0xF0,0x18,0x30,0x18,0x30,0x1F,0xF0,0x0F,0xF0,0x00,0x00,0x00,0x00},
    {0x00,0x00,0x00,0x10,0x1C,0xD0,0x3E,0xD0,0x22,0xD0,0x36,0xD0,0x3E,0xD0,0x09,0xD0,0x7F,0xD0,0x0B,0xD0,0x0B,0xD0,0x08,0xD0,0x08,0xD0,0x00,0x10,0x00,0x00,0x00,0x00},
    {0x00,0x00,0x00,0x10,0x00,0x90,0x3E,0x90,0x20,0x90,0x20,0x90,0x3E,0xF0,0x30,0xF0,0x20,0x90,0x33,0x90,0x3F,0x90,0x00,0x90,0x00,0x90,0x00,0x10,0x00,0x00,0x00,0x00},
    {0x00,0x00,0x00,0x10,0x1E,0x30,0x33,0x30,0x21,0x30,0x31,0x30,0x3F,0x30,0x0C,0x30,0x00,0x30,0x1F,0xF0,0x06,0x30,0x1E,0x30,0x19,0x30,0x1F,0x30,0x00,0x00,0x00,0x00},
    {0x00,0x00,0x00,0x10,0x1E,0x30,0x37,0x30,0x63,0xF0,0x63,0xF0,0x37,0x30,0x1E,0x30,0x00,0x30,0x18,0x30,0x1F,0xF0,0x18,0x30,0x18,0x30,0x0F,0xF0,0x00,0x00,0x00,0x00},
    {0x00,0x00,0x00,0x10,0x00,0xD0,0x3E,0xD0,0x20,0xD0,0x20,0xD0,0x27,0xD0,0x20,0xD0,0x20,0xD0,0x36,0xD0,0x3E,0xD0,0x00,0xD0,0x00,0xD0,0x00,0x10,0x00,0x00,0x00,0x00},
    {0x00,0x00,0x00,0x10,0x0C,0x30,0x1F,0x30,0x33,0x30,0x31,0x30,0x21,0x30,0x21,0x30,0x31,0x30,0x33,0x30,0x1E,0x30,0x00,0x30,0x00,0x30,0x00,0x30,0x00,0x00,0x00,0x00},
    {0x00,0x00,0x00,0x20,0x3F,0x20,0x3F,0x20,0x0C,0x20,0x0C,0x38,0x1E,0x20,0x73,0xA0,0x60,0x20,0x1F,0xE0,0x1F,0xE0,0x00,0x20,0x00,0x20,0x00,0x20,0x00,0x00,0x00,0x00},
    {0x00,0x00,0x00,0x10,0x00,0x30,0x0C,0x30,0x0C,0x30,0x0C,0x30,0x0D,0xF0,0x0E,0x30,0x1B,0x30,0x33,0xB0,0x61,0xB0,0x00,0x30,0x00,0x30,0x00,0x30,0x00,0x00,0x00,0x00},
    {0x00,0x00,0x00,0x10,0x08,0xD0,0x08,0xD0,0x0D,0xD0,0x1D,0xD0,0x1E,0xD0,0x33,0xD0,0x20,0x10,0x01,0x90,0x01,0x80,0x03,0xC0,0x0E,0x70,0x18,0x38,0x00,0x00,0x00,0x00},
    {0x00,0x00,0x00,0x10,0x22,0xD0,0x22,0xD0,0x3E,0xD0,0x3F,0xD0,0x22,0xD0,0x3E,0xD0,0x3E,0xD0,0x08,0xD0,0x08,0x10,0x08,0x00,0x0F,0xF0,0x0F,0xF0,0x00,0x00,0x00,0x00},
    {0x00,0x00,0x00,0x10,0x1E,0x30,0x00,0x30,0x3F,0xB0,0x3F,0xB0,0x0C,0x30,0x0E,0x30,0x0E,0x30,0x1B,0x30,0x31,0xB0,0x20,0x30,0x00,0x30,0x00,0x30,0x00,0x00,0x00,0x00},
    {0x00,0x00,0x00,0x20,0x00,0x20,0x3F,0x20,0x23,0x20,0x23,0x20,0x23,0x38,0x23,0x38,0x23,0x20,0x33,0x20,0x3F,0x20,0x00,0x20,0x00,0x20,0x00,0x20,0x00,0x00,0x00,0x00},
    {0x00,0x00,0x00,0x10,0x00,0x30,0x3F,0xB0,0x04,0x30,0x0C,0x30,0x0C,0x30,0x0E,0x30,0x1B,0x30,0x33,0xB0,0x60,0xB0,0x00,0x30,0x00,0x30,0x00,0x30,0x00,0x00,0x00,0x00},
    {0x00,0x00,0x00,0x00,0x1F,0xE0,0x10,0x00,0x1F,0xE0,0x10,0x00,0x1F,0xE0,0x03,0x00,0x7F,0xF8,0x07,0x80,0x1F,0xE0,0x10,0x20,0x1C,0xE0,0x0F,0xC0,0x00,0x00,0x00,0x00},
    {0x00,0x00,0x00,0x10,0x00,0xD0,0x3E,0xD0,0x06,0xD0,0x07,0xD0,0x04,0xD0,0x0C,0xD0,0x1B,0xD0,0x38,0xD0,0x60,0xD0,0x00,0xD0,0x00,0xD0,0x00,0x10,0x00,0x00,0x00,0x00},
    {0x00,0x00,0x07,0x80,0x07,0x80,0x1F,0xF0,0x1F,0xE0,0x07,0xC0,0x3C,0xF0,0x30,0x30,0x7F,0xF8,0x07,0x80,0x1F,0xE0,0x10,0x20,0x1C,0xE0,0x0F,0xC0,0x00,0x00,0x00,0x00},
    {0x00,0x00,0x00,0x10,0x3F,0x30,0x3F,0x30,0x03,0xF0,0x06,0x30,0x0C,0xF0,0x1C,0x30,0x30,0x30,0x0F,0xE0,0x1C,0x70,0x18,0x30,0x1E,0xF0,0x07,0xC0,0x00,0x00,0x00,0x00},
    {0x00,0x00,0x00,0x20,0x00,0x20,0x3F,0xA0,0x01,0x20,0x01,0x20,0x09,0x38,0x09,0x38,0x09,0x20,0x08,0x20,0x7F,0xE0,0x00,0x20,0x00,0x20,0x00,0x20,0x00,0x00,0x00,0x00},
    {0x00,0x00,0x00,0x10,0x3F,0x30,0x3F,0x30,0x20,0x30,0x20,0x30,0x3F,0xF0,0x20,0x30,0x20,0x30,0x20,0xB0,0x3F,0xB0,0x00,0x30,0x00,0x30,0x00,0x30,0x00,0x00,0x00,0x00},
    {0x00,0x00,0x00,0x00,0x1F,0xE0,0x00,0x20,0x1F,0xE0,0x18,0x00,0x18,0x00,0x1F,0xF0,0x00,0x00,0x7F,0xF8,0x03,0x00,0x03,0x00,0x03,0x00,0x03,0x00,0x00,0x00,0x00,0x00},
    {0x00,0x00,0x00,0x10,0x1E,0x30,0x3F,0xF0,0x23,0x30,0x63,0x30,0x33,0xF0,0x3E,0x30,0x00,0x30,0x1F,0xF0,0x00,0x30,0x00,0x30,0x00,0x30,0x00,0x30,0x00,0x00,0x00,0x00},
    {0x00,0x00,0x00,0x10,0x1E,0x30,0x33,0x30,0x21,0x30,0x33,0x30,0x3F,0x30,0x0C,0x30,0x1F,0xF0,0x00,0x30,0x0F,0xF0,0x1F,0xE0,0x18,0x00,0x0F,0xF0,0x00,0x00,0x00,0x00},
    {0x00,0x00,0x00,0x10,0x1F,0x30,0x31,0x30,0x33,0x30,0x1F,0x30,0x3F,0xF0,0x3D,0xF0,0x04,0xF0,0x1F,0xF0,0x0F,0xF0,0x1F,0xF0,0x18,0x00,0x1F,0xF0,0x00,0x00,0x00,0x00},
    {0x00,0x00,0x00,0x00,0x1F,0xE0,0x10,0x20,0x10,0x20,0x1F,0xE0,0x1F,0xE0,0x03,0x00,0x7F,0xF8,0x00,0x00,0x1F,0xE0,0x00,0x20,0x00,0x20,0x00,0x20,0x00,0x00,0x00,0x00},
    {0x00,0x00,0x00,0x00,0x1F,0xE0,0x00,0x60,0x00,0x20,0x00,0x20,0x00,0x60,0x7F,0xF8,0x00,0x00,0x1F,0xE0,0x10,0x20,0x10,0x20,0x1F,0xE0,0x1F,0xE0,0x00,0x00,0x00,0x00},
    {0x00,0x00,0x00,0x00,0x1F,0xE0,0x1F,0xE0,0x10,0x00,0x1F,0xE0,0x18,0x00,0x10,0x00,0x1F,0xF0,0x03,0x00,0x03,0x00,0x7F,0xF8,0x00,0x00,0x00,0x00,0x00,0x00,0x00,0x00},
    {0x00,0x00,0x00,0x20,0x1E,0x20,0x0C,0x20,0x7F,0xA0,0x0C,0x30,0x3F,0x38,0x33,0x20,0x3F,0x20,0x1E,0x20,0x18,0x20,0x18,0x00,0x1F,0xE0,0x1F,0xE0,0x00,0x00,0x00,0x00},
    {0x00,0x00,0x00,0x00,0x1F,0xE0,0x00,0x20,0x00,0x20,0x00,0x20,0x3F,0xF0,0x3F,0xF0,0x03,0x00,0x03,0x00,0x1F,0xE0,0x00,0x20,0x00,0x20,0x00,0x20,0x00,0x00,0x00,0x00},
    {0x00,0x00,0x00,0x10,0x20,0x30,0x23,0xF0,0x20,0x30,0x21,0xF0,0x21,0xF0,0x31,0xB0,0x3F,0xB0,0x00,0x30,0x18,0x00,0x18,0x00,0x1F,0xF0,0x0F,0xF0,0x00,0x00,0x00,0x00},
};

static const uint8_t ko_glyphs_2x[][DISPLAY_CJK_GLYPH_2X_BYTES] = {
    {0x00,0x00,0x00,0x00,0x00,0x00,0x03,0x80,0x00,0x38,0x03,0x80,0x00,0x38,0x03,0x80,0x00,0x38,0x03,0x80,0x00,0x38,0x03,0x80,0x00,0x38,0x7F,0x80,0x00,0x7C,0x7F,0x80,0x00,0x7E,0x3F,0x80,0x00,0xEE,0x03,0x80,0x01,0xE7,0x83,0x80,0x07,0xC7,0xE3,0x80,0x0F,0x81,0xE3,0x80,0x0F,0x00,0xC3,0x80,0x04,0x00,0x03,0x80,0x00,0x00,0x00,0x00,0x00,0xFF,0xFF,0x80,0x00,0xFF,0xFF,0x80,0x00,0x00,0x03,0x80,0x00,0x00,0x03,0x80,0x00,0xFF,0xFF,0x80,0x00,0xFF,0xFF,0x80,0x00,0xE0,0x00,0x00,0x00,0xE0,0x00,0x00,0x00,0xFF,0xFF,0x80,0x00,0xFF,0xFF,0xC0,0x00,0xFF,0xFF,0xC0,0x00,0x00,0x00,0x00,0x00,0x00,0x00,0x00,0x00,0x00,0x00,0x00,0x00,0x00,0x00,0x00,0x00,0x00,0x00,0x00},
    {0x00,0x00,0x00,0x00,0x00,0x00,0x03,0x80,0x00,0x00,0x03,0x80,0x07,0xFF,0xE3,0x80,0x0F,0xFF,0xE3,0x80,0x07,0xFF,0xC3,0x80,0x00,0x38,0x03,0x80,0x00,0x38,0x03,0x80,0x00,0x3C,0x7F,0x80,0x00,0x7C,0x7F,0x80,0x00,0x7E,0x03,0x80,0x00,0xEF,0x03,0x80,0x01,0xE7,0x83,0x80,0x07,0xC3,0xE3,0x80,0x0F,0x81,0xE3,0x80,0x0F,0x00,0x63,0x80,0x04,0x00,0x03,0x80,0x00,0x0F,0xF8,0x00,0x00,0x7F,0xFF,0x00,0x00,0xFC,0x1F,0x80,0x00,0xF0,0x07,0x80,0x00,0xE0,0x03,0x80,0x00,0xE0,0x03,0x80,0x00,0xF0,0x07,0x80,0x00,0x7F,0x7F,0x00,0x00,0x3F,0xFE,0x00,0x00,0x0F,0xF8,0x00,0x00,0x00,0x00,0x00,0x00,0x00,0x00,0x00,0x00,0x00,0x00,0x00,0x00,0x00,0x00,0x00,0x00,0x00,0x00,0x00},
    {0x00,0x00,0x00,0x00,0x00,0x00,0x03,0x80,0x00,0x00,0x03,0x80,0x00,0x18,0x03,0x80,0x00,0x38,0x03,0x80,0x00,0x38,0x03,0x80,0x00,0x38,0x03,0x80,0x00,0x38,0x03,0x80,0x00,0x38,0x03,0x80,0x00,0x3C,0x03,0x80,0x00,0x3C,0x03,0x80,0x00,0x3C,0x03,0x80,0x00,0x7C,0x03,0x80,0x00,0x7E,0x03,0x80,0x00,0xFE,0x03,0x80,0x00,0xE7,0x03,0x80,0x01,0xE7,0x83,0x80,0x03,0xC3,0xC3,0x80,0x07,0x81,0xF3,0x80,0x0F,0x00,0xF3,0x80,0x0E,0x00,0x63,0x80,0x00,0x00,0x03,0x80,0x00,0x00,0x03,0x80,0x00,0x00,0x03,0x80,0x00,0x00,0x03,0x80,0x00,0x00,0x03,0x80,0x00,0x00,0x01,0x80,0x00,0x00,0x00,0x00,0x00,0x00,0x00,0x00,0x00,0x00,0x00,0x00,0x00,0x00,0x00,0x00,0x00,0x00,0x00,0x00},
    {0x00,0x00,0x00,0x00,0x00,0x00,0x07,0x00,0x00,0x00,0x07,0x00,0x07,0xFF,0x07,0x00,0x07,0xFF,0x87,0x00,0x07,0xFF,0x87,0x00,0x00,0x07,0x07,0x00,0x00,0x07,0x07,0x00,0x00,0x07,0x07,0x00,0x00,0x0E,0x07,0xF0,0x00,0x1E,0x07,0xF0,0x00,0x3C,0x07,0x00,0x00,0x78,0x07,0x00,0x00,0xF0,0x07,0x00,0x03,0xE0,0x07,0x00,0x0F,0xC0,0x07,0x00,0x0F,0x00,0x07,0x00,0x04,0x00,0x07,0x00,0x01,0xC0,0x07,0x00,0x01,0xC0,0x07,0x00,0x01,0xC0,0x07,0x00,0x01,0xC0,0x00,0x00,0x01,0xC0,0x00,0x00,0x01,0xC0,0x00,0x00,0x01,0xFF,0xFF,0x80,0x01,0xFF,0xFF,0x80,0x00,0x00,0x00,0x00,0x00,0x00,0x00,0x00,0x00,0x00,0x00,0x00,0x00,0x00,0x00,0x00,0x00,0x00,0x00,0x00,0x00,0x00,0x00,0x00},
    {0x00,0x00,0x00,0x00,0x00,0x00,0x01,0xC0,0x00,0x00,0x71,0xC0,0x00,0x00,0x71,0xC0,0x07,0xFE,0x71,0xC0,0x07,0xFE,0x71,0xC0,0x07,0xFE,0x71,0xC0,0x06,0x00,0x71,0xC0,0x06,0x00,0x71,0xC0,0x06,0x00,0x71,0xC0,0x06,0x00,0x71,0xC0,0x06,0x00,0x7F,0xC0,0x06,0x00,0x7F,0xC0,0x06,0x00,0x7F,0xC0,0x06,0x00,0x71,0xC0,0x06,0x00,0x71,0xC0,0x06,0x00,0x71,0xC0,0x06,0x01,0x71,0xC0,0x07,0xFF,0xF1,0xC0,0x07,0xFF,0xF1,0xC0,0x06,0x00,0x71,0xC0,0x00,0x00,0x71,0xC0,0x00,0x00,0x71,0xC0,0x00,0x00,0x71,0xC0,0x00,0x00,0x71,0xC0,0x00,0x00,0x31,0xC0,0x00,0x00,0x01,0xC0,0x00,0x00,0x00,0x00,0x00,0x00,0x00,0x00,0x00,0x00,0x00,0x00,0x00,0x00,0x00,0x00,0x00,0x00,0x00,0x00},
    {0x00,0x00,0x00,0x00,0x00,0x00,0x07,0x00,0x06,0x01,0x87,0x00,0x06,0x03,0x87,0x00,0x06,0x03,0x87,0x00,0x06,0x03,0x87,0x00,0x07,0xFF,0x87,0x00,0x07,0xFF,0x87,0xF0,0x07,0xFF,0x87,0xF0,0x06,0x03,0x87,0xE0,0x06,0x03,0x87,0x00,0x07,0x03,0x87,0x00,0x07,0xFF,0x87,0x00,0x07,0xFF,0x87,0x00,0x00,0x00,0x07,0x00,0x00,0x00,0x06,0x00,0x03,0xFC,0xFF,0x00,0x03,0xFE,0xFF,0x00,0x03,0xFE,0xFF,0x00,0x00,0x0E,0x07,0x00,0x01,0xFE,0x07,0x00,0x03,0xFE,0x07,0x00,0x03,0xFE,0x07,0x00,0x03,0x80,0x07,0x00,0x03,0x8F,0x87,0x00,0x03,0xFF,0x87,0x00,0x03,0xFF,0x07,0x00,0x00,0x00,0x00,0x00,0x00,0x00,0x00,0x00,0x00,0x00,0x00,0x00,0x00,0x00,0x00,0x00,0x00,0x00,0x00,0x00},
    {0x00,0x00,0x00,0x00,0x00,0x00,0x03,0x80,0x00,0x00,0x03,0x80,0x00,0x00,0x03,0x80,0x07,0xFF,0xC3,0x80,0x07,0xFF,0xC3,0x80,0x00,0x03,0x83,0x80,0x00,0x03,0x83,0x80,0x00,0x03,0x83,0x80,0x00,0x03,0x83,0x80,0x00,0x07,0x83,0x80,0x00,0x07,0x03,0x80,0x00,0x0F,0x03,0x80,0x00,0x0E,0x03,0x80,0x00,0x1E,0x03,0x80,0x00,0x3C,0x03,0x80,0x00,0x78,0x03,0x80,0x00,0xF0,0x03,0x80,0x03,0xE0,0x03,0x80,0x0F,0xC0,0x03,0x80,0x0F,0x00,0x03,0x80,0x06,0x00,0x03,0x80,0x00,0x00,0x03,0x80,0x00,0x00,0x03,0x80,0x00,0x00,0x03,0x80,0x00,0x00,0x03,0x80,0x00,0x00,0x03,0x80,0x00,0x00,0x00,0x00,0x00,0x00,0x00,0x00,0x00,0x00,0x00,0x00,0x00,0x00,0x00,0x00,0x00,0x00,0x00,0x00},
    {0x00,0x00,0x00,0x00,0x00,0x00,0x07,0x00,0x00,0x00,0x07,0x00,0x0F,0xEF,0xE7,0x00,0x0F,0xEF,0xE7,0x00,0x00,0xE0,0xE7,0x00,0x00,0xE0,0xE7,0x00,0x00,0xE1,0xC7,0x00,0x01,0xE1,0xC7,0xF0,0x01,0xC1,0xC7,0xF0,0x03,0xC3,0x87,0x00,0x07,0x87,0x87,0x00,0x0F,0x07,0x07,0x00,0x0E,0x1E,0x07,0x00,0x04,0x1E,0x07,0x00,0x00,0x0C,0x07,0x00,0x00,0x00,0x00,0x00,0x01,0xFF,0xFF,0x00,0x01,0xFF,0xFF,0x00,0x01,0xC0,0x07,0x00,0x01,0xC0,0x07,0x00,0x01,0xC0,0x07,0x00,0x01,0xC0,0x07,0x00,0x01,0xC0,0x07,0x00,0x01,0xFF,0xFF,0x00,0x01,0xFF,0xFF,0x00,0x00,0xFF,0xFF,0x00,0x00,0x00,0x00,0x00,0x00,0x00,0x00,0x00,0x00,0x00,0x00,0x00,0x00,0x00,0x00,0x00,0x00,0x00,0x00,0x00},
    {0x00,0x00,0x00,0x00,0x00,0x00,0x07,0x00,0x00,0x00,0x07,0x00,0x06,0x03,0x87,0x00,0x06,0x03,0x87,0x00,0x06,0x03,0x87,0x00,0x07,0x03,0x87,0x00,0x07,0xFF,0x87,0x00,0x07,0xFF,0x87,0xF0,0x07,0x03,0x87,0xF0,0x06,0x03,0x87,0x00,0x06,0x03,0x87,0x00,0x07,0x03,0x87,0x00,0x07,0xFF,0x87,0x00,0x07,0xFF,0x87,0x00,0x00,0x00,0x07,0x00,0x00,0x00,0x07,0x00,0x00,0x00,0x00,0x00,0x01,0xFF,0xFF,0x00,0x01,0xFF,0xFF,0x00,0x00,0x00,0x07,0x00,0x00,0x00,0x07,0x00,0x00,0x00,0x07,0x00,0x00,0x00,0x07,0x00,0x00,0x00,0x07,0x00,0x00,0x00,0x07,0x00,0x00,0x00,0x07,0x00,0x00,0x00,0x00,0x00,0x00,0x00,0x00,0x00,0x00,0x00,0x00,0x00,0x00,0x00,0x00,0x00,0x00,0x00,0x00,0x00},
    {0x00,0x00,0x00,0x00,0x00,0x00,0x03,0x80,0x00,0x00,0x03,0x80,0x00,0xFE,0x03,0x80,0x03,0xFF,0x03,0x80,0x07,0x87,0x83,0x80,0x07,0x03,0xC3,0x80,0x07,0x01,0xC3,0x80,0x0E,0x01,0xC3,0x80,0x0E,0x01,0xC3,0x80,0x07,0x01,0xC3,0x80,0x07,0x03,0xC3,0x80,0x07,0xC7,0x83,0x80,0x03,0xFF,0x03,0x80,0x00,0xFE,0x03,0x80,0x00,0x00,0x03,0x80,0x00,0x00,0x00,0x00,0x00,0xFF,0xFF,0x80,0x00,0xFF,0xFF,0x80,0x00,0xE0,0x03,0x80,0x00,0xE0,0x03,0x80,0x00,0xE0,0x03,0x80,0x00,0xE0,0x03,0x80,0x00,0xE0,0x03,0x80,0x00,0xFF,0xFF,0x80,0x00,0xFF,0xFF,0x80,0x00,0xFF,0xFF,0x80,0x00,0x00,0x00,0x00,0x00,0x00,0x00,0x00,0x00,0x00,0x00,0x00,0x00,0x00,0x00,0x00,0x00,0x00,0x00,0x00},
    {0x00,0x00,0x00,0x00,0x00,0x00,0x00,0x00,0x00,0x00,0x00,0x00,0x01,0xFF,0xFF,0x00,0x01,0xFF,0xFF,0x80,0x01,0xFF,0xFF,0x00,0x01,0x80,0x00,0x00,0x01,0x80,0x00,0x00,0x01,0x80,0x00,0x00,0x01,0x80,0x00,0x00,0x01,0x80,0x00,0x00,0x01,0x80,0x00,0x00,0x01,0x80,0x00,0x00,0x01,0xFF,0xFF,0x00,0x01,0xFF,0xFF,0x80,0x01,0xFF,0xFF,0x00,0x00,0x03,0x80,0x00,0x00,0x03,0x80,0x00,0x00,0x03,0x80,0x00,0x00,0x03,0x80,0x00,0x00,0x03,0x80,0x00,0x0F,0xFF,0xFF,0xE0,0x0F,0xFF,0xFF,0xE0,0x0F,0xFF,0xFF,0xE0,0x00,0x00,0x00,0x00,0x00,0x00,0x00,0x00,0x00,0x00,0x00,0x00,0x00,0x00,0x00,0x00,0x00,0x00,0x00,0x00,0x00,0x00,0x00,0x00,0x00,0x00,0x00,0x00,0x00,0x00,0x00,0x00},
    {0x00,0x00,0x00,0x00,0x00,0x00,0x01,0x80,0x00,0x7F,0x03,0x80,0x00,0xFF,0x03,0x80,0x00,0x7F,0x03,0x80,0x00,0x00,0x03,0x80,0x07,0xFF,0xF3,0x80,0x07,0xFF,0xF3,0x80,0x07,0xFF,0xF3,0x80,0x00,0x1C,0x03,0x80,0x00,0xFF,0x83,0x80,0x01,0xFF,0xC3,0x80,0x03,0xC1,0xE3,0x80,0x03,0x80,0xE3,0x80,0x03,0x80,0xE3,0x80,0x03,0xC1,0xE3,0x80,0x01,0xFF,0xC3,0x80,0x00,0xFF,0x83,0x80,0x00,0x1C,0x03,0x80,0x00,0x1C,0x03,0x80,0x00,0x1F,0xFB,0x80,0x0F,0xFF,0xFF,0x80,0x0F,0xFF,0x83,0x80,0x00,0x00,0x03,0x80,0x00,0x00,0x03,0x80,0x00,0x00,0x03,0x80,0x00,0x00,0x03,0x80,0x00,0x00,0x00,0x00,0x00,0x00,0x00,0x00,0x00,0x00,0x00,0x00,0x00,0x00,0x00,0x00,0x00,0x00,0x00,0x00},
    {0x00,0x00,0x00,0x00,0x00,0x00,0x03,0x80,0x00,0x00,0x03,0x80,0x07,0xFF,0xC3,0x80,0x07,0xFF,0xE3,0x80,0x07,0xFF,0xE3,0x80,0x00,0x38,0x03,0x80,0x00,0x38,0x03,0x80,0x00,0x38,0x3F,0x80,0x00,0x3C,0x7F,0x80,0x00,0x7C,0x3F,0x80,0x00,0xFE,0x03,0x80,0x01,0xEF,0x03,0x80,0x03,0xC7,0xC3,0x80,0x07,0xC3,0xE3,0x80,0x0F,0x00,0xE3,0x80,0x0E,0x00,0x43,0x80,0x00,0x00,0x03,0x80,0x00,0xE0,0x03,0x80,0x00,0xE0,0x03,0x80,0x00,0xE0,0x00,0x00,0x00,0xE0,0x00,0x00,0x00,0xE0,0x00,0x00,0x00,0xE0,0x00,0x00,0x00,0xFF,0xFF,0xC0,0x00,0xFF,0xFF,0xC0,0x00,0x00,0x00,0x00,0x00,0x00,0x00,0x00,0x00,0x00,0x00,0x00,0x00,0x00,0x00,0x00,0x00,0x00,0x00,0x00,0x00,0x00,0x00,0x00},
    {0x00,0x00,0x00,0x00,0x00,0x00,0x00,0x00,0x00,0x00,0x00,0x00,0x01,0x80,0x03,0x00,0x01,0x80,0x03,0x00,0x01,0x80,0x03,0x00,0x01,0x80,0x03,0x00,0x01,0xFF,0xFF,0x00,0x01,0xFF,0xFF,0x00,0x01,0xFF,0xFF,0x00,0x01,0x80,0x03,0x00,0x01,0x80,0x03,0x00,0x01,0x80,0x03,0x00,0x01,0x80,0x03,0x00,0x01,0xFF,0xFF,0x00,0x01,0xFF,0xFF,0x00,0x01,0xFF,0xFF,0x00,0x00,0x03,0x80,0x00,0x00,0x03,0x80,0x00,0x00,0x03,0x80,0x00,0x00,0x03,0x80,0x00,0x0F,0xFF,0xFF,0xE0,0x0F,0xFF,0xFF,0xE0,0x0F,0xFF,0xFF,0xE0,0x00,0x00,0x00,0x00,0x00,0x00,0x00,0x00,0x00,0x00,0x00,0x00,0x00,0x00,0x00,0x00,0x00,0x00,0x00,0x00,0x00,0x00,0x00,0x00,0x00,0x00,0x00,0x00,0x00,0x00,0x00,0x00},
    {0x00,0x00,0x00,0x00,0x00,0x00,0x03,0x80,0x00,0x00,0x03,0x80,0x00,0xFC,0x03,0x80,0x03,0xFE,0x03,0x80,0x07,0xCF,0x03,0x80,0x07,0x03,0x83,0x80,0x0E,0x03,0x83,0x80,0x0E,0x01,0xFF,0x80,0x0E,0x01,0xFF,0x80,0x0E,0x01,0xDF,0x80,0x0E,0x03,0x83,0x80,0x07,0x07,0x83,0x80,0x07,0xFF,0x03,0x80,0x03,0xFE,0x03,0x80,0x00,0xFC,0x03,0x80,0x00,0x00,0x03,0x80,0x00,0x00,0x03,0x80,0x00,0xE0,0x03,0x80,0x00,0xE0,0x03,0x80,0x00,0xE0,0x00,0x00,0x00,0xE0,0x00,0x00,0x00,0xE0,0x00,0x00,0x00,0xE0,0x00,0x00,0x00,0xFF,0xFF,0xC0,0x00,0xFF,0xFF,0xC0,0x00,0x00,0x00,0x00,0x00,0x00,0x00,0x00,0x00,0x00,0x00,0x00,0x00,0x00,0x00,0x00,0x00,0x00,0x00,0x00,0x00,0x00,0x00,0x00},
    {0x00,0x00,0x00,0x00,0x00,0x00,0x03,0x80,0x00,0x00,0x03,0x80,0x00,0xFC,0x03,0x80,0x01,0xFE,0x03,0x80,0x03,0xFF,0x03,0x80,0x07,0x87,0x03,0x80,0x07,0x03,0x83,0x80,0x07,0x03,0x83,0x80,0x0E,0x03,0x83,0x80,0x0E,0x01,0xC3,0x80,0x0E,0x01,0xFF,0x80,0x0E,0x01,0xFF,0x80,0x0E,0x01,0xC3,0x80,0x0E,0x03,0x83,0x80,0x0F,0x03,0x83,0x80,0x07,0x03,0x83,0x80,0x07,0x87,0x03,0x80,0x03,0xCF,0x03,0x80,0x03,0xFE,0x03,0x80,0x00,0xFC,0x03,0x80,0x00,0x00,0x03,0x80,0x00,0x00,0x03,0x80,0x00,0x00,0x03,0x80,0x00,0x00,0x03,0x80,0x00,0x00,0x03,0x80,0x00,0x00,0x03,0x80,0x00,0x00,0x00,0x00,0x00,0x00,0x00,0x00,0x00,0x00,0x00,0x00,0x00,0x00,0x00,0x00,0x00,0x00,0x00,0x00},
    {0x00,0x00,0x00,0x00,0x00,0x00,0x07,0x00,0x00,0x7C,0x07,0x00,0x01,0xFF,0x07,0x00,0x03,0xFF,0x87,0x00,0x07,0x83,0xC7,0x00,0x07,0x01,0xC7,0x00,0x07,0x01,0xC7,0x00,0x07,0x01,0xC7,0x00,0x07,0x01,0xC7,0x00,0x07,0xC7,0xC7,0xF0,0x03,0xFF,0x87,0xF0,0x00,0xFE,0x07,0x00,0x00,0x38,0x07,0x00,0x00,0x38,0x07,0x00,0x0F,0xFF,0xF7,0x00,0x1F,0xFF,0xF7,0x00,0x0F,0xF8,0x07,0x00,0x00,0x00,0x07,0x00,0x01,0xC0,0x07,0x00,0x01,0xC0,0x07,0x00,0x01,0xC0,0x00,0x00,0x01,0xC0,0x00,0x00,0x01,0xC0,0x00,0x00,0x01,0xFF,0xFF,0x80,0x01,0xFF,0xFF,0x80,0x00,0x00,0x00,0x00,0x00,0x00,0x00,0x00,0x00,0x00,0x00,0x00,0x00,0x00,0x00,0x00,0x00,0x00,0x00,0x00,0x00,0x00,0x00,0x00},
    {0x00,0x00,0x00,0x00,0x00,0x00,0x00,0x00,0x00,0x00,0x00,0x00,0x01,0xFF,0xFF,0x00,0x01,0xFF,0xFF,0x00,0x00,0x00,0x07,0x00,0x00,0x00,0x03,0x00,0x00,0x00,0x03,0x00,0x00,0x00,0x07,0x00,0x01,0xFF,0xFF,0x00,0x01,0xFF,0xFF,0x00,0x01,0x80,0x00,0x00,0x01,0x80,0x00,0x00,0x01,0x80,0x00,0x00,0x01,0xC0,0x00,0x00,0x01,0xFF,0xFF,0x80,0x01,0xFF,0xFF,0x80,0x00,0x38,0x38,0x00,0x00,0x38,0x38,0x00,0x00,0x38,0x38,0x00,0x00,0x38,0x38,0x00,0x0F,0xFF,0xFF,0xE0,0x0F,0xFF,0xFF,0xE0,0x0F,0xFF,0xFF,0xE0,0x00,0x00,0x00,0x00,0x00,0x00,0x00,0x00,0x00,0x00,0x00,0x00,0x00,0x00,0x00,0x00,0x00,0x00,0x00,0x00,0x00,0x00,0x00,0x00,0x00,0x00,0x00,0x00,0x00,0x00,0x00,0x00},
    {0x00,0x00,0x00,0x00,0x00,0x00,0x01,0x80,0x03,0xFF,0xC3,0x80,0x03,0xFF,0xE3,0x80,0x03,0xFF,0xE3,0x80,0x03,0x80,0x03,0x80,0x03,0x80,0x03,0x80,0x03,0x80,0x03,0x80,0x03,0x80,0x03,0x80,0x03,0x80,0x03,0x80,0x03,0xFF,0xE3,0x80,0x03,0xFF,0xE3,0x80,0x00,0x00,0x03,0x80,0x00,0x00,0x03,0x80,0x00,0x03,0xFB,0x80,0x0F,0xFF,0xFF,0x80,0x0F,0xFF,0xF3,0x80,0x00,0x1C,0x03,0x80,0x00,0x1C,0x03,0x80,0x00,0x1C,0x03,0x80,0x00,0x1C,0x03,0x80,0x00,0x1C,0x03,0x80,0x00,0x1C,0x03,0x80,0x00,0x1C,0x03,0x80,0x00,0x1C,0x03,0x80,0x00,0x1C,0x03,0x80,0x00,0x00,0x03,0x80,0x00,0x00,0x00,0x00,0x00,0x00,0x00,0x00,0x00,0x00,0x00,0x00,0x00,0x00,0x00,0x00,0x00,0x00,0x00,0x00},
    {0x00,0x00,0x00,0x00,0x00,0x00,0x00,0x00,0x00,0x00,0x00,0x00,0x01,0xFF,0xFF,0x00,0x01,0xFF,0xFF,0x00,0x01,0xFF,0xFF,0x00,0x00,0x00,0x03,0x00,0x00,0x00,0x03,0x00,0x00,0x00,0x03,0x00,0x01,0xFF,0xFF,0x00,0x01,0xFF,0xFF,0x00,0x01,0xFF,0xFF,0x00,0x01,0x80,0x00,0x00,0x01,0x80,0x00,0x00,0x01,0x80,0x00,0x00,0x01,0xFF,0xFF,0x80,0x01,0xFF,0xFF,0x80,0x01,0xFF,0xFF,0x80,0x00,0x03,0x80,0x00,0x00,0x03,0x80,0x00,0x00,0x03,0x80,0x00,0x0F,0xFF,0xFF,0xE0,0x0F,0xFF,0xFF,0xE0,0x0F,0xFF,0xFF,0xE0,0x00,0x00,0x00,0x00,0x00,0x00,0x00,0x00,0x00,0x00,0x00,0x00,0x00,0x00,0x00,0x00,0x00,0x00,0x00,0x00,0x00,0x00,0x00,0x00,0x00,0x00,0x00,0x00,0x00,0x00,0x00,0x00},
    {0x00,0x00,0x00,0x00,0x00,0x00,0x01,0x80,0x00,0x7F,0x03,0x80,0x00,0x7F,0x03,0x80,0x00,0x00,0x03,0x80,0x03,0xFF,0xE3,0x80,0x03,0xFF,0xE3,0x80,0x03,0xFF,0xE3,0x80,0x00,0x1C,0x03,0x80,0x00,0x3E,0x03,0x80,0x00,0x7F,0x83,0x80,0x01,0xF7,0xF3,0x80,0x07,0xE1,0xF3,0x80,0x07,0x80,0x63,0x80,0x00,0x00,0x03,0x80,0x0F,0xFF,0xFB,0x80,0x0F,0xFF,0xFB,0x80,0x0F,0xFC,0x03,0x80,0x00,0x1C,0x03,0x80,0x00,0x1C,0x03,0x80,0x00,0x1C,0x03,0x80,0x00,0x1C,0x03,0x80,0x00,0x1C,0x03,0x80,0x00,0x1C,0x03,0x80,0x00,0x1C,0x03,0x80,0x00,0x1C,0x03,0x80,0x00,0x00,0x03,0x80,0x00,0x00,0x00,0x00,0x00,0x00,0x00,0x00,0x00,0x00,0x00,0x00,0x00,0x00,0x00,0x00,0x00,0x00,0x00,0x00},
    {0x00,0x00,0x00,0x00,0x00,0x00,0x00,0x00,0x00,0x00,0x00,0x00,0x00,0x03,0x80,0x00,0x00,0x03,0x80,0x00,0x00,0x03,0x80,0x00,0x00,0x03,0x80,0x00,0x00,0x07,0xC0,0x00,0x00,0x07,0xC0,0x00,0x00,0x0F,0xE0,0x00,0x00,0x1E,0xF0,0x00,0x00,0x3C,0x78,0x00,0x00,0xF8,0x3E,0x00,0x07,0xF0,0x0F,0xC0,0x07,0xC0,0x07,0xC0,0x03,0x03,0x81,0x80,0x00,0x03,0x80,0x00,0x00,0x03,0x80,0x00,0x00,0x03,0x80,0x00,0x00,0x03,0x80,0x00,0x00,0x03,0x80,0x00,0x0F,0xFF,0xFF,0xE0,0x0F,0xFF,0xFF,0xE0,0x0F,0xFF,0xFF,0xE0,0x00,0x00,0x00,0x00,0x00,0x00,0x00,0x00,0x00,0x00,0x00,0x00,0x00,0x00,0x00,0x00,0x00,0x00,0x00,0x00,0x00,0x00,0x00,0x00,0x00,0x00,0x00,0x00,0x00,0x00,0x00,0x00},
    {0x00,0x00,0x00,0x00,0x00,0x00,0x07,0x00,0x00,0x30,0x07,0x00,0x00,0x38,0x07,0x00,0x00,0x38,0x07,0x00,0x00,0x38,0x07,0x00,0x00,0x78,0x07,0x00,0x00,0x78,0x07,0x00,0x00,0x7C,0x07,0xF0,0x00,0xFE,0x07,0xF0,0x01,0xEE,0x07,0xE0,0x03,0xCF,0x07,0x00,0x07,0x87,0xC7,0x00,0x1F,0x03,0xE7,0x00,0x0E,0x00,0xC7,0x00,0x04,0x00,0x07,0x00,0x00,0x00,0x06,0x00,0x01,0xFF,0xFE,0x00,0x01,0xFF,0xFF,0x00,0x01,0xFF,0xFF,0x00,0x00,0x00,0x07,0x00,0x00,0x00,0x07,0x00,0x00,0x00,0x07,0x00,0x00,0x00,0x07,0x00,0x00,0x00,0x07,0x00,0x00,0x00,0x07,0x00,0x00,0x00,0x07,0x00,0x00,0x00,0x00,0x00,0x00,0x00,0x00,0x00,0x00,0x00,0x00,0x00,0x00,0x00,0x00,0x00,0x00,0x00,0x00,0x00},
    {0x00,0x00,0x00,0x00,0x00,0x00,0x01,0xC0,0x00,0x00,0x39,0xC0,0x00,0x00,0x39,0xC0,0x0F,0xFF,0x39,0xC0,0x0F,0xFF,0xB9,0xC0,0x00,0x70,0x39,0xC0,0x00,0x70,0x39,0xC0,0x00,0x70,0x39,0xC0,0x00,0x70,0x39,0xC0,0x00,0x71,0xF9,0xC0,0x00,0x73,0xF9,0xC0,0x00,0xF3,0xF9,0xC0,0x00,0xF8,0x39,0xC0,0x00,0xF8,0x39,0xC0,0x01,0xFC,0x39,0xC0,0x03,0xDE,0x39,0xC0,0x03,0x8F,0x39,0xC0,0x07,0x87,0xB9,0xC0,0x0F,0x03,0xB9,0xC0,0x0E,0x01,0x39,0xC0,0x04,0x00,0x39,0xC0,0x00,0x00,0x39,0xC0,0x00,0x00,0x39,0xC0,0x00,0x00,0x39,0xC0,0x00,0x00,0x31,0xC0,0x00,0x00,0x01,0xC0,0x00,0x00,0x00,0x00,0x00,0x00,0x00,0x00,0x00,0x00,0x00,0x00,0x00,0x00,0x00,0x00,0x00,0x00,0x00,0x00},
    {0x00,0x00,0x00,0x00,0x00,0x00,0x03,0x80,0x00,0x38,0x03,0x80,0x00,0x38,0x03,0x80,0x00,0x38,0x03,0x80,0x00,0x38,0x03,0x80,0x00,0x3C,0x03,0x80,0x00,0x7C,0x03,0x80,0x00,0x7E,0x03,0x80,0x00,0xFF,0x03,0x80,0x01,0xE7,0x83,0x80,0x03,0xC3,0xE3,0x80,0x0F,0x81,0xE3,0x80,0x0F,0x00,0xE3,0x80,0x04,0x00,0x01,0x80,0x00,0xFF,0xFF,0x80,0x00,0xFF,0xFF,0x80,0x00,0xFF,0xFF,0x80,0x00,0x00,0x03,0x80,0x00,0x00,0x03,0x80,0x00,0xFF,0xFF,0x80,0x00,0xFF,0xFF,0x80,0x00,0xE0,0x00,0x00,0x00,0xE0,0x00,0x00,0x00,0xFF,0xFF,0xC0,0x00,0xFF,0xFF,0xC0,0x00,0xFF,0xFF,0xC0,0x00,0x00,0x00,0x00,0x00,0x00,0x00,0x00,0x00,0x00,0x00,0x00,0x00,0x00,0x00,0x00,0x00,0x00,0x00,0x00},
    {0x00,0x00,0x00,0x00,0x00,0x00,0x01,0xC0,0x01,0xFC,0x31,0xC0,0x01,0xFC,0x31,0xC0,0x01,0xFC,0x31,0xC0,0x00,0x00,0x31,0xC0,0x0F,0xFF,0xB1,0xC0,0x0F,0xFF,0xB1,0xC0,0x00,0x00,0x3F,0xC0,0x01,0xFC,0x3F,0xC0,0x03,0xFE,0x3F,0xC0,0x07,0xCF,0x31,0xC0,0x07,0x07,0x31,0xC0,0x07,0x07,0x31,0xC0,0x07,0x8F,0x31,0xC0,0x03,0xFF,0x31,0xC0,0x01,0xFC,0x31,0xC0,0x00,0x00,0x01,0xC0,0x00,0x0F,0xFC,0x00,0x00,0x3F,0xFF,0x00,0x00,0x7C,0x0F,0x80,0x00,0xF0,0x03,0xC0,0x00,0xE0,0x01,0xC0,0x00,0xF0,0x03,0x80,0x00,0x7F,0xFF,0x80,0x00,0x3F,0xFF,0x00,0x00,0x0F,0xF8,0x00,0x00,0x00,0x00,0x00,0x00,0x00,0x00,0x00,0x00,0x00,0x00,0x00,0x00,0x00,0x00,0x00,0x00,0x00,0x00,0x00},
    {0x00,0x00,0x00,0x00,0x00,0x00,0x00,0x00,0x03,0xFF,0xFF,0x80,0x03,0xFF,0xFF,0x80,0x03,0xFF,0xFF,0x80,0x00,0x07,0xC0,0x00,0x00,0x07,0xE0,0x00,0x00,0x1F,0xF0,0x00,0x00,0x7E,0x7C,0x00,0x07,0xF8,0x3F,0xC0,0x07,0xE0,0x0F,0xC0,0x03,0x80,0x01,0x80,0x00,0x00,0x00,0x00,0x0F,0xFF,0xFF,0xE0,0x0F,0xFF,0xFF,0xE0,0x00,0x03,0x80,0x00,0x00,0x03,0x80,0x00,0x00,0x07,0xC0,0x00,0x00,0x7F,0xFC,0x00,0x00,0xFF,0xFF,0x00,0x01,0xE0,0x0F,0x00,0x03,0xC0,0x07,0x80,0x03,0xC0,0x03,0x80,0x01,0xC0,0x07,0x00,0x01,0xFE,0xFF,0x00,0x00,0xFF,0xFE,0x00,0x00,0x1F,0xF0,0x00,0x00,0x00,0x00,0x00,0x00,0x00,0x00,0x00,0x00,0x00,0x00,0x00,0x00,0x00,0x00,0x00,0x00,0x00,0x00,0x00},
    {0x00,0x00,0x00,0x00,0x00,0x00,0x03,0x80,0x00,0x00,0x03,0x80,0x00,0x00,0x03,0x80,0x07,0xFF,0x83,0x80,0x07,0xFF,0x83,0x80,0x00,0x03,0x83,0x80,0x00,0x03,0x83,0x80,0x00,0x03,0xFF,0x80,0x00,0x07,0xFF,0x80,0x07,0xFF,0x7F,0x80,0x0F,0xFF,0x03,0x80,0x0F,0xEE,0x03,0x80,0x00,0x0E,0x03,0x80,0x00,0x1E,0x03,0x80,0x00,0x3C,0xFF,0x80,0x00,0x78,0xFF,0x80,0x00,0xF0,0x03,0x80,0x01,0xE0,0x03,0x80,0x07,0xC0,0x03,0x80,0x0F,0x80,0x03,0x80,0x0E,0x00,0x03,0x80,0x00,0x00,0x03,0x80,0x00,0x00,0x03,0x80,0x00,0x00,0x03,0x80,0x00,0x00,0x03,0x80,0x00,0x00,0x03,0x80,0x00,0x00,0x00,0x00,0x00,0x00,0x00,0x00,0x00,0x00,0x00,0x00,0x00,0x00,0x00,0x00,0x00,0x00,0x00,0x00},
    {0x00,0x00,0x00,0x00,0x00,0x00,0x03,0x80,0x00,0x00,0x03,0x80,0x07,0xFF,0xE3,0x80,0x07,0xFF,0xE3,0x80,0x00,0x3C,0x03,0x80,0x00,0x38,0x03,0x80,0x00,0x3C,0x03,0x80,0x00,0x3C,0x03,0x80,0x00,0x7E,0x03,0x80,0x00,0x7F,0x03,0x80,0x00,0xE7,0x83,0x80,0x01,0xE3,0xC3,0x80,0x07,0xC1,0xF3,0x80,0x0F,0x80,0xE3,0x80,0x06,0x00,0x03,0x80,0x00,0x00,0x00,0x00,0x00,0xFF,0xFF,0x80,0x00,0xFF,0xFF,0x80,0x00,0xE0,0x03,0x80,0x00,0xE0,0x03,0x80,0x00,0xE0,0x03,0x80,0x00,0xE0,0x03,0x80,0x00,0xE0,0x03,0x80,0x00,0xFF,0xFF,0x80,0x00,0xFF,0xFF,0x80,0x00,0x7F,0xFF,0x80,0x00,0x00,0x00,0x00,0x00,0x00,0x00,0x00,0x00,0x00,0x00,0x00,0x00,0x00,0x00,0x00,0x00,0x00,0x00,0x00},
    {0x00,0x00,0x00,0x00,0x00,0x00,0x03,0x80,0x00,0x00,0x03,0x80,0x00,0x00,0x03,0x80,0x0F,0xFF,0xE3,0x80,0x0F,0xFF,0xE3,0x80,0x00,0x70,0xE3,0x80,0x00,0x60,0xE3,0x80,0x00,0x60,0xE3,0x80,0x00,0xE0,0xC3,0x80,0x00,0xE1,0xC3,0x80,0x00,0xE1,0xFF,0x80,0x01,0xC1,0xFF,0x80,0x01,0xC1,0xFF,0x80,0x03,0xC3,0x83,0x80,0x03,0x83,0x83,0x80,0x07,0x87,0x03,0x80,0x07,0x07,0x03,0x80,0x0E,0x0F,0x03,0x80,0x1E,0x1E,0x03,0x80,0x0C,0x1C,0x03,0x80,0x00,0x3C,0x03,0x80,0x00,0x08,0x03,0x80,0x00,0x00,0x03,0x80,0x00,0x00,0x03,0x80,0x00,0x00,0x03,0x80,0x00,0x00,0x03,0x80,0x00,0x00,0x00,0x00,0x00,0x00,0x00,0x00,0x00,0x00,0x00,0x00,0x00,0x00,0x00,0x00,0x00,0x00,0x00,0x00},
    {0x00,0x00,0x00,0x00,0x00,0x00,0x07,0x00,0x00,0x00,0x07,0x00,0x00,0x78,0x07,0x00,0x01,0xFE,0x07,0x00,0x03,0xFF,0x07,0x00,0x07,0x87,0x07,0x00,0x07,0x03,0x87,0x00,0x07,0x03,0x87,0x00,0x0E,0x01,0x87,0x00,0x0E,0x01,0xC7,0x00,0x0E,0x01,0xC7,0xF0,0x0E,0x01,0xC7,0xF0,0x0E,0x01,0xC7,0xF0,0x0E,0x01,0x87,0x00,0x06,0x03,0x87,0x00,0x07,0x03,0x87,0x00,0x07,0x87,0x87,0x00,0x03,0xCF,0x07,0x00,0x03,0xFF,0x07,0x00,0x01,0xFC,0x07,0x00,0x00,0x00,0x07,0x00,0x00,0x00,0x07,0x00,0x00,0x00,0x07,0x00,0x00,0x00,0x07,0x00,0x00,0x00,0x07,0x00,0x00,0x00,0x07,0x00,0x00,0x00,0x00,0x00,0x00,0x00,0x00,0x00,0x00,0x00,0x00,0x00,0x00,0x00,0x00,0x00,0x00,0x00,0x00,0x00},
    {0x00,0x00,0x00,0x00,0x00,0x00,0x03,0x80,0x00,0x00,0x03,0x80,0x00,0x00,0x03,0x80,0x07,0x00,0x03,0x80,0x07,0x00,0x03,0x80,0x07,0x00,0x03,0x80,0x07,0x00,0x03,0x80,0x07,0x00,0x03,0x80,0x07,0x00,0x03,0x80,0x07,0x00,0x03,0x80,0x07,0x00,0x03,0x80,0x07,0x00,0x03,0x80,0x07,0x00,0x03,0x80,0x07,0x00,0x03,0x80,0x07,0x00,0x03,0x80,0x07,0x00,0x03,0x80,0x07,0x00,0x73,0x80,0x07,0xFF,0xF3,0x80,0x07,0xFF,0xF3,0x80,0x03,0xF8,0x03,0x80,0x00,0x00,0x03,0x80,0x00,0x00,0x03,0x80,0x00,0x00,0x03,0x80,0x00,0x00,0x03,0x80,0x00,0x00,0x03,0x80,0x00,0x00,0x03,0x80,0x00,0x00,0x00,0x00,0x00,0x00,0x00,0x00,0x00,0x00,0x00,0x00,0x00,0x00,0x00,0x00,0x00,0x00,0x00,0x00},
    {0x00,0x00,0x00,0x00,0x00,0x00,0x00,0x00,0x00,0x00,0x00,0x00,0x00,0x1F,0xF0,0x00,0x00,0x7F,0xFC,0x00,0x00,0xF8,0x3E,0x00,0x01,0xE0,0x0F,0x00,0x01,0xC0,0x07,0x80,0x03,0x80,0x03,0x80,0x03,0x80,0x03,0x80,0x03,0x80,0x03,0x80,0x03,0x80,0x03,0x80,0x01,0xC0,0x07,0x00,0x01,0xE0,0x0F,0x00,0x00,0xFE,0xFE,0x00,0x00,0x7F,0xFC,0x00,0x00,0x1F,0xE0,0x00,0x00,0x03,0x80,0x00,0x00,0x03,0x80,0x00,0x00,0x03,0x80,0x00,0x00,0x03,0x80,0x00,0x0F,0xFF,0xFF,0xE0,0x0F,0xFF,0xFF,0xE0,0x0F,0xFF,0xFF,0xE0,0x00,0x00,0x00,0x00,0x00,0x00,0x00,0x00,0x00,0x00,0x00,0x00,0x00,0x00,0x00,0x00,0x00,0x00,0x00,0x00,0x00,0x00,0x00,0x00,0x00,0x00,0x00,0x00,0x00,0x00,0x00,0x00},
    {0x00,0x00,0x00,0x00,0x00,0x00,0x03,0x80,0x00,0x00,0x03,0x80,0x07,0xFF,0xE3,0x80,0x07,0xFF,0xE3,0x80,0x00,0x00,0x03,0x80,0x01,0xC3,0x83,0x80,0x01,0xC3,0x83,0x80,0x01,0xC3,0x83,0x80,0x01,0xC3,0x03,0x80,0x01,0xC3,0x03,0x80,0x01,0xC7,0xF3,0x80,0x0F,0xFF,0xFB,0x80,0x0F,0xFF,0xF3,0x80,0x00,0x00,0x03,0x80,0x00,0x00,0x00,0x00,0x00,0xFF,0xFF,0x80,0x00,0xFF,0xFF,0x80,0x00,0x00,0x03,0x80,0x00,0x00,0x03,0x80,0x00,0xFF,0xFF,0x80,0x00,0xFF,0xFF,0x80,0x00,0xE0,0x00,0x00,0x00,0xE0,0x00,0x00,0x00,0xFF,0xFF,0x80,0x00,0xFF,0xFF,0xC0,0x00,0xFF,0xFF,0xC0,0x00,0x00,0x00,0x00,0x00,0x00,0x00,0x00,0x00,0x00,0x00,0x00,0x00,0x00,0x00,0x00,0x00,0x00,0x00,0x00},
    {0x00,0x00,0x00,0x00,0x00,0x00,0x00,0x00,0x00,0x03,0x80,0x00,0x00,0x03,0x80,0x00,0x00,0x03,0x80,0x00,0x00,0x03,0xC0,0x00,0x00,0x07,0xC0,0x00,0x00,0x0F,0xE0,0x00,0x00,0x1E,0xF0,0x00,0x00,0x7C,0x7C,0x00,0x03,0xF8,0x3F,0x80,0x07,0xE0,0x0F,0xC0,0x07,0x80,0x03,0xC0,0x00,0x00,0x00,0x00,0x00,0x00,0x00,0x00,0x0F,0xFF,0xFF,0xE0,0x0F,0xFF,0xFF,0xE0,0x0F,0xFF,0xFF,0xE0,0x00,0x03,0x80,0x00,0x00,0x03,0x80,0x00,0x00,0x03,0x80,0x00,0x00,0x03,0x80,0x00,0x00,0x03,0x80,0x00,0x00,0x03,0x80,0x00,0x00,0x03,0x80,0x00,0x00,0x03,0x80,0x00,0x00,0x03,0x80,0x00,0x00,0x00,0x00,0x00,0x00,0x00,0x00,0x00,0x00,0x00,0x00,0x00,0x00,0x00,0x00,0x00,0x00,0x00,0x00,0x00},
    {0x00,0x00,0x00,0x00,0x00,0x00,0x00,0x00,0x01,0xFF,0xFF,0x00,0x01,0xFF,0xFF,0x00,0x01,0xFF,0xFF,0x00,0x01,0x80,0x00,0x00,0x01,0x80,0x00,0x00,0x01,0x80,0x00,0x00,0x01,0x80,0x00,0x00,0x01,0xFF,0xFF,0x80,0x01,0xFF,0xFF,0x00,0x00,0x03,0x80,0x00,0x00,0x03,0x80,0x00,0x00,0x03,0x80,0x00,0x0F,0xFF,0xFF,0xE0,0x0F,0xFF,0xFF,0xE0,0x00,0x00,0x00,0x00,0x00,0x00,0x00,0x00,0x00,0x3F,0xF8,0x00,0x00,0xFF,0xFE,0x00,0x01,0xF0,0x1F,0x00,0x01,0xC0,0x07,0x00,0x01,0xC0,0x07,0x00,0x01,0xC0,0x07,0x00,0x01,0xFC,0x7F,0x00,0x00,0xFF,0xFE,0x00,0x00,0x1F,0xF0,0x00,0x00,0x00,0x00,0x00,0x00,0x00,0x00,0x00,0x00,0x00,0x00,0x00,0x00,0x00,0x00,0x00,0x00,0x00,0x00,0x00},
    {0x00,0x00,0x00,0x00,0x00,0x00,0x07,0x00,0x00,0xFE,0x07,0x00,0x00,0xFF,0x07,0x00,0x00,0xFE,0x07,0x00,0x00,0x00,0x07,0x00,0x0F,0xFF,0xE7,0x00,0x0F,0xFF,0xF7,0x00,0x0F,0xFF,0xE7,0x00,0x00,0x38,0x07,0x00,0x01,0xFF,0x07,0x00,0x03,0xFF,0x87,0x00,0x03,0x83,0xC7,0xF0,0x07,0x01,0xC7,0xF0,0x07,0x01,0xC7,0xF0,0x03,0x83,0xC7,0x00,0x03,0xFF,0x87,0x00,0x01,0xFF,0x07,0x00,0x00,0x38,0x07,0x00,0x00,0x38,0x07,0x00,0x0F,0xFF,0xF7,0x00,0x1F,0xFF,0xF7,0x00,0x0F,0xFE,0x07,0x00,0x00,0x00,0x07,0x00,0x00,0x00,0x07,0x00,0x00,0x00,0x07,0x00,0x00,0x00,0x07,0x00,0x00,0x00,0x00,0x00,0x00,0x00,0x00,0x00,0x00,0x00,0x00,0x00,0x00,0x00,0x00,0x00,0x00,0x00,0x00,0x00},
    {0x00,0x00,0x00,0x00,0x00,0x00,0x03,0x80,0x00,0x00,0x03,0x80,0x03,0xFF,0xE3,0x80,0x03,0xFF,0xE3,0x80,0x03,0x80,0x03,0x80,0x03,0x80,0x03,0x80,0x03,0x80,0x03,0x80,0x03,0x80,0x03,0x80,0x03,0xFF,0xE3,0x80,0x03,0xFF,0xE3,0x80,0x00,0x1C,0x03,0x80,0x00,0x1C,0x03,0x80,0x00,0x1C,0xFB,0x80,0x0F,0xFF,0xFB,0x80,0x0F,0xFF,0xF3,0x80,0x00,0x00,0x03,0x80,0x00,0x00,0x00,0x00,0x00,0xFF,0xFF,0x80,0x00,0xFF,0xFF,0x80,0x00,0xE0,0x03,0x80,0x00,0xE0,0x03,0x80,0x00,0xE0,0x03,0x80,0x00,0xE0,0x03,0x80,0x00,0xFF,0xFF,0x80,0x00,0xFF,0xFF,0x80,0x00,0xFF,0xFF,0x80,0x00,0x00,0x00,0x00,0x00,0x00,0x00,0x00,0x00,0x00,0x00,0x00,0x00,0x00,0x00,0x00,0x00,0x00,0x00,0x00},
    {0x00,0x00,0x00,0x00,0x00,0x00,0x03,0x80,0x00,0x00,0x03,0x80,0x00,0x00,0x03,0x80,0x07,0xFF,0xC3,0x80,0x07,0xFF,0xC3,0x80,0x07,0x01,0xC3,0x80,0x07,0x01,0xC3,0x80,0x07,0x01,0xC3,0x80,0x07,0x01,0xC3,0x80,0x07,0x01,0xC3,0x80,0x07,0x01,0xC3,0x80,0x07,0x01,0xC3,0x80,0x07,0x01,0xC3,0x80,0x07,0x01,0xC3,0x80,0x07,0x01,0xC3,0x80,0x07,0x01,0xC3,0x80,0x07,0x01,0xC3,0x80,0x07,0xFF,0xC3,0x80,0x07,0xFF,0xC3,0x80,0x03,0xFF,0x83,0x80,0x00,0x00,0x03,0x80,0x00,0x00,0x03,0x80,0x00,0x00,0x03,0x80,0x00,0x00,0x03,0x80,0x00,0x00,0x03,0x80,0x00,0x00,0x03,0x80,0x00,0x00,0x00,0x00,0x00,0x00,0x00,0x00,0x00,0x00,0x00,0x00,0x00,0x00,0x00,0x00,0x00,0x00,0x00,0x00},
    {0x00,0x00,0x00,0x00,0x00,0x00,0x07,0x00,0x00,0x00,0x07,0x00,0x01,0xFE,0x07,0x00,0x01,0xFF,0x07,0x00,0x00,0x00,0x07,0x00,0x00,0x00,0x07,0x00,0x0F,0xFF,0xC7,0x00,0x0F,0xFF,0xE7,0x00,0x07,0xFF,0xE7,0x00,0x00,0x38,0x07,0x00,0x00,0x38,0x07,0x00,0x00,0x38,0x07,0xF0,0x00,0x7C,0x07,0xF0,0x00,0x7C,0x07,0x00,0x00,0xFE,0x07,0x00,0x00,0xEE,0x07,0x00,0x01,0xC7,0x07,0x00,0x03,0xC7,0xC7,0x00,0x0F,0x83,0xE7,0x00,0x1F,0x00,0xE7,0x00,0x0E,0x00,0x47,0x00,0x00,0x00,0x07,0x00,0x00,0x00,0x07,0x00,0x00,0x00,0x07,0x00,0x00,0x00,0x07,0x00,0x00,0x00,0x07,0x00,0x00,0x00,0x00,0x00,0x00,0x00,0x00,0x00,0x00,0x00,0x00,0x00,0x00,0x00,0x00,0x00,0x00,0x00,0x00,0x00},
    {0x00,0x00,0x00,0x00,0x00,0x00,0x00,0x00,0x00,0x00,0x00,0x00,0x00,0x00,0x00,0x00,0x01,0xFF,0xFF,0x00,0x01,0xFF,0xFF,0x00,0x01,0x80,0x00,0x00,0x01,0x80,0x00,0x00,0x01,0x80,0x00,0x00,0x01,0x80,0x00,0x00,0x01,0x80,0x00,0x00,0x01,0x80,0x00,0x00,0x01,0x80,0x00,0x00,0x01,0xC0,0x00,0x00,0x01,0xFF,0xFF,0x80,0x01,0xFF,0xFF,0x00,0x00,0x00,0x00,0x00,0x00,0x00,0x00,0x00,0x00,0x00,0x00,0x00,0x00,0x00,0x00,0x00,0x00,0x00,0x00,0x00,0x0F,0xFF,0xFF,0xE0,0x0F,0xFF,0xFF,0xE0,0x0F,0xFF,0xFF,0xE0,0x00,0x00,0x00,0x00,0x00,0x00,0x00,0x00,0x00,0x00,0x00,0x00,0x00,0x00,0x00,0x00,0x00,0x00,0x00,0x00,0x00,0x00,0x00,0x00,0x00,0x00,0x00,0x00,0x00,0x00,0x00,0x00},
    {0x00,0x00,0x00,0x00,0x00,0x00,0x01,0x80,0x00,0x00,0x03,0x80,0x03,0xFF,0x83,0x80,0x07,0xFF,0xC3,0x80,0x07,0xFF,0xC3,0x80,0x00,0x01,0xC3,0x80,0x00,0x01,0xC3,0x80,0x00,0x01,0xC3,0x80,0x00,0x01,0xC3,0x80,0x00,0x03,0xC3,0x80,0x07,0xFF,0xC3,0x80,0x07,0xFF,0xC3,0x80,0x07,0x00,0x03,0x80,0x07,0x00,0x03,0x80,0x07,0x00,0x03,0x80,0x07,0x00,0x03,0x80,0x07,0x00,0x03,0x80,0x07,0xFF,0xFB,0x80,0x07,0xFF,0xFB,0x80,0x07,0xFF,0xC3,0x80,0x00,0x00,0x03,0x80,0x00,0x00,0x03,0x80,0x00,0x00,0x03,0x80,0x00,0x00,0x03,0x80,0x00,0x00,0x03,0x80,0x00,0x00,0x03,0x80,0x00,0x00,0x00,0x00,0x00,0x00,0x00,0x00,0x00,0x00,0x00,0x00,0x00,0x00,0x00,0x00,0x00,0x00,0x00,0x00},
    {0x00,0x00,0x00,0x00,0x00,0x00,0x00,0x00,0x00,0x00,0x00,0x00,0x00,0x00,0x00,0x00,0x03,0xFF,0xFF,0x80,0x03,0xFF,0xFF,0x80,0x00,0x00,0x00,0x00,0x00,0x70,0x1C,0x00,0x00,0x70,0x1C,0x00,0x00,0x70,0x1C,0x00,0x00,0x30,0x1C,0x00,0x00,0x30,0x18,0x00,0x00,0x38,0x18,0x00,0x00,0x38,0x38,0x00,0x03,0xFF,0xFF,0x80,0x03,0xFF,0xFF,0x80,0x03,0xFF,0xFF,0x80,0x00,0x00,0x00,0x00,0x00,0x00,0x00,0x00,0x00,0x00,0x00,0x00,0x00,0x00,0x00,0x00,0x0F,0xFF,0xFF,0xE0,0x0F,0xFF,0xFF,0xE0,0x0F,0xFF,0xFF,0xE0,0x00,0x00,0x00,0x00,0x00,0x00,0x00,0x00,0x00,0x00,0x00,0x00,0x00,0x00,0x00,0x00,0x00,0x00,0x00,0x00,0x00,0x00,0x00,0x00,0x00,0x00,0x00,0x00,0x00,0x00,0x00,0x00},
    {0x00,0x00,0x00,0x00,0x00,0x00,0x00,0x00,0x00,0x00,0x00,0x00,0x00,0x00,0x00,0x00,0x01,0xFF,0xFF,0x00,0x01,0xFF,0xFF,0x00,0x01,0x80,0x00,0x00,0x01,0x80,0x00,0x00,0x01,0x80,0x00,0x00,0x01,0xFF,0xFF,0x00,0x01,0xFF,0xFF,0x00,0x01,0xFF,0xFE,0x00,0x01,0x80,0x00,0x00,0x01,0x80,0x00,0x00,0x01,0xC0,0x00,0x00,0x01,0xFF,0xFF,0x00,0x01,0xFF,0xFF,0x80,0x00,0x00,0x00,0x00,0x00,0x00,0x00,0x00,0x00,0x00,0x00,0x00,0x00,0x00,0x00,0x00,0x0F,0xFF,0xFF,0xE0,0x0F,0xFF,0xFF,0xE0,0x0F,0xFF,0xFF,0xE0,0x00,0x00,0x00,0x00,0x00,0x00,0x00,0x00,0x00,0x00,0x00,0x00,0x00,0x00,0x00,0x00,0x00,0x00,0x00,0x00,0x00,0x00,0x00,0x00,0x00,0x00,0x00,0x00,0x00,0x00,0x00,0x00},
    {0x00,0x00,0x00,0x00,0x00,0x00,0x03,0x80,0x00,0x00,0x03,0x80,0x07,0xFF,0x83,0x80,0x07,0xFF,0x83,0x80,0x00,0x03,0x83,0x80,0x00,0x03,0x83,0x80,0x00,0x07,0x03,0x80,0x00,0x07,0x7F,0x80,0x00,0x0E,0x7F,0x80,0x00,0x1E,0x03,0x80,0x00,0x7C,0x03,0x80,0x00,0xF8,0x03,0x80,0x07,0xF0,0x03,0x80,0x0F,0xC0,0x03,0x80,0x07,0x00,0x03,0x80,0x00,0x00,0x00,0x00,0x00,0xFF,0xFF,0x80,0x00,0xFF,0xFF,0x80,0x00,0xFF,0xFF,0x80,0x00,0xE0,0x03,0x80,0x00,0xE0,0x03,0x80,0x00,0xE0,0x03,0x80,0x00,0xE0,0x03,0x80,0x00,0xFF,0xFF,0x80,0x00,0xFF,0xFF,0x80,0x00,0xFF,0xFF,0x80,0x00,0x00,0x00,0x00,0x00,0x00,0x00,0x00,0x00,0x00,0x00,0x00,0x00,0x00,0x00,0x00,0x00,0x00,0x00,0x00},
    {0x00,0x00,0x00,0x00,0x00,0x00,0x01,0xC0,0x00,0x00,0x31,0xC0,0x00,0x70,0x31,0xC0,0x00,0x70,0x31,0xC0,0x00,0x70,0x31,0xC0,0x00,0x70,0x31,0xC0,0x00,0x70,0x39,0xC0,0x00,0xF0,0x3F,0xC0,0x00,0xF8,0x3F,0xC0,0x01,0xFC,0x31,0xC0,0x01,0xDE,0x31,0xC0,0x03,0x8F,0x31,0xC0,0x0F,0x87,0xB1,0xC0,0x0F,0x03,0xB1,0xC0,0x0E,0x00,0x31,0xC0,0x00,0x00,0x31,0xC0,0x00,0x00,0x00,0x00,0x00,0xFF,0xFF,0xC0,0x00,0xFF,0xFF,0xC0,0x00,0x00,0x01,0xC0,0x00,0x00,0x01,0xC0,0x00,0x00,0x01,0xC0,0x00,0x00,0x01,0xC0,0x00,0x00,0x01,0xC0,0x00,0x00,0x01,0xC0,0x00,0x00,0x01,0xC0,0x00,0x00,0x00,0x00,0x00,0x00,0x00,0x00,0x00,0x00,0x00,0x00,0x00,0x00,0x00,0x00,0x00,0x00,0x00,0x00},
    {0x00,0x00,0x00,0x00,0x00,0x00,0x01,0xC0,0x00,0x00,0x39,0xC0,0x00,0x00,0x39,0xC0,0x0F,0xFF,0x39,0xC0,0x0F,0xFF,0x39,0xC0,0x0F,0xFF,0x39,0xC0,0x00,0x08,0x39,0xC0,0x03,0x8E,0x39,0xC0,0x03,0x8E,0x39,0xC0,0x03,0x8E,0x39,0xC0,0x03,0x8C,0x3F,0xC0,0x03,0x8C,0x3F,0xC0,0x03,0x8C,0x3F,0xC0,0x03,0x9C,0x39,0xC0,0x03,0x9C,0x39,0xC0,0x03,0x9C,0x39,0xC0,0x03,0x9C,0x39,0xC0,0x0F,0xFF,0xB9,0xC0,0x0F,0xFF,0xB9,0xC0,0x0F,0xF0,0x39,0xC0,0x00,0x00,0x39,0xC0,0x00,0x00,0x39,0xC0,0x00,0x00,0x39,0xC0,0x00,0x00,0x39,0xC0,0x00,0x00,0x31,0xC0,0x00,0x00,0x01,0xC0,0x00,0x00,0x00,0x00,0x00,0x00,0x00,0x00,0x00,0x00,0x00,0x00,0x00,0x00,0x00,0x00,0x00,0x00,0x00,0x00},
    {0x00,0x00,0x00,0x00,0x00,0x00,0x01,0xC0,0x00,0x00,0x31,0xC0,0x07,0xFE,0x31,0xC0,0x07,0xFE,0x31,0xC0,0x07,0x00,0x31,0xC0,0x07,0x00,0x31,0xC0,0x07,0xFE,0x3F,0xC0,0x07,0xFE,0x3F,0xC0,0x07,0xFE,0x3F,0xC0,0x07,0x00,0x31,0xC0,0x07,0x00,0x31,0xC0,0x07,0xFF,0x31,0xC0,0x07,0xFF,0xB1,0xC0,0x07,0xFC,0x31,0xC0,0x00,0x00,0x01,0x80,0x00,0x60,0x01,0x80,0x00,0x60,0x01,0xC0,0x00,0x60,0x01,0xC0,0x00,0x7F,0xFF,0xC0,0x00,0x7F,0xFF,0xC0,0x00,0x7F,0xFF,0xC0,0x00,0x60,0x01,0xC0,0x00,0x60,0x01,0xC0,0x00,0x7F,0xFF,0xC0,0x00,0x7F,0xFF,0xC0,0x00,0x7F,0xFF,0x80,0x00,0x00,0x00,0x00,0x00,0x00,0x00,0x00,0x00,0x00,0x00,0x00,0x00,0x00,0x00,0x00,0x00,0x00,0x00,0x00},
    {0x00,0x00,0x00,0x00,0x00,0x00,0x07,0x00,0x00,0x00,0x07,0x00,0x01,0xFE,0x07,0x00,0x01,0xFF,0x07,0x00,0x00,0x00,0x07,0x00,0x00,0x00,0x07,0x00,0x0F,0xFF,0xE7,0x00,0x0F,0xFF,0xE7,0x00,0x0F,0xFF,0xE7,0x00,0x00,0x00,0x07,0x00,0x00,0xFE,0x07,0x00,0x01,0xFF,0x07,0xF0,0x03,0xC7,0x87,0xF0,0x03,0x83,0x87,0x00,0x07,0x01,0xC7,0x00,0x07,0x01,0xC7,0x00,0x03,0x83,0xC7,0x00,0x03,0xC3,0x87,0x00,0x03,0xFF,0x87,0x00,0x01,0xFF,0x07,0x00,0x00,0x38,0x07,0x00,0x00,0x00,0x07,0x00,0x00,0x00,0x07,0x00,0x00,0x00,0x07,0x00,0x00,0x00,0x07,0x00,0x00,0x00,0x07,0x00,0x00,0x00,0x00,0x00,0x00,0x00,0x00,0x00,0x00,0x00,0x00,0x00,0x00,0x00,0x00,0x00,0x00,0x00,0x00,0x00},
    {0x00,0x00,0x00,0x00,0x00,0x00,0x01,0x80,0x00,0x00,0x03,0x80,0x00,0xF8,0x03,0x80,0x03,0xFE,0x03,0x80,0x03,0xFF,0x03,0x80,0x07,0x8F,0x03,0x80,0x07,0x07,0x7F,0x80,0x0E,0x03,0xFF,0x80,0x0E,0x03,0x83,0x80,0x0E,0x03,0x83,0x80,0x0E,0x03,0x83,0x80,0x0E,0x03,0x83,0x80,0x0E,0x03,0x83,0x80,0x0E,0x03,0x83,0x80,0x0E,0x03,0xFF,0x80,0x07,0x07,0xFF,0x80,0x07,0x07,0x03,0x80,0x07,0xDF,0x03,0x80,0x03,0xFE,0x03,0x80,0x01,0xFC,0x03,0x80,0x00,0x00,0x03,0x80,0x00,0x00,0x03,0x80,0x00,0x00,0x03,0x80,0x00,0x00,0x03,0x80,0x00,0x00,0x03,0x80,0x00,0x00,0x03,0x80,0x00,0x00,0x00,0x00,0x00,0x00,0x00,0x00,0x00,0x00,0x00,0x00,0x00,0x00,0x00,0x00,0x00,0x00,0x00,0x00},
    {0x00,0x00,0x00,0x00,0x00,0x00,0x01,0xC0,0x00,0x00,0x31,0xC0,0x00,0x00,0x31,0xC0,0x0F,0xFF,0xB1,0xC0,0x0F,0xFF,0xB1,0xC0,0x0F,0xFF,0x31,0xC0,0x00,0x70,0x31,0xC0,0x00,0x70,0x31,0xC0,0x00,0x70,0x31,0xC0,0x00,0x70,0x31,0xC0,0x00,0x70,0x3F,0xC0,0x00,0xF8,0x3F,0xC0,0x00,0xF8,0x3F,0xC0,0x00,0xF8,0x31,0xC0,0x01,0xDC,0x31,0xC0,0x03,0xDE,0x31,0xC0,0x03,0x8F,0x31,0xC0,0x0F,0x07,0xB1,0xC0,0x1F,0x03,0xB1,0xC0,0x0E,0x01,0x31,0xC0,0x00,0x00,0x31,0xC0,0x00,0x00,0x31,0xC0,0x00,0x00,0x31,0xC0,0x00,0x00,0x31,0xC0,0x00,0x00,0x31,0xC0,0x00,0x00,0x01,0xC0,0x00,0x00,0x00,0x00,0x00,0x00,0x00,0x00,0x00,0x00,0x00,0x00,0x00,0x00,0x00,0x00,0x00,0x00,0x00,0x00},
    {0x00,0x00,0x00,0x00,0x00,0x00,0x01,0xC0,0x00,0x00,0x39,0xC0,0x00,0x00,0x39,0xC0,0x07,0x00,0x39,0xC0,0x07,0x00,0x39,0xC0,0x07,0x00,0x39,0xC0,0x07,0x00,0x39,0xC0,0x07,0x00,0x39,0xC0,0x07,0x00,0x39,0xC0,0x07,0x0F,0xF9,0xC0,0x07,0x0F,0xF9,0xC0,0x07,0x00,0x39,0xC0,0x07,0x00,0x39,0xC0,0x07,0x00,0x39,0xC0,0x07,0x00,0x39,0xC0,0x07,0x00,0x39,0xC0,0x07,0x03,0x39,0xC0,0x07,0xFF,0xB9,0xC0,0x07,0xFF,0x39,0xC0,0x03,0x00,0x39,0xC0,0x00,0x00,0x39,0xC0,0x00,0x00,0x39,0xC0,0x00,0x00,0x39,0xC0,0x00,0x00,0x39,0xC0,0x00,0x00,0x39,0xC0,0x00,0x00,0x01,0xC0,0x00,0x00,0x00,0x00,0x00,0x00,0x00,0x00,0x00,0x00,0x00,0x00,0x00,0x00,0x00,0x00,0x00,0x00,0x00,0x00},
    {0x00,0x00,0x00,0x00,0x00,0x00,0x01,0x80,0x00,0x3E,0x03,0x80,0x01,0xFF,0x83,0x80,0x01,0xFF,0xC3,0x80,0x03,0x81,0xE3,0x80,0x03,0x80,0xE3,0x80,0x07,0x00,0xE3,0x80,0x07,0x00,0xE3,0x80,0x03,0x80,0xE3,0x80,0x03,0xC1,0xE3,0x80,0x01,0xFF,0xC3,0x80,0x00,0xFF,0x83,0x80,0x00,0x08,0x03,0x80,0x00,0x00,0x7B,0x80,0x0F,0xFF,0xFB,0x80,0x0F,0xFF,0xFB,0x80,0x00,0x3C,0x03,0x80,0x00,0x1C,0x03,0x80,0x00,0x1C,0x7F,0x80,0x00,0x1C,0x7F,0x80,0x00,0x1C,0x03,0x80,0x00,0x1C,0x03,0x80,0x00,0x1C,0x03,0x80,0x00,0x1C,0x03,0x80,0x00,0x1C,0x03,0x80,0x00,0x00,0x03,0x80,0x00,0x00,0x00,0x00,0x00,0x00,0x00,0x00,0x00,0x00,0x00,0x00,0x00,0x00,0x00,0x00,0x00,0x00,0x00,0x00},
    {0x00,0x00,0x00,0x00,0x00,0x00,0x00,0x00,0x00,0x00,0x00,0x00,0x00,0x00,0x00,0x00,0x01,0xFF,0xFF,0x00,0x01,0xFF,0xFF,0x00,0x00,0x00,0x07,0x00,0x00,0x00,0x07,0x00,0x00,0x00,0x07,0x00,0x00,0x00,0x07,0x00,0x00,0x00,0x07,0x00,0x00,0x3F,0xFF,0x00,0x03,0xFF,0xFF,0x00,0x03,0xFF,0xF7,0x00,0x00,0x00,0x07,0x00,0x00,0x00,0x07,0x00,0x00,0x00,0x07,0x00,0x00,0x00,0x07,0x00,0x00,0x00,0x06,0x00,0x00,0x00,0x06,0x00,0x00,0x00,0x00,0x00,0x0F,0xFF,0xFF,0xE0,0x0F,0xFF,0xFF,0xE0,0x00,0x00,0x00,0x00,0x00,0x00,0x00,0x00,0x00,0x00,0x00,0x00,0x00,0x00,0x00,0x00,0x00,0x00,0x00,0x00,0x00,0x00,0x00,0x00,0x00,0x00,0x00,0x00,0x00,0x00,0x00,0x00,0x00,0x00,0x00,0x00},
    {0x00,0x00,0x00,0x00,0x00,0x00,0x03,0x80,0x00,0x00,0x03,0x80,0x00,0x38,0x03,0x80,0x00,0x38,0x03,0x80,0x00,0x38,0x03,0x80,0x00,0x38,0x03,0x80,0x00,0x38,0x7F,0x80,0x00,0x78,0x7F,0x80,0x00,0x7C,0x7F,0x80,0x00,0xFE,0x03,0x80,0x00,0xEF,0x03,0x80,0x01,0xE7,0x83,0x80,0x03,0xC3,0xC3,0x80,0x0F,0x81,0xE3,0x80,0x0F,0x00,0xE3,0x80,0x04,0x00,0x03,0x80,0x00,0x00,0x03,0x80,0x00,0xE0,0x03,0x80,0x00,0xE0,0x03,0x80,0x00,0xE0,0x00,0x00,0x00,0xE0,0x00,0x00,0x00,0xE0,0x00,0x00,0x00,0xE0,0x00,0x00,0x00,0xFF,0xFF,0xC0,0x00,0xFF,0xFF,0xC0,0x00,0x00,0x00,0x00,0x00,0x00,0x00,0x00,0x00,0x00,0x00,0x00,0x00,0x00,0x00,0x00,0x00,0x00,0x00,0x00,0x00,0x00,0x00,0x00},
    {0x00,0x00,0x00,0x00,0x00,0x00,0x01,0xC0,0x00,0x00,0x31,0xC0,0x07,0xFE,0x31,0xC0,0x07,0xFE,0x31,0xC0,0x07,0x00,0x31,0xC0,0x07,0x00,0x31,0xC0,0x07,0x00,0x39,0xC0,0x07,0xFE,0x3F,0xC0,0x07,0xFE,0x3F,0xC0,0x07,0x00,0x39,0xC0,0x07,0x00,0x31,0xC0,0x07,0x03,0x31,0xC0,0x07,0xFF,0xB1,0xC0,0x07,0xFF,0x31,0xC0,0x00,0x00,0x31,0xC0,0x00,0x00,0x31,0xC0,0x00,0x00,0x00,0x00,0x00,0xFF,0xFF,0xC0,0x00,0xFF,0xFF,0xC0,0x00,0x00,0x01,0xC0,0x00,0x00,0x01,0xC0,0x00,0x00,0x01,0xC0,0x00,0x00,0x01,0xC0,0x00,0x00,0x01,0xC0,0x00,0x00,0x01,0xC0,0x00,0x00,0x01,0xC0,0x00,0x00,0x00,0x00,0x00,0x00,0x00,0x00,0x00,0x00,0x00,0x00,0x00,0x00,0x00,0x00,0x00,0x00,0x00,0x00},
    {0x00,0x00,0x00,0x00,0x00,0x00,0x03,0x80,0x00,0x30,0x03,0x80,0x01,0xFE,0x03,0x80,0x03,0xFF,0x03,0x80,0x07,0x87,0x83,0x80,0x0F,0x03,0x83,0x80,0x0E,0x01,0xFF,0x80,0x0E,0x01,0xFF,0x80,0x0E,0x01,0xBF,0x80,0x0F,0x03,0x83,0x80,0x07,0x87,0x83,0x80,0x03,0xFF,0x03,0x80,0x01,0xFE,0x03,0x80,0x00,0x78,0x03,0x80,0x00,0x00,0x00,0x00,0x01,0x83,0x0E,0x00,0x01,0x87,0x0E,0x00,0x01,0x87,0x0E,0x00,0x01,0xFF,0x0E,0x00,0x01,0xFF,0x0F,0x00,0x01,0xFF,0x0F,0x00,0x01,0x87,0x1F,0x80,0x01,0x87,0x3B,0xC0,0x01,0xFF,0x79,0xE0,0x01,0xFF,0xF0,0xE0,0x01,0xFF,0x60,0x60,0x00,0x00,0x00,0x00,0x00,0x00,0x00,0x00,0x00,0x00,0x00,0x00,0x00,0x00,0x00,0x00,0x00,0x00,0x00,0x00},
    {0x00,0x00,0x00,0x00,0x00,0x00,0x00,0x00,0x00,0x3F,0xF8,0x00,0x00,0xFF,0xFE,0x00,0x01,0xF0,0x1F,0x00,0x01,0xC0,0x07,0x00,0x03,0x80,0x03,0x80,0x01,0xC0,0x03,0x80,0x01,0xE0,0x0F,0x00,0x00,0xFF,0xFF,0x00,0x00,0x7F,0xFC,0x00,0x00,0x0F,0xF0,0x00,0x00,0x00,0x00,0x00,0x0F,0xFF,0xFF,0xE0,0x0F,0xFF,0xFF,0xE0,0x0F,0xFF,0xFF,0xE0,0x00,0x00,0x00,0x00,0x00,0x00,0x00,0x00,0x01,0xFF,0xFF,0x00,0x01,0xFF,0xFF,0x00,0x01,0xC0,0x07,0x00,0x01,0x80,0x03,0x00,0x01,0x80,0x03,0x00,0x01,0x80,0x03,0x00,0x01,0xFF,0xFF,0x00,0x01,0xFF,0xFF,0x00,0x01,0xFF,0xFF,0x00,0x00,0x00,0x00,0x00,0x00,0x00,0x00,0x00,0x00,0x00,0x00,0x00,0x00,0x00,0x00,0x00,0x00,0x00,0x00,0x00},
    {0x00,0x00,0x00,0x00,0x00,0x00,0x01,0x80,0x00,0x00,0x03,0x80,0x07,0x01,0xC3,0x80,0x07,0x01,0xC3,0x80,0x07,0x01,0xC3,0x80,0x07,0x01,0xC3,0x80,0x07,0x01,0xC3,0x80,0x07,0x01,0xC3,0x80,0x07,0x01,0xC3,0x80,0x07,0xFF,0xC3,0x80,0x07,0xFF,0xC3,0x80,0x07,0x01,0xC3,0x80,0x07,0x01,0xC3,0x80,0x07,0x01,0xC3,0x80,0x07,0x01,0xC3,0x80,0x07,0x01,0xC3,0x80,0x07,0x01,0xC3,0x80,0x07,0xFF,0xC3,0x80,0x07,0xFF,0xC3,0x80,0x07,0xFF,0x83,0x80,0x00,0x00,0x03,0x80,0x00,0x00,0x03,0x80,0x00,0x00,0x03,0x80,0x00,0x00,0x03,0x80,0x00,0x00,0x03,0x80,0x00,0x00,0x03,0x80,0x00,0x00,0x00,0x00,0x00,0x00,0x00,0x00,0x00,0x00,0x00,0x00,0x00,0x00,0x00,0x00,0x00,0x00,0x00,0x00},
    {0x00,0x00,0x00,0x00,0x00,0x00,0x03,0x80,0x00,0x00,0x03,0x80,0x07,0xFF,0xC3,0x80,0x07,0xFF,0xC3,0x80,0x07,0x01,0xC3,0x80,0x07,0x01,0xC3,0x80,0x07,0x01,0xC3,0x80,0x07,0x01,0xC3,0x80,0x07,0x01,0xC3,0x80,0x07,0x01,0xC3,0x80,0x07,0xFF,0xC3,0x80,0x07,0xFF,0xC3,0x80,0x03,0xFF,0x83,0x80,0x00,0x00,0x01,0x80,0x00,0xFF,0xFF,0x80,0x00,0xFF,0xFF,0x80,0x00,0xFF,0xFF,0x80,0x00,0x00,0x03,0x80,0x00,0x00,0x03,0x80,0x00,0xFF,0xFF,0x80,0x00,0xFF,0xFF,0x80,0x00,0xE0,0x00,0x00,0x00,0xE0,0x00,0x00,0x00,0xFF,0xFF,0xC0,0x00,0xFF,0xFF,0xC0,0x00,0xFF,0xFF,0xC0,0x00,0x00,0x00,0x00,0x00,0x00,0x00,0x00,0x00,0x00,0x00,0x00,0x00,0x00,0x00,0x00,0x00,0x00,0x00,0x00},
    {0x00,0x00,0x00,0x00,0x00,0x00,0x03,0x80,0x00,0x00,0x03,0x80,0x07,0x03,0x83,0x80,0x07,0x03,0x83,0x80,0x07,0x03,0x83,0x80,0x07,0x03,0x83,0x80,0x07,0xFF,0x83,0x80,0x07,0xFF,0xBF,0x80,0x07,0xFF,0xBF,0x80,0x07,0x03,0xBF,0x80,0x07,0x03,0x83,0x80,0x07,0x03,0x83,0x80,0x07,0x03,0x83,0x80,0x07,0xFF,0x83,0x80,0x07,0xFF,0x83,0x80,0x00,0x00,0x03,0x80,0x00,0x00,0x03,0x80,0x00,0xE0,0x03,0x80,0x00,0xE0,0x03,0x80,0x00,0xE0,0x00,0x00,0x00,0xE0,0x00,0x00,0x00,0xE0,0x00,0x00,0x00,0xE0,0x00,0x00,0x00,0xFF,0xFF,0xC0,0x00,0xFF,0xFF,0xC0,0x00,0x00,0x00,0x00,0x00,0x00,0x00,0x00,0x00,0x00,0x00,0x00,0x00,0x00,0x00,0x00,0x00,0x00,0x00,0x00,0x00,0x00,0x00,0x00},
    {0x00,0x00,0x00,0x00,0x00,0x00,0x00,0x00,0x00,0x1F,0xF0,0x00,0x00,0x1F,0xF0,0x00,0x00,0x1F,0xF0,0x00,0x00,0x00,0x00,0x00,0x07,0xFF,0xFF,0xC0,0x07,0xFF,0xFF,0xC0,0x07,0xFF,0xFF,0xC0,0x00,0x00,0x00,0x00,0x00,0x3F,0xF8,0x00,0x00,0xFF,0xFE,0x00,0x00,0xF0,0x1F,0x00,0x01,0xE0,0x07,0x00,0x01,0xC0,0x07,0x00,0x01,0xE0,0x0F,0x00,0x00,0xFF,0xFE,0x00,0x00,0x7F,0xFC,0x00,0x00,0x0F,0xE0,0x00,0x00,0x03,0x80,0x00,0x00,0x03,0x80,0x00,0x00,0x03,0x80,0x00,0x0F,0xFF,0xFF,0xE0,0x0F,0xFF,0xFF,0xE0,0x00,0x00,0x00,0x00,0x00,0x00,0x00,0x00,0x00,0x00,0x00,0x00,0x00,0x00,0x00,0x00,0x00,0x00,0x00,0x00,0x00,0x00,0x00,0x00,0x00,0x00,0x00,0x00,0x00,0x00,0x00,0x00},
    {0x00,0x00,0x00,0x00,0x00,0x00,0x03,0x80,0x00,0x38,0x03,0x80,0x01,0xFE,0x03,0x80,0x03,0xFF,0x03,0x80,0x07,0x87,0x83,0x80,0x07,0x03,0xC3,0x80,0x07,0x01,0xC3,0x80,0x0E,0x01,0xC3,0x80,0x07,0x01,0xC3,0x80,0x07,0x01,0xC3,0x80,0x07,0x83,0x83,0x80,0x03,0xFF,0x83,0x80,0x01,0xFF,0x03,0x80,0x00,0x78,0x03,0x80,0x00,0x00,0x00,0x00,0x00,0xE0,0x03,0x80,0x00,0xE0,0x03,0x80,0x00,0xE0,0x03,0x80,0x00,0xFF,0xFF,0x80,0x00,0xFF,0xFF,0x80,0x00,0xFF,0xFF,0x80,0x00,0xE0,0x03,0x80,0x00,0xE0,0x03,0x80,0x00,0xFF,0xFF,0x80,0x00,0xFF,0xFF,0x80,0x00,0xFF,0xFF,0x80,0x00,0x00,0x00,0x00,0x00,0x00,0x00,0x00,0x00,0x00,0x00,0x00,0x00,0x00,0x00,0x00,0x00,0x00,0x00,0x00},
    {0x00,0x00,0x00,0x00,0x00,0x00,0x03,0x80,0x00,0x00,0x03,0x80,0x07,0xFF,0x83,0x80,0x07,0xFF,0x83,0x80,0x00,0x03,0xBF,0x80,0x00,0x03,0xBF,0x80,0x00,0x03,0x83,0x80,0x07,0xFF,0x83,0x80,0x07,0xFF,0x83,0x80,0x07,0x00,0x3F,0x80,0x07,0x00,0x3F,0x80,0x07,0x00,0x3F,0x80,0x07,0x00,0x03,0x80,0x07,0xFF,0xC3,0x80,0x07,0xFF,0xC3,0x80,0x00,0x00,0x03,0x80,0x00,0x00,0x00,0x00,0x00,0xFF,0xFF,0x80,0x01,0xFF,0xFF,0x80,0x00,0xFF,0xFF,0x80,0x00,0x00,0x03,0x80,0x00,0x00,0x03,0x80,0x00,0x00,0x03,0x80,0x00,0x00,0x03,0x80,0x00,0x00,0x03,0x80,0x00,0x00,0x03,0x80,0x00,0x00,0x00,0x00,0x00,0x00,0x00,0x00,0x00,0x00,0x00,0x00,0x00,0x00,0x00,0x00,0x00,0x00,0x00,0x00},
    {0x00,0x00,0x00,0x00,0x00,0x00,0x03,0x80,0x00,0x00,0x03,0x80,0x00,0xFC,0x03,0x80,0x03,0xFE,0x03,0x80,0x07,0xFF,0x3F,0x80,0x07,0x03,0xBF,0x80,0x0E,0x03,0x83,0x80,0x0E,0x01,0xC3,0x80,0x0E,0x01,0xC3,0x80,0x0E,0x01,0xC3,0x80,0x0E,0x03,0xFF,0x80,0x07,0x07,0xBF,0x80,0x07,0xFF,0x3F,0x80,0x03,0xFE,0x03,0x80,0x00,0xFC,0x03,0x80,0x00,0x00,0x03,0x80,0x00,0x00,0x03,0x80,0x00,0xE0,0x03,0x80,0x00,0xE0,0x03,0x80,0x00,0xE0,0x00,0x00,0x00,0xE0,0x00,0x00,0x00,0xE0,0x00,0x00,0x00,0xE0,0x00,0x00,0x00,0xFF,0xFF,0xC0,0x00,0xFF,0xFF,0xC0,0x00,0x00,0x00,0x00,0x00,0x00,0x00,0x00,0x00,0x00,0x00,0x00,0x00,0x00,0x00,0x00,0x00,0x00,0x00,0x00,0x00,0x00,0x00,0x00},
    {0x00,0x00,0x00,0x00,0x00,0x00,0x03,0x80,0x03,0xFF,0x83,0x80,0x07,0xFF,0x83,0x80,0x07,0xFF,0x83,0x80,0x00,0x03,0xFF,0x80,0x00,0x07,0xFF,0x80,0x00,0x07,0x03,0x80,0x00,0x0F,0x03,0x80,0x00,0x1E,0x7F,0x80,0x00,0x3C,0x7F,0x80,0x00,0xF8,0x7F,0x80,0x03,0xF0,0x03,0x80,0x0F,0xE0,0x03,0x80,0x07,0x00,0x01,0x00,0x04,0xFF,0xFF,0x80,0x00,0xFF,0xFF,0x80,0x00,0xFF,0xFF,0x80,0x00,0x00,0x03,0x80,0x00,0x00,0x03,0x80,0x00,0xFF,0xFF,0x80,0x00,0xFF,0xFF,0x80,0x00,0xE0,0x00,0x00,0x00,0xE0,0x00,0x00,0x00,0xE0,0x00,0x00,0x00,0xFF,0xFF,0xC0,0x00,0xFF,0xFF,0xC0,0x00,0x00,0x00,0x00,0x00,0x00,0x00,0x00,0x00,0x00,0x00,0x00,0x00,0x00,0x00,0x00,0x00,0x00,0x00,0x00},
    {0x00,0x00,0x00,0x00,0x00,0x00,0x07,0x00,0x00,0x30,0x07,0x00,0x00,0x38,0x07,0x00,0x00,0x38,0x07,0x00,0x00,0x38,0x07,0x00,0x00,0x78,0x07,0x00,0x00,0x78,0x07,0x00,0x00,0x7C,0x07,0xF0,0x00,0xFC,0x07,0xF0,0x01,0xEE,0x07,0x00,0x03,0xCF,0x07,0x00,0x07,0xC7,0xC7,0x00,0x0F,0x83,0xE7,0x00,0x0E,0x00,0xC7,0x00,0x0C,0x00,0x07,0x00,0x00,0x00,0x07,0x00,0x00,0x3F,0xF8,0x00,0x00,0xFF,0xFE,0x00,0x01,0xF8,0x3F,0x00,0x01,0xC0,0x0F,0x00,0x01,0xC0,0x07,0x00,0x01,0xC0,0x07,0x00,0x01,0xE0,0x0F,0x00,0x00,0xFE,0xFE,0x00,0x00,0x7F,0xFC,0x00,0x00,0x1F,0xF0,0x00,0x00,0x00,0x00,0x00,0x00,0x00,0x00,0x00,0x00,0x00,0x00,0x00,0x00,0x00,0x00,0x00,0x00,0x00,0x00,0x00},
    {0x00,0x00,0x00,0x00,0x00,0x00,0x00,0x00,0x01,0xFF,0xFF,0x00,0x03,0xFF,0xFF,0x80,0x03,0xFF,0xFF,0x80,0x00,0x00,0x03,0x80,0x00,0x00,0x03,0x80,0x00,0x00,0x03,0x00,0x00,0x07,0x03,0x00,0x00,0x07,0x07,0x00,0x00,0x07,0x07,0x00,0x00,0x07,0x07,0x00,0x00,0x07,0x00,0x00,0x0F,0xFF,0xFF,0xE0,0x0F,0xFF,0xFF,0xE0,0x0F,0xFF,0xFF,0xE0,0x00,0x00,0x00,0x00,0x00,0x1F,0xF0,0x00,0x00,0xFF,0xFE,0x00,0x01,0xFF,0xFF,0x00,0x03,0xC0,0x07,0x80,0x03,0x80,0x03,0x80,0x03,0x80,0x03,0x80,0x03,0xC0,0x07,0x00,0x01,0xFF,0xFF,0x00,0x00,0xFF,0xFE,0x00,0x00,0x0F,0xE0,0x00,0x00,0x00,0x00,0x00,0x00,0x00,0x00,0x00,0x00,0x00,0x00,0x00,0x00,0x00,0x00,0x00,0x00,0x00,0x00,0x00},
    {0x00,0x00,0x00,0x00,0x00,0x00,0x01,0xC0,0x00,0x00,0x31,0xC0,0x06,0x06,0x31,0xC0,0x06,0x07,0x31,0xC0,0x06,0x07,0x31,0xC0,0x07,0x0F,0x31,0xC0,0x07,0xFF,0x39,0xC0,0x07,0xFF,0x3F,0xC0,0x07,0x07,0x3F,0xC0,0x06,0x07,0x31,0xC0,0x06,0x07,0x31,0xC0,0x07,0x07,0x31,0xC0,0x07,0xFF,0x31,0xC0,0x07,0xFF,0x31,0xC0,0x00,0x00,0x31,0xC0,0x00,0x00,0x31,0x80,0x00,0x00,0x00,0x00,0x00,0xFF,0xFF,0xC0,0x00,0xFF,0xFF,0xC0,0x00,0x00,0x01,0xC0,0x00,0x00,0x01,0xC0,0x00,0x00,0x01,0xC0,0x00,0x00,0x01,0xC0,0x00,0x00,0x01,0xC0,0x00,0x00,0x01,0xC0,0x00,0x00,0x01,0xC0,0x00,0x00,0x00,0x00,0x00,0x00,0x00,0x00,0x00,0x00,0x00,0x00,0x00,0x00,0x00,0x00,0x00,0x00,0x00,0x00},
    {0x00,0x00,0x00,0x00,0x00,0x00,0x03,0x80,0x00,0x00,0x03,0x80,0x06,0x03,0x83,0x80,0x06,0x03,0x83,0x80,0x06,0x03,0x83,0x80,0x06,0x03,0x83,0x80,0x06,0x03,0x83,0x80,0x06,0x03,0x83,0x80,0x07,0x03,0x83,0x80,0x07,0xFF,0xBF,0x80,0x07,0xFF,0xFF,0x80,0x06,0x03,0xBF,0x80,0x06,0x03,0x83,0x80,0x06,0x03,0x83,0x80,0x06,0x03,0x83,0x80,0x06,0x03,0x83,0x80,0x06,0x03,0x83,0x80,0x07,0xFF,0x83,0x80,0x07,0xFF,0x83,0x80,0x07,0xFF,0x83,0x80,0x00,0x00,0x03,0x80,0x00,0x00,0x03,0x80,0x00,0x00,0x03,0x80,0x00,0x00,0x03,0x80,0x00,0x00,0x03,0x80,0x00,0x00,0x03,0x80,0x00,0x00,0x00,0x00,0x00,0x00,0x00,0x00,0x00,0x00,0x00,0x00,0x00,0x00,0x00,0x00,0x00,0x00,0x00,0x00},
    {0x00,0x00,0x00,0x00,0x00,0x00,0x03,0x80,0x00,0x00,0x03,0x80,0x07,0xFF,0xE3,0x80,0x07,0xFF,0xE3,0x80,0x00,0x00,0x03,0x80,0x01,0x83,0x03,0x80,0x01,0xC7,0x03,0x80,0x01,0xC7,0x3F,0x80,0x01,0xC7,0x3F,0x80,0x01,0xC7,0x03,0x80,0x01,0xC7,0x03,0x80,0x01,0xC7,0x63,0x80,0x0F,0xFF,0xF3,0x80,0x0F,0xFF,0xE3,0x80,0x00,0x00,0x03,0x80,0x00,0x00,0x00,0x00,0x00,0xFF,0xFF,0x80,0x00,0xFF,0xFF,0x80,0x00,0xF0,0x03,0x80,0x00,0xE0,0x03,0x80,0x00,0xE0,0x03,0x80,0x00,0xE0,0x03,0x80,0x00,0xE0,0x03,0x80,0x00,0xFF,0xFF,0x80,0x00,0xFF,0xFF,0x80,0x00,0x7F,0xFF,0x80,0x00,0x00,0x00,0x00,0x00,0x00,0x00,0x00,0x00,0x00,0x00,0x00,0x00,0x00,0x00,0x00,0x00,0x00,0x00,0x00},
    {0x00,0x00,0x00,0x00,0x00,0x00,0x01,0xC0,0x00,0x00,0x39,0xC0,0x01,0xFC,0x39,0xC0,0x03,0xFE,0x39,0xC0,0x07,0x8F,0x39,0xC0,0x07,0x07,0x39,0xC0,0x06,0x07,0x39,0xC0,0x07,0x07,0x39,0xC0,0x07,0x0F,0x39,0xC0,0x07,0xFE,0x39,0xC0,0x03,0xFC,0x39,0xC0,0x00,0xF8,0x39,0xC0,0x00,0x00,0x39,0xC0,0x0F,0xFF,0xF9,0xC0,0x1F,0xFF,0xF9,0xC0,0x0F,0xF8,0x39,0xC0,0x00,0x70,0x39,0xC0,0x00,0x73,0xF9,0xC0,0x00,0x73,0xF9,0xC0,0x00,0x70,0x39,0xC0,0x00,0x70,0x39,0xC0,0x00,0x70,0x39,0xC0,0x00,0x70,0x39,0xC0,0x00,0x70,0x39,0xC0,0x00,0x00,0x19,0xC0,0x00,0x00,0x01,0xC0,0x00,0x00,0x00,0x00,0x00,0x00,0x00,0x00,0x00,0x00,0x00,0x00,0x00,0x00,0x00,0x00,0x00,0x00,0x00,0x00},
    {0x00,0x00,0x00,0x00,0x00,0x00,0x01,0xC0,0x00,0x00,0x71,0xC0,0x00,0x00,0x71,0xC0,0x07,0xFE,0x71,0xC0,0x07,0xFE,0x71,0xC0,0x07,0x00,0x71,0xC0,0x07,0x00,0x71,0xC0,0x07,0x00,0x71,0xC0,0x07,0x00,0x71,0xC0,0x07,0x00,0x71,0xC0,0x07,0xFE,0x7F,0xC0,0x07,0xFE,0x7F,0xC0,0x07,0x00,0x7F,0xC0,0x07,0x00,0x71,0xC0,0x07,0x00,0x71,0xC0,0x07,0x00,0x71,0xC0,0x07,0x00,0x71,0xC0,0x07,0xFF,0xF1,0xC0,0x07,0xFF,0xF1,0xC0,0x07,0xF0,0x71,0xC0,0x00,0x00,0x71,0xC0,0x00,0x00,0x71,0xC0,0x00,0x00,0x71,0xC0,0x00,0x00,0x71,0xC0,0x00,0x00,0x31,0xC0,0x00,0x00,0x01,0xC0,0x00,0x00,0x00,0x00,0x00,0x00,0x00,0x00,0x00,0x00,0x00,0x00,0x00,0x00,0x00,0x00,0x00,0x00,0x00,0x00},
    {0x00,0x00,0x00,0x00,0x00,0x00,0x03,0x80,0x00,0x7C,0x03,0x80,0x01,0xFF,0x03,0x80,0x03,0xFF,0x83,0x80,0x07,0x83,0xC3,0x80,0x07,0x01,0xC3,0x80,0x06,0x01,0xC3,0x80,0x06,0x01,0xC3,0x80,0x07,0x01,0xC3,0x80,0x07,0x03,0xC3,0x80,0x07,0xEF,0x83,0x80,0x03,0xFF,0x03,0x80,0x00,0xFE,0x03,0x80,0x00,0x00,0x03,0x80,0x00,0x00,0x00,0x00,0x01,0xFF,0x7F,0x80,0x01,0xFF,0x7F,0x80,0x00,0x07,0x03,0x80,0x00,0x07,0x03,0x80,0x01,0xFF,0x03,0x80,0x01,0xFF,0x03,0x80,0x01,0xC0,0x03,0x80,0x01,0xC0,0x03,0x80,0x01,0xCF,0x83,0x80,0x01,0xFF,0xC3,0x80,0x01,0xFF,0x03,0x80,0x00,0x00,0x00,0x00,0x00,0x00,0x00,0x00,0x00,0x00,0x00,0x00,0x00,0x00,0x00,0x00,0x00,0x00,0x00,0x00},
    {0x00,0x00,0x00,0x00,0x00,0x00,0x03,0x80,0x00,0x30,0x03,0x80,0x01,0xFE,0x03,0x80,0x03,0xFF,0x03,0x80,0x07,0x87,0x83,0x80,0x0F,0x03,0x83,0x80,0x0E,0x01,0xFF,0x80,0x0E,0x01,0xFF,0x80,0x0E,0x01,0xBF,0x80,0x0F,0x03,0x83,0x80,0x07,0x87,0x83,0x80,0x03,0xFF,0x03,0x80,0x01,0xFE,0x03,0x80,0x00,0x78,0x03,0x80,0x00,0x00,0x00,0x00,0x00,0xE0,0x03,0x80,0x00,0xE0,0x03,0x80,0x00,0xE0,0x03,0x80,0x00,0xFF,0xFF,0x80,0x00,0xFF,0xFF,0x80,0x00,0xFF,0xFF,0x80,0x00,0xE0,0x03,0x80,0x00,0xE0,0x03,0x80,0x00,0xFF,0xFF,0x80,0x00,0xFF,0xFF,0x80,0x00,0x7F,0xFF,0x80,0x00,0x00,0x00,0x00,0x00,0x00,0x00,0x00,0x00,0x00,0x00,0x00,0x00,0x00,0x00,0x00,0x00,0x00,0x00,0x00},
    {0x00,0x00,0x00,0x00,0x00,0x00,0x01,0xC0,0x00,0x00,0x39,0xC0,0x00,0x00,0x39,0xC0,0x07,0xFE,0x39,0xC0,0x07,0xFE,0x39,0xC0,0x07,0xFE,0x39,0xC0,0x06,0x00,0x39,0xC0,0x06,0x00,0x39,0xC0,0x06,0x00,0x39,0xC0,0x06,0x00,0x39,0xC0,0x06,0x0F,0xF9,0xC0,0x06,0x0F,0xF9,0xC0,0x06,0x00,0x39,0xC0,0x06,0x00,0x39,0xC0,0x06,0x00,0x39,0xC0,0x06,0x00,0x39,0xC0,0x06,0x00,0x39,0xC0,0x07,0xFF,0xB9,0xC0,0x07,0xFF,0xB9,0xC0,0x07,0xF0,0x39,0xC0,0x00,0x00,0x39,0xC0,0x00,0x00,0x39,0xC0,0x00,0x00,0x39,0xC0,0x00,0x00,0x39,0xC0,0x00,0x00,0x39,0xC0,0x00,0x00,0x01,0xC0,0x00,0x00,0x00,0x00,0x00,0x00,0x00,0x00,0x00,0x00,0x00,0x00,0x00,0x00,0x00,0x00,0x00,0x00,0x00,0x00},
    {0x00,0x00,0x00,0x00,0x00,0x00,0x03,0x80,0x00,0x00,0x03,0x80,0x00,0x7C,0x03,0x80,0x01,0xFF,0x03,0x80,0x03,0xFF,0x83,0x80,0x03,0x87,0x83,0x80,0x07,0x83,0xC3,0x80,0x07,0x01,0xC3,0x80,0x07,0x01,0xC3,0x80,0x07,0x01,0xC3,0x80,0x06,0x00,0xC3,0x80,0x06,0x01,0xC3,0x80,0x06,0x01,0xC3,0x80,0x07,0x01,0xC3,0x80,0x07,0x01,0xC3,0x80,0x07,0x01,0xC3,0x80,0x03,0x83,0x83,0x80,0x03,0xC7,0x83,0x80,0x01,0xFF,0x03,0x80,0x00,0xFE,0x03,0x80,0x00,0x10,0x03,0x80,0x00,0x00,0x03,0x80,0x00,0x00,0x03,0x80,0x00,0x00,0x03,0x80,0x00,0x00,0x03,0x80,0x00,0x00,0x01,0x80,0x00,0x00,0x00,0x00,0x00,0x00,0x00,0x00,0x00,0x00,0x00,0x00,0x00,0x00,0x00,0x00,0x00,0x00,0x00,0x00},
    {0x00,0x00,0x00,0x00,0x00,0x00,0x07,0x00,0x00,0x00,0x07,0x00,0x0F,0xFF,0xC7,0x00,0x0F,0xFF,0xC7,0x00,0x00,0x78,0x07,0x00,0x00,0x38,0x07,0x00,0x00,0x78,0x07,0x00,0x00,0x78,0x07,0xF0,0x00,0x7C,0x07,0xF0,0x00,0xFE,0x07,0x00,0x01,0xEF,0x07,0x00,0x03,0xC7,0xC7,0x00,0x0F,0x83,0xE7,0x00,0x1F,0x01,0xC7,0x00,0x0C,0x00,0x07,0x00,0x00,0x00,0x06,0x00,0x01,0xFF,0xFE,0x00,0x01,0xFF,0xFF,0x00,0x01,0xFF,0xFF,0x00,0x00,0x00,0x07,0x00,0x00,0x00,0x07,0x00,0x00,0x00,0x07,0x00,0x00,0x00,0x07,0x00,0x00,0x00,0x07,0x00,0x00,0x00,0x07,0x00,0x00,0x00,0x07,0x00,0x00,0x00,0x00,0x00,0x00,0x00,0x00,0x00,0x00,0x00,0x00,0x00,0x00,0x00,0x00,0x00,0x00,0x00,0x00,0x00},
    {0x00,0x00,0x00,0x00,0x00,0x00,0x01,0x80,0x00,0x00,0x03,0x80,0x00,0x18,0x03,0x80,0x00,0x38,0x03,0x80,0x00,0x38,0x03,0x80,0x00,0x38,0x03,0x80,0x00,0x38,0x03,0x80,0x00,0x38,0x03,0x80,0x00,0x38,0x03,0x80,0x00,0x38,0x7F,0x80,0x00,0x3C,0xFF,0x80,0x00,0x7C,0x7F,0x80,0x00,0x7E,0x03,0x80,0x00,0xEE,0x03,0x80,0x01,0xE7,0x03,0x80,0x01,0xC7,0x83,0x80,0x03,0xC3,0xC3,0x80,0x07,0x81,0xE3,0x80,0x0F,0x00,0xE3,0x80,0x0E,0x00,0x63,0x80,0x00,0x00,0x03,0x80,0x00,0x00,0x03,0x80,0x00,0x00,0x03,0x80,0x00,0x00,0x03,0x80,0x00,0x00,0x03,0x80,0x00,0x00,0x03,0x80,0x00,0x00,0x00,0x00,0x00,0x00,0x00,0x00,0x00,0x00,0x00,0x00,0x00,0x00,0x00,0x00,0x00,0x00,0x00,0x00},
    {0x00,0x00,0x00,0x00,0x00,0x00,0x01,0xC0,0x00,0x00,0x39,0xC0,0x00,0x70,0x39,0xC0,0x00,0x70,0x39,0xC0,0x00,0x70,0x39,0xC0,0x00,0x70,0x39,0xC0,0x00,0x71,0xF9,0xC0,0x00,0x7B,0xF9,0xC0,0x00,0xF8,0x39,0xC0,0x00,0xFC,0x39,0xC0,0x01,0xFE,0x39,0xC0,0x03,0xCF,0x39,0xC0,0x07,0x87,0xB9,0xC0,0x0F,0x03,0xB9,0xC0,0x0E,0x01,0x39,0xC0,0x00,0x00,0x01,0xC0,0x00,0x00,0xE1,0xC0,0x00,0x01,0xE0,0x00,0x00,0x01,0xE0,0x00,0x00,0x01,0xF0,0x00,0x00,0x03,0xF0,0x00,0x00,0x07,0x7C,0x00,0x00,0x1F,0x3E,0x00,0x00,0xFE,0x1F,0x80,0x01,0xF8,0x07,0xE0,0x00,0xE0,0x01,0xC0,0x00,0x00,0x00,0x00,0x00,0x00,0x00,0x00,0x00,0x00,0x00,0x00,0x00,0x00,0x00,0x00,0x00,0x00,0x00,0x00},
    {0x00,0x00,0x00,0x00,0x00,0x00,0x01,0xC0,0x00,0x00,0x39,0xC0,0x07,0x06,0x39,0xC0,0x07,0x06,0x39,0xC0,0x07,0x06,0x39,0xC0,0x07,0x06,0x39,0xC0,0x07,0xFE,0x39,0xC0,0x07,0xFF,0xF9,0xC0,0x07,0xFF,0xF9,0xC0,0x07,0x07,0x39,0xC0,0x07,0x06,0x39,0xC0,0x07,0x06,0x39,0xC0,0x07,0xFE,0x39,0xC0,0x07,0xFE,0x39,0xC0,0x07,0xFE,0x39,0xC0,0x00,0x00,0x39,0xC0,0x00,0x00,0x39,0xC0,0x00,0x60,0x39,0xC0,0x00,0x60,0x39,0xC0,0x00,0x60,0x01,0x80,0x00,0x60,0x00,0x00,0x00,0x60,0x00,0x00,0x00,0x70,0x00,0x00,0x00,0x7F,0xFF,0xC0,0x00,0x7F,0xFF,0xC0,0x00,0x00,0x00,0x00,0x00,0x00,0x00,0x00,0x00,0x00,0x00,0x00,0x00,0x00,0x00,0x00,0x00,0x00,0x00,0x00,0x00,0x00,0x00,0x00},
    {0x00,0x00,0x00,0x00,0x00,0x00,0x03,0x80,0x00,0x00,0x03,0x80,0x00,0xFF,0x03,0x80,0x00,0xFF,0x03,0x80,0x00,0x00,0x03,0x80,0x00,0x00,0x03,0x80,0x07,0xFF,0xE3,0x80,0x07,0xFF,0xE3,0x80,0x07,0xFF,0xE3,0x80,0x00,0x1C,0x03,0x80,0x00,0x3C,0x03,0x80,0x00,0x3C,0x03,0x80,0x00,0x3C,0x03,0x80,0x00,0x3E,0x03,0x80,0x00,0x7E,0x03,0x80,0x00,0xF7,0x03,0x80,0x01,0xE7,0x83,0x80,0x01,0xC3,0xC3,0x80,0x07,0xC1,0xF3,0x80,0x0F,0x80,0xF3,0x80,0x0E,0x00,0x33,0x80,0x00,0x00,0x03,0x80,0x00,0x00,0x03,0x80,0x00,0x00,0x03,0x80,0x00,0x00,0x03,0x80,0x00,0x00,0x01,0x80,0x00,0x00,0x00,0x00,0x00,0x00,0x00,0x00,0x00,0x00,0x00,0x00,0x00,0x00,0x00,0x00,0x00,0x00,0x00,0x00},
    {0x00,0x00,0x00,0x00,0x00,0x00,0x07,0x00,0x00,0x00,0x07,0x00,0x00,0x00,0x07,0x00,0x07,0xFF,0x87,0x00,0x07,0xFF,0x87,0x00,0x06,0x03,0x87,0x00,0x06,0x03,0x87,0x00,0x06,0x03,0x87,0x00,0x06,0x03,0x87,0x00,0x06,0x03,0x87,0x00,0x06,0x03,0x87,0xF0,0x06,0x03,0x87,0xF0,0x06,0x03,0x87,0xF0,0x06,0x03,0x87,0x00,0x06,0x03,0x87,0x00,0x06,0x03,0x87,0x00,0x06,0x03,0x87,0x00,0x07,0xFF,0x87,0x00,0x07,0xFF,0x87,0x00,0x07,0xFF,0x87,0x00,0x00,0x00,0x07,0x00,0x00,0x00,0x07,0x00,0x00,0x00,0x07,0x00,0x00,0x00,0x07,0x00,0x00,0x00,0x07,0x00,0x00,0x00,0x07,0x00,0x00,0x00,0x00,0x00,0x00,0x00,0x00,0x00,0x00,0x00,0x00,0x00,0x00,0x00,0x00,0x00,0x00,0x00,0x00,0x00},
    {0x00,0x00,0x00,0x00,0x00,0x00,0x01,0x80,0x00,0x00,0x03,0x80,0x00,0x00,0x03,0x80,0x07,0xFF,0xE3,0x80,0x07,0xFF,0xE3,0x80,0x00,0x38,0x03,0x80,0x00,0x38,0x03,0x80,0x00,0x38,0x03,0x80,0x00,0x3C,0x03,0x80,0x00,0x3C,0x03,0x80,0x00,0x3C,0x03,0x80,0x00,0x3C,0x03,0x80,0x00,0x7E,0x03,0x80,0x00,0x7E,0x03,0x80,0x00,0xE7,0x03,0x80,0x01,0xE7,0x83,0x80,0x03,0xC3,0xC3,0x80,0x07,0x81,0xF3,0x80,0x0F,0x00,0xF3,0x80,0x0E,0x00,0x63,0x80,0x04,0x00,0x03,0x80,0x00,0x00,0x03,0x80,0x00,0x00,0x03,0x80,0x00,0x00,0x03,0x80,0x00,0x00,0x03,0x80,0x00,0x00,0x03,0x80,0x00,0x00,0x00,0x00,0x00,0x00,0x00,0x00,0x00,0x00,0x00,0x00,0x00,0x00,0x00,0x00,0x00,0x00,0x00,0x00},
    {0x00,0x00,0x00,0x00,0x00,0x00,0x00,0x00,0x01,0xFF,0xFF,0x00,0x01,0xFF,0xFF,0x00,0x01,0xC0,0x00,0x00,0x01,0x80,0x00,0x00,0x01,0xFF,0xFF,0x00,0x01,0xFF,0xFF,0x00,0x01,0xFF,0xFE,0x00,0x01,0x80,0x00,0x00,0x01,0xFF,0xFF,0x00,0x01,0xFF,0xFF,0x80,0x01,0xFF,0xFF,0x00,0x00,0x03,0x80,0x00,0x00,0x03,0x80,0x00,0x0F,0xFF,0xFF,0xE0,0x0F,0xFF,0xFF,0xE0,0x00,0x00,0x00,0x00,0x00,0x1F,0xF8,0x00,0x00,0xFF,0xFE,0x00,0x01,0xF8,0x3F,0x00,0x01,0xC0,0x07,0x80,0x03,0x80,0x03,0x80,0x01,0xC0,0x07,0x80,0x01,0xF8,0x3F,0x00,0x00,0xFF,0xFE,0x00,0x00,0x3F,0xF8,0x00,0x00,0x00,0x00,0x00,0x00,0x00,0x00,0x00,0x00,0x00,0x00,0x00,0x00,0x00,0x00,0x00,0x00,0x00,0x00,0x00},
    {0x00,0x00,0x00,0x00,0x00,0x00,0x01,0xC0,0x00,0x00,0x39,0xC0,0x00,0x00,0x39,0xC0,0x07,0xFC,0x39,0xC0,0x07,0xFE,0x39,0xC0,0x07,0xFE,0x39,0xC0,0x00,0x0E,0x39,0xC0,0x00,0x0F,0xF9,0xC0,0x00,0x1F,0xF9,0xC0,0x00,0x1C,0x39,0xC0,0x00,0x1C,0x39,0xC0,0x00,0x38,0x39,0xC0,0x00,0x38,0x39,0xC0,0x00,0x70,0x39,0xC0,0x00,0xF3,0xF9,0xC0,0x01,0xE3,0xF9,0xC0,0x03,0xC0,0x39,0xC0,0x07,0x80,0x39,0xC0,0x0F,0x00,0x39,0xC0,0x0E,0x00,0x39,0xC0,0x04,0x00,0x39,0xC0,0x00,0x00,0x39,0xC0,0x00,0x00,0x39,0xC0,0x00,0x00,0x39,0xC0,0x00,0x00,0x19,0xC0,0x00,0x00,0x01,0xC0,0x00,0x00,0x00,0x00,0x00,0x00,0x00,0x00,0x00,0x00,0x00,0x00,0x00,0x00,0x00,0x00,0x00,0x00,0x00,0x00},
    {0x00,0x00,0x00,0x00,0x00,0x1F,0xF0,0x00,0x00,0x1F,0xF0,0x00,0x00,0x0F,0xF0,0x00,0x00,0x00,0x00,0x00,0x03,0xFF,0xFF,0x80,0x03,0xFF,0xFF,0x80,0x00,0x07,0xC0,0x00,0x00,0x07,0xC0,0x00,0x00,0x1F,0xF0,0x00,0x00,0xFE,0x7F,0x00,0x07,0xF8,0x3F,0xC0,0x03,0xC0,0x07,0xC0,0x00,0x00,0x00,0x00,0x0F,0xFF,0xFF,0xE0,0x0F,0xFF,0xFF,0xE0,0x0F,0xFF,0xFF,0xE0,0x00,0x00,0x00,0x00,0x00,0x3F,0xF8,0x00,0x00,0xFF,0xFE,0x00,0x01,0xF0,0x1F,0x00,0x01,0xC0,0x07,0x80,0x03,0x80,0x03,0x80,0x01,0xC0,0x07,0x00,0x01,0xFE,0x7F,0x00,0x00,0xFF,0xFE,0x00,0x00,0x1F,0xF0,0x00,0x00,0x00,0x00,0x00,0x00,0x00,0x00,0x00,0x00,0x00,0x00,0x00,0x00,0x00,0x00,0x00,0x00,0x00,0x00,0x00},
    {0x00,0x00,0x00,0x00,0x00,0x00,0x03,0x80,0x00,0x00,0x03,0x80,0x07,0xFF,0x83,0x80,0x07,0xFF,0x83,0x80,0x03,0xFF,0x83,0x80,0x00,0x03,0xFF,0x80,0x00,0x07,0xFF,0x80,0x00,0x07,0x03,0x80,0x00,0x0F,0x03,0x80,0x00,0x1E,0x03,0x80,0x00,0x3C,0x7F,0x80,0x00,0x78,0x7F,0x80,0x01,0xF0,0x03,0x80,0x07,0xE0,0x03,0x80,0x0F,0xC0,0x03,0x80,0x07,0x00,0x03,0x80,0x00,0x1F,0xFF,0x80,0x00,0x7F,0xFF,0x00,0x00,0xFC,0x1F,0x80,0x00,0xE0,0x03,0x80,0x01,0xE0,0x03,0x80,0x00,0xE0,0x03,0x80,0x00,0xF0,0x07,0x80,0x00,0xFF,0xFF,0x00,0x00,0x3F,0xFE,0x00,0x00,0x0F,0xF8,0x00,0x00,0x00,0x00,0x00,0x00,0x00,0x00,0x00,0x00,0x00,0x00,0x00,0x00,0x00,0x00,0x00,0x00,0x00,0x00,0x00},
    {0x00,0x00,0x00,0x00,0x00,0x00,0x07,0x00,0x00,0x00,0x07,0x00,0x00,0x00,0x07,0x00,0x07,0xFF,0xC7,0x00,0x07,0xFF,0xC7,0x00,0x00,0x01,0xC7,0x00,0x00,0x00,0xC7,0x00,0x00,0x00,0xC7,0x00,0x00,0x00,0xC7,0x00,0x00,0x01,0xC7,0x00,0x00,0x71,0xC7,0x00,0x00,0x71,0xC7,0xF0,0x00,0x71,0xC7,0xF0,0x00,0x71,0xC7,0x00,0x00,0x71,0xC7,0x00,0x00,0x70,0x07,0x00,0x00,0x70,0x07,0x00,0x00,0x70,0x77,0x00,0x0F,0xFF,0xF7,0x00,0x1F,0xFF,0xF7,0x00,0x0E,0x00,0x07,0x00,0x00,0x00,0x07,0x00,0x00,0x00,0x07,0x00,0x00,0x00,0x07,0x00,0x00,0x00,0x07,0x00,0x00,0x00,0x07,0x00,0x00,0x00,0x00,0x00,0x00,0x00,0x00,0x00,0x00,0x00,0x00,0x00,0x00,0x00,0x00,0x00,0x00,0x00,0x00,0x00},
    {0x00,0x00,0x00,0x00,0x00,0x00,0x01,0x80,0x00,0x00,0x03,0x80,0x07,0xFF,0x83,0x80,0x07,0xFF,0x83,0x80,0x07,0xFF,0x83,0x80,0x06,0x00,0x03,0x80,0x06,0x00,0x03,0x80,0x06,0x00,0x03,0x80,0x06,0x00,0x03,0x80,0x07,0xFF,0x03,0x80,0x07,0xFF,0x7F,0x80,0x07,0xFF,0x7F,0x80,0x06,0x00,0x03,0x80,0x06,0x00,0x03,0x80,0x06,0x00,0x03,0x80,0x06,0x00,0x03,0x80,0x06,0x00,0x03,0x80,0x07,0x0F,0xE3,0x80,0x07,0xFF,0xE3,0x80,0x07,0xFF,0xC3,0x80,0x00,0x00,0x03,0x80,0x00,0x00,0x03,0x80,0x00,0x00,0x03,0x80,0x00,0x00,0x03,0x80,0x00,0x00,0x03,0x80,0x00,0x00,0x03,0x80,0x00,0x00,0x00,0x00,0x00,0x00,0x00,0x00,0x00,0x00,0x00,0x00,0x00,0x00,0x00,0x00,0x00,0x00,0x00,0x00},
    {0x00,0x00,0x00,0x00,0x00,0x00,0x00,0x00,0x01,0xFF,0xFF,0x00,0x01,0xFF,0xFF,0x00,0x01,0xFF,0xFF,0x00,0x00,0x00,0x03,0x00,0x00,0x00,0x03,0x00,0x01,0xFF,0xFF,0x00,0x01,0xFF,0xFF,0x00,0x01,0xC0,0x00,0x00,0x01,0x80,0x00,0x00,0x01,0xC0,0x00,0x00,0x01,0xFF,0xFF,0x80,0x01,0xFF,0xFF,0x80,0x00,0x00,0x00,0x00,0x00,0x00,0x00,0x00,0x0F,0xFF,0xFF,0xE0,0x0F,0xFF,0xFF,0xE0,0x0F,0xFF,0xFF,0xE0,0x00,0x03,0x80,0x00,0x00,0x03,0x80,0x00,0x00,0x03,0x80,0x00,0x00,0x03,0x80,0x00,0x00,0x03,0x80,0x00,0x00,0x03,0x80,0x00,0x00,0x03,0x80,0x00,0x00,0x03,0x80,0x00,0x00,0x00,0x00,0x00,0x00,0x00,0x00,0x00,0x00,0x00,0x00,0x00,0x00,0x00,0x00,0x00,0x00,0x00,0x00,0x00},
    {0x00,0x00,0x00,0x00,0x00,0x00,0x03,0x80,0x00,0x00,0x03,0x80,0x01,0xFE,0x03,0x80,0x03,0xFF,0x03,0x80,0x07,0x87,0xBF,0x80,0x07,0x03,0xFF,0x80,0x0E,0x01,0xC3,0x80,0x0E,0x01,0xC3,0x80,0x0E,0x01,0xC3,0x80,0x0E,0x03,0xC3,0x80,0x07,0x03,0xFF,0x80,0x07,0x8F,0xBF,0x80,0x03,0xFF,0x03,0x80,0x01,0xFC,0x03,0x80,0x00,0x00,0x03,0x80,0x00,0x00,0x01,0x80,0x00,0xFF,0xFF,0x80,0x00,0xFF,0xFF,0x80,0x00,0xFF,0xFF,0x80,0x00,0x00,0x03,0x80,0x00,0x00,0x03,0x80,0x00,0x00,0x03,0x80,0x00,0x00,0x03,0x80,0x00,0x00,0x03,0x80,0x00,0x00,0x03,0x80,0x00,0x00,0x03,0x80,0x00,0x00,0x00,0x00,0x00,0x00,0x00,0x00,0x00,0x00,0x00,0x00,0x00,0x00,0x00,0x00,0x00,0x00,0x00,0x00},
    {0x00,0x00,0x00,0x00,0x00,0x00,0x03,0x80,0x00,0xFE,0x03,0x80,0x03,0xFF,0x03,0x80,0x03,0xEF,0x83,0x80,0x07,0x83,0xC3,0x80,0x07,0x01,0xC3,0x80,0x06,0x01,0xC3,0x80,0x06,0x01,0xC3,0x80,0x07,0x01,0xC3,0x80,0x07,0x83,0xC3,0x80,0x03,0xFF,0x83,0x80,0x01,0xFF,0x03,0x80,0x00,0x7C,0x03,0x80,0x00,0x00,0x00,0x00,0x00,0xFF,0xFF,0x80,0x00,0xFF,0xFF,0x80,0x00,0xFF,0xFF,0x80,0x00,0x00,0x03,0x80,0x00,0x00,0x03,0x80,0x00,0xFF,0xFF,0x80,0x00,0xFF,0xFF,0x80,0x00,0xE0,0x00,0x00,0x00,0xE0,0x00,0x00,0x00,0xFF,0xFF,0xC0,0x00,0xFF,0xFF,0xC0,0x00,0xFF,0xFF,0xC0,0x00,0x00,0x00,0x00,0x00,0x00,0x00,0x00,0x00,0x00,0x00,0x00,0x00,0x00,0x00,0x00,0x00,0x00,0x00,0x00},
    {0x00,0x00,0x00,0x00,0x00,0x00,0x01,0x80,0x00,0xFF,0x03,0x80,0x01,0xFF,0x83,0x80,0x03,0xC3,0xC3,0x80,0x03,0x81,0xC3,0x80,0x07,0x01,0xC3,0x80,0x03,0x81,0xC3,0x80,0x03,0xFF,0xC3,0x80,0x01,0xFF,0x83,0x80,0x00,0x38,0x03,0x80,0x0F,0xFF,0xFB,0x80,0x0F,0xFF,0xFB,0x80,0x0F,0xFC,0x7F,0x80,0x00,0x38,0x7F,0x80,0x00,0x38,0x7F,0x80,0x00,0x18,0x01,0x80,0x00,0xFF,0xFF,0x80,0x01,0xFF,0xFF,0x80,0x00,0xFF,0xFF,0x80,0x00,0x00,0x03,0x80,0x00,0xFF,0xFF,0x80,0x00,0xFF,0xFF,0x80,0x00,0xC0,0x00,0x00,0x00,0xE0,0x00,0x00,0x00,0xFF,0xFF,0xC0,0x00,0xFF,0xFF,0xC0,0x00,0x00,0x00,0x00,0x00,0x00,0x00,0x00,0x00,0x00,0x00,0x00,0x00,0x00,0x00,0x00,0x00,0x00,0x00,0x00},
    {0x00,0x00,0x00,0x00,0x00,0x00,0x00,0x00,0x01,0xFF,0xFF,0x00,0x01,0xFF,0xFF,0x00,0x01,0xFF,0xFF,0x00,0x01,0xC0,0x03,0x00,0x01,0xC0,0x03,0x00,0x01,0xC0,0x03,0x00,0x01,0xC0,0x03,0x00,0x01,0xFF,0xFF,0x00,0x01,0xFF,0xFF,0x00,0x00,0x03,0x80,0x00,0x00,0x03,0x80,0x00,0x00,0x03,0x80,0x00,0x0F,0xFF,0xFF,0xE0,0x0F,0xFF,0xFF,0xE0,0x00,0x00,0x00,0x00,0x00,0x00,0x00,0x00,0x01,0xFF,0xFF,0x00,0x03,0xFF,0xFF,0x00,0x01,0xFF,0xFF,0x00,0x00,0x00,0x03,0x00,0x00,0x00,0x03,0x00,0x00,0x00,0x03,0x00,0x00,0x00,0x03,0x00,0x00,0x00,0x03,0x00,0x00,0x00,0x03,0x00,0x00,0x00,0x00,0x00,0x00,0x00,0x00,0x00,0x00,0x00,0x00,0x00,0x00,0x00,0x00,0x00,0x00,0x00,0x00,0x00},
    {0x00,0x00,0x00,0x00,0x00,0x00,0x00,0x00,0x00,0x00,0x00,0x00,0x01,0xFF,0xFF,0x00,0x01,0xFF,0xFF,0x00,0x00,0x00,0x07,0x00,0x00,0x00,0x07,0x00,0x00,0x00,0x07,0x00,0x00,0x00,0x07,0x00,0x00,0x00,0x07,0x00,0x00,0x00,0x07,0x00,0x00,0x00,0x07,0x00,0x0F,0xFF,0xFF,0xE0,0x0F,0xFF,0xFF,0xE0,0x0F,0xFF,0xFF,0xE0,0x00,0x00,0x00,0x00,0x00,0x00,0x00,0x00,0x01,0xFF,0xFF,0x00,0x01,0xFF,0xFF,0x80,0x01,0xFF,0xFF,0x80,0x01,0x80,0x03,0x80,0x01,0x80,0x03,0x80,0x01,0x80,0x03,0x80,0x01,0x80,0x03,0x80,0x01,0xFF,0xFF,0x80,0x01,0xFF,0xFF,0x80,0x01,0xFF,0xFF,0x00,0x00,0x00,0x00,0x00,0x00,0x00,0x00,0x00,0x00,0x00,0x00,0x00,0x00,0x00,0x00,0x00,0x00,0x00,0x00,0x00},
    {0x00,0x00,0x00,0x00,0x00,0x00,0x00,0x00,0x00,0x00,0x00,0x00,0x01,0xFF,0xFF,0x00,0x01,0xFF,0xFF,0x00,0x01,0xFF,0xFF,0x00,0x01,0x80,0x00,0x00,0x01,0x80,0x00,0x00,0x01,0x80,0x00,0x00,0x01,0xFF,0xFF,0x00,0x01,0xFF,0xFF,0x00,0x01,0x80,0x00,0x00,0x01,0x80,0x00,0x00,0x01,0x80,0x00,0x00,0x01,0xC0,0x00,0x00,0x01,0xFF,0xFF,0x80,0x01,0xFF,0xFF,0x80,0x00,0x03,0x80,0x00,0x00,0x03,0x80,0x00,0x00,0x03,0x80,0x00,0x00,0x03,0x80,0x00,0x0F,0xFF,0xFF,0xE0,0x0F,0xFF,0xFF,0xE0,0x0F,0xFF,0xFF,0xE0,0x00,0x00,0x00,0x00,0x00,0x00,0x00,0x00,0x00,0x00,0x00,0x00,0x00,0x00,0x00,0x00,0x00,0x00,0x00,0x00,0x00,0x00,0x00,0x00,0x00,0x00,0x00,0x00,0x00,0x00,0x00,0x00},
    {0x00,0x00,0x00,0x00,0x00,0x00,0x07,0x00,0x01,0xFE,0x07,0x00,0x01,0xFE,0x07,0x00,0x00,0xFE,0x07,0x00,0x00,0x00,0x07,0x00,0x0F,0xFF,0xE7,0x00,0x0F,0xFF,0xE7,0x00,0x00,0x00,0x07,0x00,0x00,0xFC,0x07,0x00,0x01,0xFF,0x07,0xF0,0x03,0xFF,0x87,0xF0,0x07,0x83,0x87,0x00,0x07,0x01,0xC7,0x00,0x07,0x01,0xC7,0x00,0x03,0x87,0x87,0x00,0x03,0xFF,0x87,0x00,0x01,0xFF,0x07,0x00,0x00,0x00,0x07,0x00,0x00,0xC0,0x07,0x00,0x01,0xC0,0x00,0x00,0x01,0xC0,0x00,0x00,0x01,0xC0,0x00,0x00,0x01,0xC0,0x00,0x00,0x01,0xFF,0xFF,0x80,0x01,0xFF,0xFF,0x80,0x00,0x00,0x00,0x00,0x00,0x00,0x00,0x00,0x00,0x00,0x00,0x00,0x00,0x00,0x00,0x00,0x00,0x00,0x00,0x00,0x00,0x00,0x00,0x00},
    {0x00,0x00,0x00,0x00,0x00,0x00,0x00,0x00,0x01,0xFF,0xFF,0x00,0x01,0xFF,0xFF,0x00,0x01,0xFF,0xFF,0x00,0x00,0x00,0x07,0x00,0x00,0x00,0x07,0x00,0x00,0x00,0x07,0x00,0x00,0x00,0x07,0x00,0x00,0x00,0x07,0x00,0x00,0x00,0x07,0x00,0x0F,0xFF,0xFF,0xC0,0x0F,0xFF,0xFF,0xE0,0x0F,0xFF,0xFF,0xE0,0x00,0x03,0x80,0x00,0x00,0x03,0x80,0x00,0x00,0x03,0x80,0x00,0x00,0x03,0x80,0x00,0x03,0xFF,0xFF,0x00,0x03,0xFF,0xFF,0x00,0x00,0x00,0x07,0x00,0x00,0x00,0x03,0x00,0x00,0x00,0x03,0x00,0x00,0x00,0x03,0x00,0x00,0x00,0x03,0x00,0x00,0x00,0x03,0x00,0x00,0x00,0x03,0x00,0x00,0x00,0x00,0x00,0x00,0x00,0x00,0x00,0x00,0x00,0x00,0x00,0x00,0x00,0x00,0x00,0x00,0x00,0x00,0x00},
    {0x00,0x00,0x00,0x00,0x00,0x00,0x03,0x80,0x00,0x00,0x03,0x80,0x07,0x00,0x03,0x80,0x07,0x00,0x03,0x80,0x07,0x03,0xFF,0x80,0x07,0x03,0xFF,0x80,0x07,0x00,0x03,0x80,0x07,0x00,0x03,0x80,0x07,0x00,0x03,0x80,0x07,0x03,0xFF,0x80,0x07,0x03,0xFF,0x80,0x07,0x00,0x03,0x80,0x07,0x00,0x23,0x80,0x07,0xFF,0xE3,0x80,0x07,0xFF,0xE3,0x80,0x07,0xFC,0x03,0x80,0x00,0x00,0x03,0x80,0x00,0xE0,0x03,0x80,0x00,0xE0,0x03,0x80,0x00,0xE0,0x00,0x00,0x00,0xE0,0x00,0x00,0x00,0xE0,0x00,0x00,0x00,0xE0,0x00,0x00,0x00,0xFF,0xFF,0xC0,0x00,0xFF,0xFF,0xC0,0x00,0x00,0x00,0x00,0x00,0x00,0x00,0x00,0x00,0x00,0x00,0x00,0x00,0x00,0x00,0x00,0x00,0x00,0x00,0x00,0x00,0x00,0x00,0x00},
};

const display_cjk_font_t font_ko = {
    .glyphs = ko_glyphs,
    .glyphs_2x = ko_glyphs_2x,
    .count = sizeof(ko_glyphs) / sizeof(ko_glyphs[0]),
    .glyph_width = 16,
};
static const uint8_t el_glyphs[][DISPLAY_CJK_GLYPH_BYTES] = {
    {0x00,0x00,0x00,0x00,0x00,0x00,0x7F,0x00,0x63,0x00,0x61,0x80,0x61,0x80,0x7F,0x00,0x7E,0x00,0x60,0x00,0x60,0x00,0x60,0x00,0x60,0x00,0x00,0x00,0x00,0x00,0x00,0x00},
    {0x00,0x00,0x00,0x00,0x00,0x00,0x00,0x00,0x00,0x00,0x22,0x00,0x23,0x00,0x23,0x00,0x23,0x00,0x23,0x00,0x23,0x00,0x37,0x00,0x3E,0x00,0x00,0x00,0x00,0x00,0x00,0x00},
    {0x00,0x00,0x00,0x00,0x0C,0x00,0x3E,0x00,0x33,0x00,0x63,0x00,0x63,0x00,0x7F,0x00,0x63,0x00,0x63,0x00,0x23,0x00,0x37,0x00,0x1E,0x00,0x00,0x00,0x00,0x00,0x00,0x00},
    {0x00,0x00,0x00,0x00,0x00,0x00,0x00,0x00,0x00,0x00,0x21,0x00,0x23,0x00,0x23,0x00,0x23,0x00,0x23,0x00,0x23,0x00,0x37,0x00,0x3F,0x00,0x20,0x00,0x20,0x00,0x20,0x00},
    {0x00,0x00,0x00,0x00,0x0C,0x00,0x0C,0x00,0x08,0x00,0x08,0x00,0x08,0x00,0x08,0x00,0x08,0x00,0x08,0x00,0x08,0x00,0x0C,0x00,0x0C,0x00,0x00,0x00,0x00,0x00,0x00,0x00},
    {0x00,0x00,0x00,0x00,0x00,0x00,0x00,0x00,0x00,0x00,0x1F,0x80,0x3F,0x80,0x33,0x00,0x61,0x00,0x61,0x80,0x63,0x00,0x37,0x00,0x1E,0x00,0x00,0x00,0x00,0x00,0x00,0x00},
    {0x00,0x00,0x00,0x00,0x00,0x00,0x00,0x00,0x00,0x00,0x3C,0x00,0x3E,0x00,0x62,0x00,0x38,0x00,0x38,0x00,0x63,0x00,0x76,0x00,0x3E,0x00,0x00,0x00,0x00,0x00,0x00,0x00},
    {0x00,0x00,0x00,0x00,0x00,0x00,0x00,0x00,0x00,0x00,0x08,0x00,0x08,0x00,0x08,0x00,0x08,0x00,0x08,0x00,0x08,0x00,0x0C,0x00,0x0C,0x00,0x00,0x00,0x00,0x00,0x00,0x00},
    {0x00,0x00,0x00,0x00,0x00,0x00,0x00,0x00,0x00,0x00,0x1E,0x00,0x3F,0x00,0x63,0x00,0x60,0x00,0x60,0x00,0x70,0x00,0x38,0x00,0x1E,0x00,0x02,0x00,0x02,0x00,0x00,0x00},
    {0x00,0x00,0x00,0x00,0x00,0x00,0x7F,0x00,0x03,0x00,0x06,0x00,0x0C,0x00,0x1C,0x00,0x38,0x00,0x30,0x00,0x60,0x00,0xFF,0x00,0xFF,0x00,0x00,0x00,0x00,0x00,0x00,0x00},
    {0x00,0x00,0x00,0x00,0x08,0x00,0x08,0x00,0x08,0x00,0xC3,0x00,0xC3,0x00,0x99,0x80,0x99,0x80,0x99,0x80,0x99,0x80,0xFF,0x00,0xFF,0x00,0x00,0x00,0x00,0x00,0x00,0x00},
    {0x00,0x00,0x00,0x00,0x00,0x00,0x00,0x00,0x00,0x00,0x63,0x00,0x63,0x00,0x22,0x00,0x36,0x00,0x36,0x00,0x1C,0x00,0x1C,0x00,0x1C,0x00,0x00,0x00,0x00,0x00,0x00,0x00},
    {0x00,0x00,0x00,0x00,0x00,0x00,0x00,0x00,0x00,0x00,0x3E,0x00,0x3F,0x00,0x33,0x00,0x23,0x00,0x23,0x00,0x23,0x00,0x23,0x00,0x23,0x00,0x03,0x00,0x03,0x00,0x01,0x00},
    {0x00,0x00,0x00,0x00,0x00,0x00,0x00,0x00,0x00,0x00,0x1E,0x00,0x3F,0x00,0x31,0x00,0x21,0x80,0x21,0x80,0x31,0x80,0x3B,0x00,0x3E,0x00,0x20,0x00,0x20,0x00,0x20,0x00},
    {0x00,0x00,0x00,0x00,0x00,0x00,0x00,0x00,0x00,0x00,0x3E,0x00,0x7E,0x00,0xC6,0x00,0xC2,0x00,0xC2,0x00,0xC6,0x00,0x6F,0x00,0x3F,0x00,0x00,0x00,0x00,0x00,0x00,0x00},
    {0x00,0x00,0x00,0x00,0x08,0x00,0x3E,0x00,0xFF,0x80,0xC9,0x80,0x88,0x80,0x88,0xC0,0x88,0x80,0xC9,0x80,0xFF,0x80,0x3E,0x00,0x08,0x00,0x00,0x00,0x00,0x00,0x00,0x00},
    {0x00,0x00,0x00,0x00,0x00,0x00,0x00,0x00,0x00,0x00,0xC3,0x00,0xC3,0x00,0x99,0x80,0x99,0x80,0x99,0x80,0x99,0x80,0xFF,0x00,0xFF,0x00,0x00,0x00,0x00,0x00,0x00,0x00},
    {0x00,0x00,0x00,0x00,0x00,0x00,0x00,0x00,0x00,0x00,0x7E,0x00,0x7E,0x00,0x18,0x00,0x18,0x00,0x18,0x00,0x18,0x00,0x18,0x00,0x0C,0x00,0x00,0x00,0x00,0x00,0x00,0x00},
    {0x00,0x00,0x00,0x00,0x08,0x00,0x18,0x00,0x18,0x00,0x3C,0x00,0x7E,0x00,0x63,0x00,0xC3,0x00,0xC3,0x00,0xC3,0x00,0x7E,0x00,0x3C,0x00,0x00,0x00,0x00,0x00,0x00,0x00},
    {0x00,0x00,0x00,0x00,0x0C,0x00,0x3F,0x00,0x33,0x00,0x23,0x00,0x2E,0x00,0x2F,0x00,0x23,0x00,0x31,0x80,0x31,0x00,0x3B,0x00,0x3E,0x00,0x20,0x00,0x20,0x00,0x20,0x00},
    {0x00,0x00,0x00,0x00,0x00,0x00,0x7F,0x00,0x70,0x00,0x38,0x00,0x1C,0x00,0x0C,0x00,0x1C,0x00,0x38,0x00,0x70,0x00,0xFF,0x00,0xFF,0x00,0x00,0x00,0x00,0x00,0x00,0x00},
    {0x00,0x00,0x00,0x00,0x00,0x00,0x00,0x00,0x00,0x00,0x3C,0x00,0x7E,0x00,0x63,0x00,0xC3,0x00,0xC3,0x00,0xC3,0x00,0x7E,0x00,0x3C,0x00,0x00,0x00,0x00,0x00,0x00,0x00},
    {0x00,0x00,0x00,0x00,0x00,0x00,0x18,0x00,0x18,0x00,0x7E,0x00,0xFF,0x00,0xD9,0x80,0x99,0x80,0x99,0x80,0x99,0x80,0xFF,0x00,0x7E,0x00,0x18,0x00,0x18,0x00,0x18,0x00},
    {0x00,0x00,0x00,0x00,0x04,0x00,0x04,0x00,0x04,0x00,0x3E,0x00,0x3F,0x00,0x33,0x00,0x23,0x00,0x23,0x00,0x23,0x00,0x23,0x00,0x23,0x00,0x03,0x00,0x03,0x00,0x01,0x00},
    {0x00,0x00,0x00,0x00,0x00,0x00,0x0C,0x00,0x3C,0x00,0x3C,0x00,0x04,0x00,0x04,0x00,0x04,0x00,0x04,0x00,0x04,0x00,0x04,0x00,0x04,0x00,0x00,0x00,0x00,0x00,0x00,0x00},
    {0x00,0x00,0x00,0x00,0x00,0x00,0x3E,0x00,0x33,0x00,0x33,0x00,0x37,0x00,0x3E,0x00,0x33,0x00,0x61,0x00,0x61,0x00,0x3F,0x00,0x1E,0x00,0x00,0x00,0x00,0x00,0x00,0x00},
    {0x00,0x00,0x00,0x00,0x00,0x00,0x3E,0x00,0x33,0x00,0x23,0x00,0x61,0x00,0x61,0x00,0x61,0x00,0x61,0x00,0x33,0x00,0x3F,0x00,0x1E,0x00,0x00,0x00,0x00,0x00,0x00,0x00},
    {0x00,0x00,0x00,0x00,0x00,0x00,0x00,0x00,0x00,0x00,0x62,0x00,0x66,0x00,0x34,0x00,0x3C,0x00,0x18,0x00,0x18,0x00,0x1C,0x00,0x3C,0x00,0x26,0x00,0x66,0x00,0x42,0x00},
    {0x00,0x00,0x00,0x00,0x00,0x00,0x00,0x00,0x00,0x00,0x23,0x00,0x26,0x00,0x2C,0x00,0x3C,0x00,0x3C,0x00,0x26,0x00,0x27,0x00,0x23,0x00,0x00,0x00,0x00,0x00,0x00,0x00},
    {0x00,0x00,0x00,0x00,0x08,0x00,0x18,0x00,0x08,0x00,0x3E,0x00,0x7E,0x00,0xC6,0x00,0xC2,0x00,0xC2,0x00,0xC6,0x00,0x6F,0x00,0x3F,0x00,0x00,0x00,0x00,0x00,0x00,0x00},
    {0x00,0x00,0x00,0x00,0x00,0x00,0x3F,0x80,0x30,0x00,0x30,0x00,0x30,0x00,0x30,0x00,0x30,0x00,0x30,0x00,0x30,0x00,0x30,0x00,0x30,0x00,0x00,0x00,0x00,0x00,0x00,0x00},
    {0x00,0x00,0x00,0x00,0x30,0x00,0x38,0x00,0x18,0x00,0x08,0x00,0x1C,0x00,0x1C,0x00,0x1C,0x00,0x36,0x00,0x36,0x00,0x63,0x00,0x63,0x00,0x00,0x00,0x00,0x00,0x00,0x00},
    {0x00,0x00,0x00,0x00,0x00,0x00,0xFF,0x00,0x18,0x00,0x18,0x00,0x18,0x00,0x18,0x00,0x18,0x00,0x18,0x00,0x18,0x00,0x18,0x00,0x18,0x00,0x00,0x00,0x00,0x00,0x00,0x00},
    {0x00,0x00,0x00,0x00,0x0C,0x00,0x0C,0x00,0x08,0x00,0x3C,0x00,0x3E,0x00,0x62,0x00,0x38,0x00,0x38,0x00,0x63,0x00,0x76,0x00,0x3E,0x00,0x00,0x00,0x00,0x00,0x00,0x00},
    {0x00,0x00,0x00,0x00,0x00,0x00,0xFF,0x00,0xC3,0x00,0xC3,0x00,0xC3,0x00,0xC3,0x00,0xC3,0x00,0xC3,0x00,0xC3,0x00,0xC3,0x00,0xC3,0x00,0x00,0x00,0x00,0x00,0x00,0x00},
    {0x00,0x00,0x00,0x00,0x00,0x00,0x7C,0x00,0x5C,0x00,0x16,0x00,0x36,0x00,0x33,0x00,0x7F,0x00,0x7F,0x00,0x61,0x80,0xC1,0x80,0xC1,0x80,0x00,0x00,0x00,0x00,0x00,0x00},
    {0x00,0x00,0x00,0x00,0x00,0x00,0x1C,0x00,0x1C,0x00,0x36,0x00,0x36,0x00,0x36,0x00,0x63,0x00,0x63,0x00,0x41,0x80,0xFF,0x80,0xFF,0x80,0x00,0x00,0x00,0x00,0x00,0x00},
    {0x00,0x00,0x00,0x00,0x00,0x00,0x00,0x00,0x00,0x00,0x62,0x00,0x62,0x00,0x36,0x00,0x36,0x00,0x36,0x00,0x1C,0x00,0x1C,0x00,0x18,0x00,0x18,0x00,0x18,0x00,0x08,0x00},
    {0x00,0x00,0x00,0x00,0x00,0x00,0x7F,0x00,0x60,0x00,0x60,0x00,0x60,0x00,0x7F,0x00,0x60,0x00,0x60,0x00,0x60,0x00,0x7F,0x00,0x7F,0x00,0x00,0x00,0x00,0x00,0x00,0x00},
    {0x00,0x00,0x00,0x00,0x00,0x00,0x1C,0x00,0x1C,0x00,0x36,0x00,0x36,0x00,0x32,0x00,0x7F,0x00,0x7F,0x00,0xC1,0x80,0xC1,0x80,0xC1,0x80,0x00,0x00,0x00,0x00,0x00,0x00},
    {0x00,0x00,0x00,0x00,0x0C,0x00,0x3F,0x00,0x63,0x80,0xC1,0x80,0xC0,0xC0,0xC0,0xC0,0xC0,0xC0,0xC0,0xC0,0xE1,0x80,0x77,0x80,0x3E,0x00,0x00,0x00,0x00,0x00,0x00,0x00},
    {0x00,0x00,0x00,0x00,0x00,0x00,0x00,0x00,0x00,0x00,0xFF,0x00,0xFF,0x00,0x62,0x00,0x62,0x00,0x62,0x00,0x62,0x00,0x63,0x00,0x63,0x00,0x00,0x00,0x00,0x00,0x00,0x00},
    {0x00,0x00,0x00,0x00,0x0C,0x00,0x0C,0x00,0x08,0x00,0x22,0x00,0x23,0x00,0x23,0x00,0x23,0x00,0x23,0x00,0x23,0x00,0x37,0x00,0x3E,0x00,0x00,0x00,0x00,0x00,0x00,0x00},
    {0x00,0x00,0x00,0x00,0x06,0x00,0x1F,0x00,0x18,0x00,0x18,0x00,0x1C,0x00,0x1F,0x00,0x18,0x00,0x30,0x00,0x30,0x00,0x1C,0x00,0x0F,0x00,0x03,0x00,0x03,0x00,0x00,0x00},
    {0x00,0x00,0x00,0x00,0x0E,0x00,0x1F,0x00,0x38,0x00,0x1C,0x00,0x3E,0x00,0x33,0x00,0x63,0x00,0x61,0x00,0x63,0x00,0x3F,0x00,0x1E,0x00,0x00,0x00,0x00,0x00,0x00,0x00},
    {0x00,0x00,0x00,0x00,0x00,0x00,0x63,0x80,0x67,0x00,0x6E,0x00,0x7C,0x00,0x7C,0x00,0x7E,0x00,0x66,0x00,0x63,0x00,0x63,0x80,0x61,0x80,0x00,0x00,0x00,0x00,0x00,0x00},
    {0x00,0x00,0x00,0x00,0x00,0x00,0xBF,0x80,0xB0,0x00,0x30,0x00,0x30,0x00,0x3F,0x80,0x30,0x00,0x30,0x00,0x30,0x00,0x3F,0x80,0x3F,0x80,0x00,0x00,0x00,0x00,0x00,0x00},
    {0x00,0x00,0x00,0x00,0x00,0x00,0xC3,0x00,0xC3,0x00,0xC3,0x00,0xC3,0x00,0xFF,0x00,0xC3,0x00,0xC3,0x00,0xC3,0x00,0xC3,0x00,0xC3,0x00,0x00,0x00,0x00,0x00,0x00,0x00},
    {0x00,0x00,0x00,0x00,0x00,0x00,0x0C,0x00,0x0C,0x00,0x0C,0x00,0x0C,0x00,0x0C,0x00,0x0C,0x00,0x0C,0x00,0x0C,0x00,0x0C,0x00,0x0C,0x00,0x00,0x00,0x00,0x00,0x00,0x00},
    {0x00,0x00,0x00,0x00,0x00,0x00,0xC1,0x80,0xC3,0x80,0xC3,0x80,0xE3,0x80,0xE6,0x80,0xA6,0x80,0xBC,0x80,0xBC,0x80,0x98,0x80,0x98,0x80,0x00,0x00,0x00,0x00,0x00,0x00},
    {0x00,0x00,0x00,0x00,0x00,0x00,0x36,0x00,0x04,0x00,0x08,0x00,0x08,0x00,0x08,0x00,0x08,0x00,0x08,0x00,0x08,0x00,0x0C,0x00,0x0C,0x00,0x00,0x00,0x00,0x00,0x00,0x00},
    {0x00,0x00,0x00,0x00,0x18,0x00,0x7F,0x00,0xE3,0x00,0xC1,0x80,0x81,0x80,0x81,0x80,0x81,0x80,0xC1,0x80,0xC1,0x80,0xF7,0x00,0x3E,0x00,0x00,0x00,0x00,0x00,0x00,0x00},
    {0x00,0x00,0x00,0x00,0x00,0x00,0xC1,0x00,0xE1,0x00,0xF1,0x00,0xF1,0x00,0xD9,0x00,0xDD,0x00,0xCF,0x00,0xC7,0x00,0xC7,0x00,0xC3,0x00,0x00,0x00,0x00,0x00,0x00,0x00},
    {0x00,0x00,0x00,0x00,0x00,0x00,0x3E,0x00,0x33,0x00,0x63,0x00,0x03,0x00,0x07,0x00,0x0E,0x00,0x38,0x00,0x30,0x00,0x70,0x00,0x7F,0x00,0x00,0x00,0x00,0x00,0x00,0x00},
    {0x00,0x00,0x00,0x00,0x00,0x00,0x3E,0x00,0x33,0x00,0x23,0x00,0x07,0x00,0x0E,0x00,0x03,0x00,0x23,0x00,0x63,0x00,0x3F,0x00,0x3E,0x00,0x00,0x00,0x00,0x00,0x00,0x00},
    {0x00,0x00,0x00,0x00,0x00,0x00,0x06,0x00,0x0E,0x00,0x0E,0x00,0x1A,0x00,0x32,0x00,0x22,0x00,0x7F,0x00,0x7F,0x00,0x02,0x00,0x02,0x00,0x00,0x00,0x00,0x00,0x00,0x00},
    {0x00,0x00,0x00,0x00,0x00,0x00,0x3F,0x00,0x30,0x00,0x30,0x00,0x3E,0x00,0x3F,0x00,0x03,0x00,0x01,0x00,0x63,0x00,0x37,0x00,0x3E,0x00,0x00,0x00,0x00,0x00,0x00,0x00},
    {0x00,0x00,0x00,0x00,0x00,0x00,0x1E,0x00,0x33,0x00,0x20,0x00,0x7E,0x00,0x7F,0x00,0x73,0x00,0x61,0x00,0x21,0x00,0x3F,0x00,0x1E,0x00,0x00,0x00,0x00,0x00,0x00,0x00},
    {0x00,0x00,0x00,0x00,0x00,0x00,0x7F,0x00,0x03,0x00,0x06,0x00,0x06,0x00,0x0C,0x00,0x0C,0x00,0x18,0x00,0x18,0x00,0x18,0x00,0x18,0x00,0x00,0x00,0x00,0x00,0x00,0x00},
    {0x00,0x00,0x00,0x00,0x00,0x00,0x3E,0x00,0x33,0x00,0x63,0x00,0x63,0x00,0x73,0x00,0x3F,0x00,0x0B,0x00,0x23,0x00,0x37,0x00,0x1E,0x00,0x00,0x00,0x00,0x00,0x00,0x00},
};

static const uint8_t el_glyphs_2x[][DISPLAY_CJK_GLYPH_2X_BYTES] = {
    {0x00,0x00,0x00,0x00,0x00,0x00,0x00,0x00,0x00,0x00,0x00,0x00,0x00,0x00,0x00,0x00,0x00,0x00,0x00,0x00,0x00,0x00,0x00,0x00,0x3F,0xFE,0x00,0x00,0x3F,0xFF,0x00,0x00,0x3F,0xFF,0x80,0x00,0x38,0x07,0xC0,0x00,0x38,0x03,0xC0,0x00,0x38,0x03,0xC0,0x00,0x38,0x01,0xC0,0x00,0x38,0x03,0xC0,0x00,0x38,0x03,0xC0,0x00,0x3C,0x1F,0x80,0x00,0x3F,0xFF,0x80,0x00,0x3F,0xFE,0x00,0x00,0x3F,0xF0,0x00,0x00,0x38,0x00,0x00,0x00,0x38,0x00,0x00,0x00,0x38,0x00,0x00,0x00,0x38,0x00,0x00,0x00,0x38,0x00,0x00,0x00,0x38,0x00,0x00,0x00,0x38,0x00,0x00,0x00,0x38,0x00,0x00,0x00,0x00,0x00,0x00,0x00,0x00,0x00,0x00,0x00,0x00,0x00,0x00,0x00,0x00,0x00,0x00,0x00,0x00,0x00,0x00,0x00},
    {0x00,0x00,0x00,0x00,0x00,0x00,0x00,0x00,0x00,0x00,0x00,0x00,0x00,0x00,0x00,0x00,0x00,0x00,0x00,0x00,0x00,0x00,0x00,0x00,0x00,0x00,0x00,0x00,0x00,0x00,0x00,0x00,0x00,0x00,0x00,0x00,0x00,0x00,0x00,0x00,0x00,0x00,0x00,0x00,0x0C,0x0E,0x00,0x00,0x1E,0x0E,0x00,0x00,0x1E,0x0F,0x00,0x00,0x1E,0x07,0x00,0x00,0x1E,0x07,0x00,0x00,0x1E,0x07,0x00,0x00,0x1E,0x07,0x00,0x00,0x1E,0x07,0x80,0x00,0x1E,0x07,0x00,0x00,0x1E,0x07,0x00,0x00,0x1E,0x07,0x00,0x00,0x0E,0x07,0x00,0x00,0x0E,0x0F,0x00,0x00,0x0F,0xFE,0x00,0x00,0x0F,0xFC,0x00,0x00,0x03,0xF8,0x00,0x00,0x00,0x00,0x00,0x00,0x00,0x00,0x00,0x00,0x00,0x00,0x00,0x00,0x00,0x00,0x00,0x00,0x00,0x00,0x00,0x00},
    {0x00,0x00,0x00,0x00,0x00,0x00,0x00,0x00,0x00,0x00,0x00,0x00,0x00,0x00,0x00,0x00,0x00,0x00,0x00,0x00,0x00,0xE0,0x00,0x00,0x03,0xFC,0x00,0x00,0x07,0xFE,0x00,0x00,0x0F,0x1E,0x00,0x00,0x0E,0x0F,0x00,0x00,0x1E,0x07,0x00,0x00,0x1C,0x07,0x00,0x00,0x1C,0x07,0x00,0x00,0x1C,0x07,0x80,0x00,0x1C,0x07,0x80,0x00,0x1F,0xFF,0x80,0x00,0x1F,0xFF,0x80,0x00,0x1C,0x07,0x80,0x00,0x1C,0x07,0x80,0x00,0x1C,0x07,0x80,0x00,0x1C,0x07,0x00,0x00,0x1E,0x07,0x00,0x00,0x0E,0x07,0x00,0x00,0x0F,0x0F,0x00,0x00,0x0F,0xFE,0x00,0x00,0x07,0xFC,0x00,0x00,0x03,0xF8,0x00,0x00,0x00,0x00,0x00,0x00,0x00,0x00,0x00,0x00,0x00,0x00,0x00,0x00,0x00,0x00,0x00,0x00,0x00,0x00,0x00,0x00},
    {0x00,0x00,0x00,0x00,0x00,0x00,0x00,0x00,0x00,0x00,0x00,0x00,0x00,0x00,0x00,0x00,0x00,0x00,0x00,0x00,0x00,0x00,0x00,0x00,0x00,0x00,0x00,0x00,0x00,0x00,0x00,0x00,0x00,0x00,0x00,0x00,0x00,0x00,0x00,0x00,0x00,0x00,0x00,0x00,0x18,0x06,0x00,0x00,0x1C,0x07,0x00,0x00,0x1C,0x07,0x00,0x00,0x1C,0x07,0x00,0x00,0x1C,0x07,0x00,0x00,0x1C,0x07,0x00,0x00,0x1C,0x07,0x00,0x00,0x1C,0x07,0x00,0x00,0x1C,0x07,0x00,0x00,0x1C,0x0F,0x00,0x00,0x1C,0x0F,0x00,0x00,0x1C,0x0F,0x00,0x00,0x1C,0x1F,0x00,0x00,0x1F,0xFF,0x00,0x00,0x1F,0xFF,0x00,0x00,0x1F,0xE7,0x00,0x00,0x1C,0x00,0x00,0x00,0x1C,0x00,0x00,0x00,0x1C,0x00,0x00,0x00,0x1C,0x00,0x00,0x00,0x1C,0x00,0x00,0x00},
    {0x00,0x00,0x00,0x00,0x00,0x00,0x00,0x00,0x00,0x00,0x00,0x00,0x00,0x00,0x00,0x00,0x00,0x00,0x00,0x00,0x00,0x70,0x00,0x00,0x00,0x70,0x00,0x00,0x00,0xF0,0x00,0x00,0x00,0xE0,0x00,0x00,0x00,0xE0,0x00,0x00,0x00,0x00,0x00,0x00,0x00,0xC0,0x00,0x00,0x00,0xE0,0x00,0x00,0x00,0xE0,0x00,0x00,0x00,0xE0,0x00,0x00,0x00,0xE0,0x00,0x00,0x00,0xE0,0x00,0x00,0x00,0xE0,0x00,0x00,0x00,0xE0,0x00,0x00,0x00,0xE0,0x00,0x00,0x00,0xE0,0x00,0x00,0x00,0xE0,0x00,0x00,0x00,0xE0,0x00,0x00,0x00,0xE0,0x00,0x00,0x00,0xF0,0x00,0x00,0x00,0xF8,0x00,0x00,0x00,0xF8,0x00,0x00,0x00,0x00,0x00,0x00,0x00,0x00,0x00,0x00,0x00,0x00,0x00,0x00,0x00,0x00,0x00,0x00,0x00,0x00,0x00,0x00},
    {0x00,0x00,0x00,0x00,0x00,0x00,0x00,0x00,0x00,0x00,0x00,0x00,0x00,0x00,0x00,0x00,0x00,0x00,0x00,0x00,0x00,0x00,0x00,0x00,0x00,0x00,0x00,0x00,0x00,0x00,0x00,0x00,0x00,0x00,0x00,0x00,0x00,0x00,0x00,0x00,0x00,0x00,0x00,0x00,0x00,0x7F,0x80,0x00,0x07,0xFF,0xC0,0x00,0x0F,0xFF,0xC0,0x00,0x1F,0x1E,0x00,0x00,0x1E,0x0F,0x00,0x00,0x3C,0x07,0x00,0x00,0x38,0x07,0x00,0x00,0x38,0x07,0x00,0x00,0x38,0x07,0x00,0x00,0x38,0x07,0x00,0x00,0x38,0x07,0x00,0x00,0x3C,0x0F,0x00,0x00,0x1E,0x0E,0x00,0x00,0x1F,0xFE,0x00,0x00,0x0F,0xFC,0x00,0x00,0x03,0xF8,0x00,0x00,0x00,0x00,0x00,0x00,0x00,0x00,0x00,0x00,0x00,0x00,0x00,0x00,0x00,0x00,0x00,0x00,0x00,0x00,0x00,0x00},
    {0x00,0x00,0x00,0x00,0x00,0x00,0x00,0x00,0x00,0x00,0x00,0x00,0x00,0x00,0x00,0x00,0x00,0x00,0x00,0x00,0x00,0x00,0x00,0x00,0x00,0x00,0x00,0x00,0x00,0x00,0x00,0x00,0x00,0x00,0x00,0x00,0x00,0x00,0x00,0x00,0x00,0x00,0x00,0x00,0x03,0xF0,0x00,0x00,0x07,0xFC,0x00,0x00,0x0F,0xFE,0x00,0x00,0x1E,0x1E,0x00,0x00,0x1C,0x0E,0x00,0x00,0x1E,0x00,0x00,0x00,0x0F,0x80,0x00,0x00,0x0F,0xE0,0x00,0x00,0x0F,0xE0,0x00,0x00,0x1E,0x00,0x00,0x00,0x1C,0x00,0x00,0x00,0x1C,0x07,0x00,0x00,0x1C,0x0F,0x00,0x00,0x1F,0xBE,0x00,0x00,0x0F,0xFC,0x00,0x00,0x07,0xF8,0x00,0x00,0x00,0x00,0x00,0x00,0x00,0x00,0x00,0x00,0x00,0x00,0x00,0x00,0x00,0x00,0x00,0x00,0x00,0x00,0x00,0x00},
    {0x00,0x00,0x00,0x00,0x00,0x00,0x00,0x00,0x00,0x00,0x00,0x00,0x00,0x00,0x00,0x00,0x00,0x00,0x00,0x00,0x00,0x00,0x00,0x00,0x00,0x00,0x00,0x00,0x00,0x00,0x00,0x00,0x00,0x00,0x00,0x00,0x00,0x00,0x00,0x00,0x00,0x00,0x00,0x00,0x00,0xC0,0x00,0x00,0x00,0xE0,0x00,0x00,0x00,0xE0,0x00,0x00,0x00,0xE0,0x00,0x00,0x00,0xE0,0x00,0x00,0x00,0xE0,0x00,0x00,0x00,0xE0,0x00,0x00,0x00,0xE0,0x00,0x00,0x00,0xE0,0x00,0x00,0x00,0xE0,0x00,0x00,0x00,0xE0,0x00,0x00,0x00,0xE0,0x00,0x00,0x00,0xE0,0x00,0x00,0x00,0xF0,0x00,0x00,0x00,0xF8,0x00,0x00,0x00,0xF8,0x00,0x00,0x00,0x00,0x00,0x00,0x00,0x00,0x00,0x00,0x00,0x00,0x00,0x00,0x00,0x00,0x00,0x00,0x00,0x00,0x00,0x00},
    {0x00,0x00,0x00,0x00,0x00,0x00,0x00,0x00,0x00,0x00,0x00,0x00,0x00,0x00,0x00,0x00,0x00,0x00,0x00,0x00,0x00,0x00,0x00,0x00,0x00,0x00,0x00,0x00,0x00,0x00,0x00,0x00,0x00,0x00,0x00,0x00,0x00,0x00,0x00,0x00,0x00,0x00,0x00,0x00,0x00,0xF8,0x00,0x00,0x03,0xFE,0x00,0x00,0x0F,0xFF,0x00,0x00,0x0F,0x0F,0x00,0x00,0x1E,0x07,0x00,0x00,0x1E,0x00,0x00,0x00,0x1C,0x00,0x00,0x00,0x1C,0x00,0x00,0x00,0x1C,0x00,0x00,0x00,0x1C,0x00,0x00,0x00,0x1C,0x00,0x00,0x00,0x1E,0x00,0x00,0x00,0x0F,0x00,0x00,0x00,0x0F,0xF8,0x00,0x00,0x07,0xFE,0x00,0x00,0x01,0xFE,0x00,0x00,0x00,0x0E,0x00,0x00,0x00,0x0E,0x00,0x00,0x00,0x0E,0x00,0x00,0x00,0x0E,0x00,0x00,0x00,0x00,0x00,0x00},
    {0x00,0x00,0x00,0x00,0x00,0x00,0x00,0x00,0x00,0x00,0x00,0x00,0x00,0x00,0x00,0x00,0x00,0x00,0x00,0x00,0x00,0x00,0x00,0x00,0x3F,0xFF,0xC0,0x00,0x3F,0xFF,0xC0,0x00,0x1F,0xFF,0xC0,0x00,0x00,0x07,0x80,0x00,0x00,0x0F,0x80,0x00,0x00,0x1F,0x00,0x00,0x00,0x1E,0x00,0x00,0x00,0x3C,0x00,0x00,0x00,0x78,0x00,0x00,0x00,0xF8,0x00,0x00,0x01,0xF0,0x00,0x00,0x01,0xE0,0x00,0x00,0x03,0xC0,0x00,0x00,0x07,0x80,0x00,0x00,0x0F,0x80,0x00,0x00,0x1F,0x00,0x00,0x00,0x1E,0x00,0x00,0x00,0x3C,0x00,0x00,0x00,0x7F,0xFF,0xC0,0x00,0x7F,0xFF,0xC0,0x00,0x7F,0xFF,0xC0,0x00,0x00,0x00,0x00,0x00,0x00,0x00,0x00,0x00,0x00,0x00,0x00,0x00,0x00,0x00,0x00,0x00,0x00,0x00,0x00,0x00},
    {0x00,0x00,0x00,0x00,0x00,0x00,0x00,0x00,0x00,0x00,0x00,0x00,0x00,0x00,0x00,0x00,0x00,0x00,0x00,0x00,0x00,0x78,0x00,0x00,0x00,0x78,0x00,0x00,0x00,0x70,0x00,0x00,0x00,0xE0,0x00,0x00,0x00,0xE0,0x00,0x00,0x00,0x00,0x00,0x00,0x38,0x03,0x80,0x00,0x38,0x07,0x80,0x00,0x78,0x03,0xC0,0x00,0x70,0x01,0xC0,0x00,0xF0,0xE1,0xE0,0x00,0xE0,0xE1,0xE0,0x00,0xE0,0xE0,0xE0,0x00,0xE0,0xE0,0xE0,0x00,0xE0,0xE0,0xE0,0x00,0xE0,0xE0,0xE0,0x00,0xE0,0xE0,0xE0,0x00,0xE0,0xE1,0xE0,0x00,0xF1,0xE1,0xC0,0x00,0x7F,0xFF,0xC0,0x00,0x7F,0xBF,0x80,0x00,0x3F,0x1F,0x00,0x00,0x00,0x00,0x00,0x00,0x00,0x00,0x00,0x00,0x00,0x00,0x00,0x00,0x00,0x00,0x00,0x00,0x00,0x00,0x00,0x00},
    {0x00,0x00,0x00,0x00,0x00,0x00,0x00,0x00,0x00,0x00,0x00,0x00,0x00,0x00,0x00,0x00,0x00,0x00,0x00,0x00,0x00,0x00,0x00,0x00,0x00,0x00,0x00,0x00,0x00,0x00,0x00,0x00,0x00,0x00,0x00,0x00,0x00,0x00,0x00,0x00,0x00,0x00,0x00,0x00,0x38,0x06,0x00,0x00,0x3C,0x07,0x00,0x00,0x1C,0x0F,0x00,0x00,0x1C,0x0E,0x00,0x00,0x1E,0x0E,0x00,0x00,0x0E,0x0E,0x00,0x00,0x0E,0x1E,0x00,0x00,0x0F,0x1C,0x00,0x00,0x07,0x1C,0x00,0x00,0x07,0x3C,0x00,0x00,0x03,0xB8,0x00,0x00,0x03,0xF8,0x00,0x00,0x03,0xF0,0x00,0x00,0x01,0xF0,0x00,0x00,0x01,0xE0,0x00,0x00,0x01,0xE0,0x00,0x00,0x00,0x00,0x00,0x00,0x00,0x00,0x00,0x00,0x00,0x00,0x00,0x00,0x00,0x00,0x00,0x00,0x00,0x00,0x00,0x00},
    {0x00,0x00,0x00,0x00,0x00,0x00,0x00,0x00,0x00,0x00,0x00,0x00,0x00,0x00,0x00,0x00,0x00,0x00,0x00,0x00,0x00,0x00,0x00,0x00,0x00,0x00,0x00,0x00,0x00,0x00,0x00,0x00,0x00,0x00,0x00,0x00,0x00,0x00,0x00,0x00,0x00,0x00,0x00,0x00,0x18,0xF8,0x00,0x00,0x1F,0xFC,0x00,0x00,0x1F,0xFE,0x00,0x00,0x1F,0x1E,0x00,0x00,0x1E,0x0E,0x00,0x00,0x1C,0x0F,0x00,0x00,0x1C,0x07,0x00,0x00,0x1C,0x07,0x00,0x00,0x1C,0x07,0x00,0x00,0x1C,0x07,0x00,0x00,0x1C,0x07,0x00,0x00,0x1C,0x07,0x00,0x00,0x1C,0x07,0x00,0x00,0x1C,0x07,0x00,0x00,0x1C,0x07,0x00,0x00,0x1C,0x07,0x00,0x00,0x00,0x07,0x00,0x00,0x00,0x07,0x00,0x00,0x00,0x07,0x00,0x00,0x00,0x07,0x00,0x00,0x00,0x07,0x00,0x00},
    {0x00,0x00,0x00,0x00,0x00,0x00,0x00,0x00,0x00,0x00,0x00,0x00,0x00,0x00,0x00,0x00,0x00,0x00,0x00,0x00,0x00,0x00,0x00,0x00,0x00,0x00,0x00,0x00,0x00,0x00,0x00,0x00,0x00,0x00,0x00,0x00,0x00,0x00,0x00,0x00,0x00,0x00,0x00,0x00,0x01,0xF0,0x00,0x00,0x07,0xFC,0x00,0x00,0x0F,0xFE,0x00,0x00,0x0F,0x1F,0x00,0x00,0x1E,0x0F,0x00,0x00,0x1C,0x07,0x00,0x00,0x1C,0x07,0x80,0x00,0x1C,0x07,0x80,0x00,0x3C,0x07,0x80,0x00,0x3C,0x07,0x80,0x00,0x3C,0x07,0x80,0x00,0x3C,0x07,0x00,0x00,0x3E,0x0F,0x00,0x00,0x3F,0xFE,0x00,0x00,0x3F,0xFE,0x00,0x00,0x3D,0xF8,0x00,0x00,0x3C,0x00,0x00,0x00,0x3C,0x00,0x00,0x00,0x3C,0x00,0x00,0x00,0x3C,0x00,0x00,0x00,0x3C,0x00,0x00,0x00},
    {0x00,0x00,0x00,0x00,0x00,0x00,0x00,0x00,0x00,0x00,0x00,0x00,0x00,0x00,0x00,0x00,0x00,0x00,0x00,0x00,0x00,0x00,0x00,0x00,0x00,0x00,0x00,0x00,0x00,0x00,0x00,0x00,0x00,0x00,0x00,0x00,0x00,0x00,0x00,0x00,0x00,0x00,0x00,0x00,0x01,0xE7,0x00,0x00,0x07,0xFF,0x00,0x00,0x1F,0xFF,0x00,0x00,0x1E,0x1F,0x00,0x00,0x3C,0x0F,0x00,0x00,0x3C,0x0F,0x00,0x00,0x38,0x07,0x00,0x00,0x38,0x07,0x00,0x00,0x38,0x07,0x00,0x00,0x38,0x07,0x00,0x00,0x38,0x07,0x00,0x00,0x3C,0x0F,0x00,0x00,0x1E,0x1F,0x00,0x00,0x1F,0xFF,0x80,0x00,0x0F,0xFF,0xC0,0x00,0x07,0xF3,0xC0,0x00,0x00,0x00,0x00,0x00,0x00,0x00,0x00,0x00,0x00,0x00,0x00,0x00,0x00,0x00,0x00,0x00,0x00,0x00,0x00,0x00},
    {0x00,0x00,0x00,0x00,0x00,0x00,0x00,0x00,0x00,0x00,0x00,0x00,0x00,0x00,0x00,0x00,0x00,0x00,0x00,0x00,0x00,0xE0,0x00,0x00,0x01,0xE0,0x00,0x00,0x0F,0xFE,0x00,0x00,0x3F,0xFF,0x00,0x00,0x7F,0xFF,0xC0,0x00,0xF8,0xE7,0xC0,0x00,0xF0,0xE1,0xE0,0x00,0xE0,0xE1,0xE0,0x00,0xE0,0xE0,0xE0,0x00,0xC0,0xE0,0xF0,0x00,0xC0,0xE0,0xF0,0x00,0xC0,0xE0,0xF0,0x00,0xC0,0xE0,0xF0,0x00,0xE0,0xE0,0xE0,0x00,0xE0,0xE1,0xE0,0x00,0xF0,0xE3,0xE0,0x00,0xFD,0xE7,0xC0,0x00,0x7F,0xFF,0x80,0x00,0x1F,0xFF,0x00,0x00,0x03,0xF8,0x00,0x00,0x00,0xE0,0x00,0x00,0x00,0xE0,0x00,0x00,0x00,0x00,0x00,0x00,0x00,0x00,0x00,0x00,0x00,0x00,0x00,0x00,0x00,0x00,0x00,0x00,0x00,0x00,0x00,0x00},
    {0x00,0x00,0x00,0x00,0x00,0x00,0x00,0x00,0x00,0x00,0x00,0x00,0x00,0x00,0x00,0x00,0x00,0x00,0x00,0x00,0x00,0x00,0x00,0x00,0x00,0x00,0x00,0x00,0x00,0x00,0x00,0x00,0x00,0x00,0x00,0x00,0x00,0x00,0x00,0x00,0x00,0x00,0x00,0x00,0x38,0x03,0x80,0x00,0x38,0x07,0x80,0x00,0x78,0x03,0xC0,0x00,0x70,0x01,0xC0,0x00,0xF0,0xE1,0xE0,0x00,0xE0,0xE1,0xE0,0x00,0xE0,0xE0,0xE0,0x00,0xE0,0xE0,0xE0,0x00,0xE0,0xE0,0xE0,0x00,0xE0,0xE0,0xE0,0x00,0xE0,0xE0,0xE0,0x00,0xE0,0xE1,0xE0,0x00,0xF1,0xE1,0xC0,0x00,0x7F,0xFF,0xC0,0x00,0x7F,0xBF,0x80,0x00,0x3F,0x1F,0x00,0x00,0x00,0x00,0x00,0x00,0x00,0x00,0x00,0x00,0x00,0x00,0x00,0x00,0x00,0x00,0x00,0x00,0x00,0x00,0x00,0x00},
    {0x00,0x00,0x00,0x00,0x00,0x00,0x00,0x00,0x00,0x00,0x00,0x00,0x00,0x00,0x00,0x00,0x00,0x00,0x00,0x00,0x00,0x00,0x00,0x00,0x00,0x00,0x00,0x00,0x00,0x00,0x00,0x00,0x00,0x00,0x00,0x00,0x00,0x00,0x00,0x00,0x00,0x00,0x00,0x00,0x1F,0xFF,0x00,0x00,0x1F,0xFF,0x00,0x00,0x1F,0xFF,0x00,0x00,0x00,0xE0,0x00,0x00,0x00,0xE0,0x00,0x00,0x00,0xE0,0x00,0x00,0x00,0xE0,0x00,0x00,0x00,0xE0,0x00,0x00,0x00,0xE0,0x00,0x00,0x00,0xE0,0x00,0x00,0x00,0xE0,0x00,0x00,0x00,0xE0,0x00,0x00,0x00,0xE0,0x00,0x00,0x00,0xF8,0x00,0x00,0x00,0xF8,0x00,0x00,0x00,0x78,0x00,0x00,0x00,0x00,0x00,0x00,0x00,0x00,0x00,0x00,0x00,0x00,0x00,0x00,0x00,0x00,0x00,0x00,0x00,0x00,0x00,0x00},
    {0x00,0x00,0x00,0x00,0x00,0x00,0x00,0x00,0x00,0x00,0x00,0x00,0x00,0x00,0x00,0x00,0x00,0x00,0x00,0x00,0x00,0x70,0x00,0x00,0x00,0x70,0x00,0x00,0x00,0xF0,0x00,0x00,0x00,0xE0,0x00,0x00,0x00,0xE0,0x00,0x00,0x00,0x00,0x00,0x00,0x01,0xF0,0x00,0x00,0x07,0xFC,0x00,0x00,0x0F,0xFE,0x00,0x00,0x1E,0x1F,0x00,0x00,0x3C,0x0F,0x00,0x00,0x3C,0x07,0x80,0x00,0x38,0x07,0x80,0x00,0x38,0x03,0x80,0x00,0x38,0x03,0x80,0x00,0x38,0x07,0x80,0x00,0x38,0x07,0x80,0x00,0x3C,0x07,0x00,0x00,0x1E,0x0F,0x00,0x00,0x1F,0xFE,0x00,0x00,0x0F,0xFC,0x00,0x00,0x03,0xF8,0x00,0x00,0x00,0x00,0x00,0x00,0x00,0x00,0x00,0x00,0x00,0x00,0x00,0x00,0x00,0x00,0x00,0x00,0x00,0x00,0x00,0x00},
    {0x00,0x00,0x00,0x00,0x00,0x00,0x00,0x00,0x00,0x00,0x00,0x00,0x00,0x00,0x00,0x00,0x00,0x00,0x00,0x00,0x01,0xE0,0x00,0x00,0x0F,0xF8,0x00,0x00,0x0F,0xFC,0x00,0x00,0x1E,0x1E,0x00,0x00,0x1C,0x0E,0x00,0x00,0x1C,0x0E,0x00,0x00,0x1C,0x0E,0x00,0x00,0x1C,0x1E,0x00,0x00,0x1C,0x3C,0x00,0x00,0x1C,0xFC,0x00,0x00,0x1C,0xFE,0x00,0x00,0x1C,0x1F,0x00,0x00,0x1C,0x0F,0x00,0x00,0x1C,0x07,0x00,0x00,0x1C,0x07,0x80,0x00,0x1C,0x07,0x80,0x00,0x1C,0x07,0x00,0x00,0x1E,0x07,0x00,0x00,0x1E,0x0F,0x00,0x00,0x1F,0xFE,0x00,0x00,0x1F,0xFE,0x00,0x00,0x1D,0xF8,0x00,0x00,0x1C,0x00,0x00,0x00,0x1C,0x00,0x00,0x00,0x1C,0x00,0x00,0x00,0x1C,0x00,0x00,0x00,0x1C,0x00,0x00,0x00},
    {0x00,0x00,0x00,0x00,0x00,0x00,0x00,0x00,0x00,0x00,0x00,0x00,0x00,0x00,0x00,0x00,0x00,0x00,0x00,0x00,0x00,0x00,0x00,0x00,0x3F,0xFF,0xC0,0x00,0x3F,0xFF,0xC0,0x00,0x3F,0xFF,0x80,0x00,0x1F,0x00,0x00,0x00,0x0F,0x80,0x00,0x00,0x07,0xC0,0x00,0x00,0x03,0xE0,0x00,0x00,0x01,0xF0,0x00,0x00,0x00,0xF8,0x00,0x00,0x00,0x7C,0x00,0x00,0x00,0x7C,0x00,0x00,0x00,0xF8,0x00,0x00,0x01,0xF0,0x00,0x00,0x03,0xE0,0x00,0x00,0x07,0xC0,0x00,0x00,0x0F,0x80,0x00,0x00,0x1F,0x00,0x00,0x00,0x1E,0x00,0x00,0x00,0x3F,0xFF,0xC0,0x00,0x3F,0xFF,0xC0,0x00,0x3F,0xFF,0xC0,0x00,0x00,0x00,0x00,0x00,0x00,0x00,0x00,0x00,0x00,0x00,0x00,0x00,0x00,0x00,0x00,0x00,0x00,0x00,0x00,0x00},
    {0x00,0x00,0x00,0x00,0x00,0x00,0x00,0x00,0x00,0x00,0x00,0x00,0x00,0x00,0x00,0x00,0x00,0x00,0x00,0x00,0x00,0x00,0x00,0x00,0x00,0x00,0x00,0x00,0x00,0x00,0x00,0x00,0x00,0x00,0x00,0x00,0x00,0x00,0x00,0x00,0x00,0x00,0x00,0x00,0x01,0xF0,0x00,0x00,0x07,0xFC,0x00,0x00,0x0F,0xFE,0x00,0x00,0x1E,0x1F,0x00,0x00,0x3C,0x0F,0x00,0x00,0x3C,0x07,0x80,0x00,0x38,0x07,0x80,0x00,0x38,0x03,0x80,0x00,0x38,0x03,0x80,0x00,0x38,0x07,0x80,0x00,0x38,0x07,0x80,0x00,0x3C,0x07,0x00,0x00,0x1E,0x0F,0x00,0x00,0x1F,0xFE,0x00,0x00,0x0F,0xFC,0x00,0x00,0x03,0xF8,0x00,0x00,0x00,0x00,0x00,0x00,0x00,0x00,0x00,0x00,0x00,0x00,0x00,0x00,0x00,0x00,0x00,0x00,0x00,0x00,0x00,0x00},
    {0x00,0x00,0x00,0x00,0x00,0x00,0x00,0x00,0x00,0x00,0x00,0x00,0x00,0x00,0x00,0x00,0x00,0x00,0x00,0x00,0x00,0x00,0x00,0x00,0x00,0x00,0x00,0x00,0x00,0xE0,0x00,0x00,0x00,0xE0,0x00,0x00,0x00,0xE0,0x00,0x00,0x00,0xE0,0x00,0x00,0x07,0xFC,0x00,0x00,0x1F,0xFF,0x00,0x00,0x3F,0xFF,0x80,0x00,0x7C,0xE7,0xC0,0x00,0xF0,0xE1,0xC0,0x00,0xF0,0xE1,0xE0,0x00,0xE0,0xE0,0xE0,0x00,0xE0,0xE0,0xE0,0x00,0xE0,0xE0,0xE0,0x00,0xE0,0xE0,0xE0,0x00,0xE0,0xE1,0xE0,0x00,0xF0,0xE1,0xE0,0x00,0x78,0xE3,0xC0,0x00,0x7F,0xFF,0x80,0x00,0x3F,0xFF,0x00,0x00,0x0F,0xFE,0x00,0x00,0x00,0xE0,0x00,0x00,0x00,0xE0,0x00,0x00,0x00,0xE0,0x00,0x00,0x00,0xE0,0x00,0x00,0x00,0xE0,0x00,0x00},
    {0x00,0x00,0x00,0x00,0x00,0x00,0x00,0x00,0x00,0x00,0x00,0x00,0x00,0x00,0x00,0x00,0x00,0x00,0x00,0x00,0x00,0x70,0x00,0x00,0x00,0x70,0x00,0x00,0x00,0xF0,0x00,0x00,0x00,0xE0,0x00,0x00,0x00,0xE0,0x00,0x00,0x00,0x00,0x00,0x00,0x18,0xF8,0x00,0x00,0x1F,0xFC,0x00,0x00,0x1F,0xFE,0x00,0x00,0x1F,0x1E,0x00,0x00,0x1E,0x0E,0x00,0x00,0x1C,0x0F,0x00,0x00,0x1C,0x07,0x00,0x00,0x1C,0x07,0x00,0x00,0x1C,0x07,0x00,0x00,0x1C,0x07,0x00,0x00,0x1C,0x07,0x00,0x00,0x1C,0x07,0x00,0x00,0x1C,0x07,0x00,0x00,0x1C,0x07,0x00,0x00,0x1C,0x07,0x00,0x00,0x1C,0x07,0x00,0x00,0x00,0x07,0x00,0x00,0x00,0x07,0x00,0x00,0x00,0x07,0x00,0x00,0x00,0x07,0x00,0x00,0x00,0x07,0x00,0x00},
    {0x00,0x00,0x00,0x00,0x00,0x00,0x00,0x00,0x00,0x00,0x00,0x00,0x00,0x00,0x00,0x00,0x00,0x00,0x00,0x00,0x00,0x00,0x00,0x00,0x00,0x70,0x00,0x00,0x00,0xF0,0x00,0x00,0x00,0xF0,0x00,0x00,0x07,0xF0,0x00,0x00,0x1F,0xF0,0x00,0x00,0x1F,0xF0,0x00,0x00,0x00,0xF0,0x00,0x00,0x00,0x70,0x00,0x00,0x00,0x70,0x00,0x00,0x00,0x70,0x00,0x00,0x00,0x70,0x00,0x00,0x00,0x70,0x00,0x00,0x00,0x70,0x00,0x00,0x00,0x70,0x00,0x00,0x00,0x70,0x00,0x00,0x00,0x70,0x00,0x00,0x00,0x70,0x00,0x00,0x00,0x70,0x00,0x00,0x00,0x70,0x00,0x00,0x00,0x70,0x00,0x00,0x00,0x70,0x00,0x00,0x00,0x00,0x00,0x00,0x00,0x00,0x00,0x00,0x00,0x00,0x00,0x00,0x00,0x00,0x00,0x00,0x00,0x00,0x00,0x00},
    {0x00,0x00,0x00,0x00,0x00,0x00,0x00,0x00,0x00,0x00,0x00,0x00,0x00,0x00,0x00,0x00,0x00,0x00,0x00,0x00,0x00,0x00,0x00,0x00,0x03,0xF0,0x00,0x00,0x0F,0xFC,0x00,0x00,0x1F,0xFE,0x00,0x00,0x1E,0x1E,0x00,0x00,0x1C,0x0E,0x00,0x00,0x1C,0x0E,0x00,0x00,0x1C,0x0E,0x00,0x00,0x1E,0x1E,0x00,0x00,0x0F,0xFC,0x00,0x00,0x07,0xF8,0x00,0x00,0x0F,0xFE,0x00,0x00,0x1F,0x3E,0x00,0x00,0x3C,0x0F,0x00,0x00,0x3C,0x07,0x00,0x00,0x38,0x07,0x00,0x00,0x38,0x07,0x00,0x00,0x3C,0x07,0x00,0x00,0x3C,0x0F,0x00,0x00,0x1F,0xFE,0x00,0x00,0x0F,0xFC,0x00,0x00,0x07,0xF8,0x00,0x00,0x00,0x00,0x00,0x00,0x00,0x00,0x00,0x00,0x00,0x00,0x00,0x00,0x00,0x00,0x00,0x00,0x00,0x00,0x00,0x00},
    {0x00,0x00,0x00,0x00,0x00,0x00,0x00,0x00,0x00,0x00,0x00,0x00,0x00,0x00,0x00,0x00,0x00,0x00,0x00,0x00,0x00,0x00,0x00,0x00,0x03,0xF0,0x00,0x00,0x0F,0xFC,0x00,0x00,0x0F,0xFE,0x00,0x00,0x1E,0x1E,0x00,0x00,0x1C,0x0F,0x00,0x00,0x3C,0x0F,0x00,0x00,0x38,0x07,0x00,0x00,0x38,0x07,0x00,0x00,0x38,0x07,0x00,0x00,0x38,0x07,0x00,0x00,0x38,0x07,0x00,0x00,0x38,0x07,0x00,0x00,0x38,0x07,0x00,0x00,0x38,0x07,0x00,0x00,0x38,0x07,0x00,0x00,0x3C,0x0F,0x00,0x00,0x1C,0x0F,0x00,0x00,0x1E,0x1E,0x00,0x00,0x1F,0xFE,0x00,0x00,0x0F,0xFC,0x00,0x00,0x07,0xF8,0x00,0x00,0x00,0x00,0x00,0x00,0x00,0x00,0x00,0x00,0x00,0x00,0x00,0x00,0x00,0x00,0x00,0x00,0x00,0x00,0x00,0x00},
    {0x00,0x00,0x00,0x00,0x00,0x00,0x00,0x00,0x00,0x00,0x00,0x00,0x00,0x00,0x00,0x00,0x00,0x00,0x00,0x00,0x00,0x00,0x00,0x00,0x00,0x00,0x00,0x00,0x00,0x00,0x00,0x00,0x00,0x00,0x00,0x00,0x00,0x00,0x00,0x00,0x00,0x00,0x00,0x00,0x1C,0x06,0x00,0x00,0x1E,0x0F,0x00,0x00,0x0E,0x0E,0x00,0x00,0x0F,0x1E,0x00,0x00,0x07,0x1C,0x00,0x00,0x07,0xBC,0x00,0x00,0x03,0xF8,0x00,0x00,0x03,0xF8,0x00,0x00,0x01,0xF0,0x00,0x00,0x01,0xF0,0x00,0x00,0x00,0xF0,0x00,0x00,0x01,0xF0,0x00,0x00,0x01,0xF0,0x00,0x00,0x03,0xF8,0x00,0x00,0x03,0xB8,0x00,0x00,0x07,0xBC,0x00,0x00,0x07,0x1C,0x00,0x00,0x0F,0x1E,0x00,0x00,0x0E,0x0E,0x00,0x00,0x1E,0x0F,0x00,0x00,0x1C,0x07,0x00,0x00},
    {0x00,0x00,0x00,0x00,0x00,0x00,0x00,0x00,0x00,0x00,0x00,0x00,0x00,0x00,0x00,0x00,0x00,0x00,0x00,0x00,0x00,0x00,0x00,0x00,0x00,0x00,0x00,0x00,0x00,0x00,0x00,0x00,0x00,0x00,0x00,0x00,0x00,0x00,0x00,0x00,0x00,0x00,0x00,0x00,0x0C,0x07,0x00,0x00,0x0E,0x0F,0x00,0x00,0x0E,0x1E,0x00,0x00,0x0E,0x3C,0x00,0x00,0x0E,0x78,0x00,0x00,0x0E,0xF0,0x00,0x00,0x0F,0xE0,0x00,0x00,0x0F,0xF0,0x00,0x00,0x0F,0xF0,0x00,0x00,0x0F,0x78,0x00,0x00,0x0E,0x3C,0x00,0x00,0x0E,0x3C,0x00,0x00,0x0E,0x1E,0x00,0x00,0x0E,0x0F,0x00,0x00,0x0E,0x0F,0x80,0x00,0x0E,0x07,0x80,0x00,0x00,0x00,0x00,0x00,0x00,0x00,0x00,0x00,0x00,0x00,0x00,0x00,0x00,0x00,0x00,0x00,0x00,0x00,0x00,0x00},
    {0x00,0x00,0x00,0x00,0x00,0x00,0x00,0x00,0x00,0x00,0x00,0x00,0x00,0x00,0x00,0x00,0x00,0x00,0x00,0x00,0x00,0x70,0x00,0x00,0x00,0x70,0x00,0x00,0x00,0xF0,0x00,0x00,0x00,0xE0,0x00,0x00,0x00,0xE0,0x00,0x00,0x00,0x00,0x00,0x00,0x01,0xE7,0x00,0x00,0x07,0xFF,0x00,0x00,0x1F,0xFF,0x00,0x00,0x1E,0x1F,0x00,0x00,0x3C,0x0F,0x00,0x00,0x3C,0x0F,0x00,0x00,0x38,0x07,0x00,0x00,0x38,0x07,0x00,0x00,0x38,0x07,0x00,0x00,0x38,0x07,0x00,0x00,0x38,0x07,0x00,0x00,0x3C,0x0F,0x00,0x00,0x1E,0x1F,0x00,0x00,0x1F,0xFF,0x80,0x00,0x0F,0xFF,0xC0,0x00,0x07,0xF3,0xC0,0x00,0x00,0x00,0x00,0x00,0x00,0x00,0x00,0x00,0x00,0x00,0x00,0x00,0x00,0x00,0x00,0x00,0x00,0x00,0x00,0x00},
    {0x00,0x00,0x00,0x00,0x00,0x00,0x00,0x00,0x00,0x00,0x00,0x00,0x00,0x00,0x00,0x00,0x00,0x00,0x00,0x00,0x00,0x00,0x00,0x00,0x1F,0xFF,0x80,0x00,0x1F,0xFF,0x80,0x00,0x1F,0xFF,0x80,0x00,0x1C,0x00,0x00,0x00,0x1C,0x00,0x00,0x00,0x1C,0x00,0x00,0x00,0x1C,0x00,0x00,0x00,0x1C,0x00,0x00,0x00,0x1C,0x00,0x00,0x00,0x1C,0x00,0x00,0x00,0x1C,0x00,0x00,0x00,0x1C,0x00,0x00,0x00,0x1C,0x00,0x00,0x00,0x1C,0x00,0x00,0x00,0x1C,0x00,0x00,0x00,0x1C,0x00,0x00,0x00,0x1C,0x00,0x00,0x00,0x1C,0x00,0x00,0x00,0x1C,0x00,0x00,0x00,0x1C,0x00,0x00,0x00,0x1C,0x00,0x00,0x00,0x00,0x00,0x00,0x00,0x00,0x00,0x00,0x00,0x00,0x00,0x00,0x00,0x00,0x00,0x00,0x00,0x00,0x00,0x00,0x00},
    {0x00,0x00,0x00,0x00,0x00,0x00,0x00,0x00,0x00,0x00,0x00,0x00,0x00,0x00,0x00,0x00,0x00,0x00,0x00,0x00,0x0E,0x00,0x00,0x00,0x1F,0x80,0x00,0x00,0x1F,0x80,0x00,0x00,0x03,0xC0,0x00,0x00,0x01,0xC0,0x00,0x00,0x01,0xE0,0x00,0x00,0x00,0xE0,0x00,0x00,0x00,0xE0,0x00,0x00,0x00,0xF0,0x00,0x00,0x01,0xF0,0x00,0x00,0x01,0xF0,0x00,0x00,0x03,0xF8,0x00,0x00,0x03,0xB8,0x00,0x00,0x07,0xB8,0x00,0x00,0x07,0x1C,0x00,0x00,0x07,0x1C,0x00,0x00,0x0F,0x1C,0x00,0x00,0x0E,0x0E,0x00,0x00,0x1E,0x0E,0x00,0x00,0x1C,0x0F,0x00,0x00,0x3C,0x07,0x80,0x00,0x3C,0x07,0x80,0x00,0x00,0x00,0x00,0x00,0x00,0x00,0x00,0x00,0x00,0x00,0x00,0x00,0x00,0x00,0x00,0x00,0x00,0x00,0x00,0x00},
    {0x00,0x00,0x00,0x00,0x00,0x00,0x00,0x00,0x00,0x00,0x00,0x00,0x00,0x00,0x00,0x00,0x00,0x00,0x00,0x00,0x00,0x00,0x00,0x00,0x7F,0xFF,0xC0,0x00,0x7F,0xFF,0xC0,0x00,0x7F,0xFF,0xC0,0x00,0x00,0xE0,0x00,0x00,0x00,0xE0,0x00,0x00,0x00,0xE0,0x00,0x00,0x00,0xE0,0x00,0x00,0x00,0xE0,0x00,0x00,0x00,0xE0,0x00,0x00,0x00,0xE0,0x00,0x00,0x00,0xE0,0x00,0x00,0x00,0xE0,0x00,0x00,0x00,0xE0,0x00,0x00,0x00,0xE0,0x00,0x00,0x00,0xE0,0x00,0x00,0x00,0xE0,0x00,0x00,0x00,0xE0,0x00,0x00,0x00,0xE0,0x00,0x00,0x00,0xE0,0x00,0x00,0x00,0xE0,0x00,0x00,0x00,0xE0,0x00,0x00,0x00,0x00,0x00,0x00,0x00,0x00,0x00,0x00,0x00,0x00,0x00,0x00,0x00,0x00,0x00,0x00,0x00,0x00,0x00,0x00},
    {0x00,0x00,0x00,0x00,0x00,0x00,0x00,0x00,0x00,0x00,0x00,0x00,0x00,0x00,0x00,0x00,0x00,0x00,0x00,0x00,0x00,0x70,0x00,0x00,0x00,0xF0,0x00,0x00,0x00,0xF0,0x00,0x00,0x00,0xE0,0x00,0x00,0x00,0xC0,0x00,0x00,0x00,0x00,0x00,0x00,0x03,0xF0,0x00,0x00,0x07,0xFC,0x00,0x00,0x0F,0xFE,0x00,0x00,0x1E,0x1E,0x00,0x00,0x1C,0x0E,0x00,0x00,0x1E,0x00,0x00,0x00,0x0F,0x80,0x00,0x00,0x0F,0xE0,0x00,0x00,0x0F,0xE0,0x00,0x00,0x1E,0x00,0x00,0x00,0x1C,0x00,0x00,0x00,0x1C,0x07,0x00,0x00,0x1C,0x0F,0x00,0x00,0x1F,0xBE,0x00,0x00,0x0F,0xFC,0x00,0x00,0x07,0xF8,0x00,0x00,0x00,0x00,0x00,0x00,0x00,0x00,0x00,0x00,0x00,0x00,0x00,0x00,0x00,0x00,0x00,0x00,0x00,0x00,0x00,0x00},
    {0x00,0x00,0x00,0x00,0x00,0x00,0x00,0x00,0x00,0x00,0x00,0x00,0x00,0x00,0x00,0x00,0x00,0x00,0x00,0x00,0x00,0x00,0x00,0x00,0x7F,0xFF,0xC0,0x00,0x7F,0xFF,0xC0,0x00,0x7F,0xFF,0xC0,0x00,0x70,0x03,0xC0,0x00,0x70,0x03,0xC0,0x00,0x70,0x03,0xC0,0x00,0x70,0x03,0xC0,0x00,0x70,0x03,0xC0,0x00,0x70,0x03,0xC0,0x00,0x70,0x03,0xC0,0x00,0x70,0x03,0xC0,0x00,0x70,0x03,0xC0,0x00,0x70,0x03,0xC0,0x00,0x70,0x03,0xC0,0x00,0x70,0x03,0xC0,0x00,0x70,0x03,0xC0,0x00,0x70,0x03,0xC0,0x00,0x70,0x03,0xC0,0x00,0x70,0x03,0xC0,0x00,0x70,0x03,0xC0,0x00,0x70,0x01,0xC0,0x00,0x00,0x00,0x00,0x00,0x00,0x00,0x00,0x00,0x00,0x00,0x00,0x00,0x00,0x00,0x00,0x00,0x00,0x00,0x00,0x00},
    {0x00,0x00,0x00,0x00,0x00,0x00,0x00,0x00,0x00,0x00,0x00,0x00,0x00,0x00,0x00,0x00,0x00,0x00,0x00,0x00,0x00,0x00,0x00,0x00,0x3D,0xF0,0x00,0x00,0x39,0xF0,0x00,0x00,0x79,0xF8,0x00,0x00,0x73,0xF8,0x00,0x00,0x03,0xB8,0x00,0x00,0x03,0xBC,0x00,0x00,0x07,0x1C,0x00,0x00,0x07,0x1C,0x00,0x00,0x0F,0x1E,0x00,0x00,0x0E,0x0E,0x00,0x00,0x0E,0x0F,0x00,0x00,0x1E,0x0F,0x00,0x00,0x1F,0xFF,0x00,0x00,0x3F,0xFF,0x80,0x00,0x3F,0xFF,0x80,0x00,0x38,0x03,0xC0,0x00,0x78,0x03,0xC0,0x00,0x70,0x01,0xC0,0x00,0xF0,0x01,0xE0,0x00,0xF0,0x01,0xE0,0x00,0xE0,0x00,0xE0,0x00,0x00,0x00,0x00,0x00,0x00,0x00,0x00,0x00,0x00,0x00,0x00,0x00,0x00,0x00,0x00,0x00,0x00,0x00,0x00,0x00},
    {0x00,0x00,0x00,0x00,0x00,0x00,0x00,0x00,0x00,0x00,0x00,0x00,0x00,0x00,0x00,0x00,0x00,0x00,0x00,0x00,0x00,0x00,0x00,0x00,0x01,0xF0,0x00,0x00,0x01,0xF0,0x00,0x00,0x01,0xF0,0x00,0x00,0x03,0xF8,0x00,0x00,0x03,0xB8,0x00,0x00,0x07,0xB8,0x00,0x00,0x07,0x3C,0x00,0x00,0x07,0x1C,0x00,0x00,0x0F,0x1E,0x00,0x00,0x0E,0x1E,0x00,0x00,0x1E,0x0E,0x00,0x00,0x1C,0x0F,0x00,0x00,0x1C,0x07,0x00,0x00,0x3C,0x07,0x80,0x00,0x38,0x07,0x80,0x00,0x78,0x03,0x80,0x00,0x78,0x03,0xC0,0x00,0x70,0x03,0xC0,0x00,0xFF,0xFF,0xC0,0x00,0xFF,0xFF,0xE0,0x00,0xFF,0xFF,0xE0,0x00,0x00,0x00,0x00,0x00,0x00,0x00,0x00,0x00,0x00,0x00,0x00,0x00,0x00,0x00,0x00,0x00,0x00,0x00,0x00,0x00},
    {0x00,0x00,0x00,0x00,0x00,0x00,0x00,0x00,0x00,0x00,0x00,0x00,0x00,0x00,0x00,0x00,0x00,0x00,0x00,0x00,0x00,0x00,0x00,0x00,0x00,0x00,0x00,0x00,0x00,0x00,0x00,0x00,0x00,0x00,0x00,0x00,0x00,0x00,0x00,0x00,0x00,0x00,0x00,0x00,0x1C,0x03,0x00,0x00,0x1E,0x07,0x00,0x00,0x0E,0x07,0x00,0x00,0x0F,0x07,0x00,0x00,0x07,0x0F,0x00,0x00,0x07,0x8E,0x00,0x00,0x07,0x8E,0x00,0x00,0x03,0x8E,0x00,0x00,0x03,0x9E,0x00,0x00,0x03,0xDC,0x00,0x00,0x01,0xDC,0x00,0x00,0x01,0xF8,0x00,0x00,0x01,0xF8,0x00,0x00,0x01,0xF0,0x00,0x00,0x01,0xF0,0x00,0x00,0x00,0xE0,0x00,0x00,0x00,0xE0,0x00,0x00,0x00,0xE0,0x00,0x00,0x00,0xE0,0x00,0x00,0x00,0xE0,0x00,0x00,0x00,0xE0,0x00,0x00},
    {0x00,0x00,0x00,0x00,0x00,0x00,0x00,0x00,0x00,0x00,0x00,0x00,0x00,0x00,0x00,0x00,0x00,0x00,0x00,0x00,0x00,0x00,0x00,0x00,0x1F,0xFF,0xC0,0x00,0x1F,0xFF,0xC0,0x00,0x1F,0xFF,0xC0,0x00,0x1C,0x00,0x00,0x00,0x1C,0x00,0x00,0x00,0x1C,0x00,0x00,0x00,0x1C,0x00,0x00,0x00,0x1C,0x00,0x00,0x00,0x1E,0x00,0x00,0x00,0x1F,0xFF,0x80,0x00,0x1F,0xFF,0x80,0x00,0x1F,0xFF,0x80,0x00,0x1C,0x00,0x00,0x00,0x1C,0x00,0x00,0x00,0x1C,0x00,0x00,0x00,0x1C,0x00,0x00,0x00,0x1C,0x00,0x00,0x00,0x1C,0x00,0x00,0x00,0x1F,0xFF,0xC0,0x00,0x1F,0xFF,0xC0,0x00,0x1F,0xFF,0xC0,0x00,0x00,0x00,0x00,0x00,0x00,0x00,0x00,0x00,0x00,0x00,0x00,0x00,0x00,0x00,0x00,0x00,0x00,0x00,0x00,0x00},
    {0x00,0x00,0x00,0x00,0x00,0x00,0x00,0x00,0x00,0x00,0x00,0x00,0x00,0x00,0x00,0x00,0x00,0x00,0x00,0x00,0x00,0x00,0x00,0x00,0x01,0xF0,0x00,0x00,0x01,0xF0,0x00,0x00,0x03,0xF0,0x00,0x00,0x03,0xF8,0x00,0x00,0x03,0xB8,0x00,0x00,0x07,0xB8,0x00,0x00,0x07,0x3C,0x00,0x00,0x07,0x1C,0x00,0x00,0x0F,0x1E,0x00,0x00,0x0E,0x1E,0x00,0x00,0x1E,0x0E,0x00,0x00,0x1E,0x0F,0x00,0x00,0x1F,0xFF,0x00,0x00,0x3F,0xFF,0x80,0x00,0x3F,0xFF,0x80,0x00,0x78,0x03,0x80,0x00,0x78,0x03,0xC0,0x00,0x70,0x03,0xC0,0x00,0xF0,0x01,0xE0,0x00,0xE0,0x01,0xE0,0x00,0xE0,0x00,0xE0,0x00,0x00,0x00,0x00,0x00,0x00,0x00,0x00,0x00,0x00,0x00,0x00,0x00,0x00,0x00,0x00,0x00,0x00,0x00,0x00,0x00},
    {0x00,0x00,0x00,0x00,0x00,0x00,0x00,0x00,0x00,0x00,0x00,0x00,0x00,0x00,0x00,0x00,0x00,0x00,0x00,0x00,0x00,0xFC,0x00,0x00,0xC3,0xFF,0x00,0x00,0x87,0xFF,0x80,0x00,0x9F,0xCF,0xE0,0x00,0x1E,0x01,0xE0,0x00,0x3C,0x00,0xF0,0x00,0x3C,0x00,0x70,0x00,0x78,0x00,0x70,0x00,0x78,0x00,0x70,0x00,0x70,0x00,0x30,0x00,0x70,0x00,0x30,0x00,0x70,0x00,0x30,0x00,0x70,0x00,0x30,0x00,0x78,0x00,0x30,0x00,0x78,0x00,0x70,0x00,0x78,0x00,0x70,0x00,0x3C,0x00,0xF0,0x00,0x3E,0x00,0xF0,0x00,0x1F,0x03,0xE0,0x00,0x0F,0xFF,0xC0,0x00,0x07,0xFF,0x80,0x00,0x03,0xFF,0x00,0x00,0x00,0x00,0x00,0x00,0x00,0x00,0x00,0x00,0x00,0x00,0x00,0x00,0x00,0x00,0x00,0x00,0x00,0x00,0x00,0x00},
    {0x00,0x00,0x00,0x00,0x00,0x00,0x00,0x00,0x00,0x00,0x00,0x00,0x00,0x00,0x00,0x00,0x00,0x00,0x00,0x00,0x00,0x00,0x00,0x00,0x00,0x00,0x00,0x00,0x00,0x00,0x00,0x00,0x00,0x00,0x00,0x00,0x00,0x00,0x00,0x00,0x00,0x00,0x00,0x00,0x7F,0xFF,0x00,0x00,0x7F,0xFF,0x80,0x00,0x7F,0xFF,0x80,0x00,0x3C,0x0E,0x00,0x00,0x1C,0x0E,0x00,0x00,0x1C,0x0E,0x00,0x00,0x1C,0x0E,0x00,0x00,0x1C,0x0E,0x00,0x00,0x1C,0x0E,0x00,0x00,0x1C,0x0E,0x00,0x00,0x1C,0x0E,0x00,0x00,0x1C,0x0E,0x00,0x00,0x1C,0x0E,0x00,0x00,0x1C,0x0F,0x80,0x00,0x1C,0x0F,0x80,0x00,0x1C,0x07,0x80,0x00,0x00,0x00,0x00,0x00,0x00,0x00,0x00,0x00,0x00,0x00,0x00,0x00,0x00,0x00,0x00,0x00,0x00,0x00,0x00,0x00},
    {0x00,0x00,0x00,0x00,0x00,0x00,0x00,0x00,0x00,0x00,0x00,0x00,0x00,0x00,0x00,0x00,0x00,0x00,0x00,0x00,0x00,0x70,0x00,0x00,0x00,0x70,0x00,0x00,0x00,0xF0,0x00,0x00,0x00,0xE0,0x00,0x00,0x00,0xE0,0x00,0x00,0x00,0x00,0x00,0x00,0x0C,0x0E,0x00,0x00,0x1E,0x0E,0x00,0x00,0x1E,0x0F,0x00,0x00,0x1E,0x07,0x00,0x00,0x1E,0x07,0x00,0x00,0x1E,0x07,0x00,0x00,0x1E,0x07,0x00,0x00,0x1E,0x07,0x80,0x00,0x1E,0x07,0x00,0x00,0x1E,0x07,0x00,0x00,0x1E,0x07,0x00,0x00,0x0E,0x07,0x00,0x00,0x0E,0x0F,0x00,0x00,0x0F,0xFE,0x00,0x00,0x0F,0xFC,0x00,0x00,0x03,0xF8,0x00,0x00,0x00,0x00,0x00,0x00,0x00,0x00,0x00,0x00,0x00,0x00,0x00,0x00,0x00,0x00,0x00,0x00,0x00,0x00,0x00,0x00},
    {0x00,0x00,0x00,0x00,0x00,0x00,0x00,0x00,0x00,0x00,0x00,0x00,0x00,0x00,0x00,0x00,0x00,0x00,0x00,0x00,0x00,0x7C,0x00,0x00,0x01,0xFE,0x00,0x00,0x03,0xFE,0x00,0x00,0x07,0x82,0x00,0x00,0x07,0x00,0x00,0x00,0x07,0x00,0x00,0x00,0x07,0x00,0x00,0x00,0x07,0x00,0x00,0x00,0x07,0x80,0x00,0x00,0x03,0xFC,0x00,0x00,0x01,0xFC,0x00,0x00,0x03,0xFC,0x00,0x00,0x07,0x80,0x00,0x00,0x0F,0x00,0x00,0x00,0x0E,0x00,0x00,0x00,0x0E,0x00,0x00,0x00,0x0E,0x00,0x00,0x00,0x0F,0x00,0x00,0x00,0x0F,0x80,0x00,0x00,0x07,0xF8,0x00,0x00,0x03,0xFE,0x00,0x00,0x01,0xFE,0x00,0x00,0x00,0x0F,0x00,0x00,0x00,0x07,0x00,0x00,0x00,0x07,0x00,0x00,0x00,0x0E,0x00,0x00,0x00,0x00,0x00,0x00},
    {0x00,0x00,0x00,0x00,0x00,0x00,0x00,0x00,0x00,0x00,0x00,0x00,0x00,0x00,0x00,0x00,0x00,0x00,0x00,0x00,0x01,0xF0,0x00,0x00,0x07,0xFC,0x00,0x00,0x0F,0xFC,0x00,0x00,0x0F,0x04,0x00,0x00,0x0F,0x00,0x00,0x00,0x07,0x80,0x00,0x00,0x07,0xE0,0x00,0x00,0x03,0xF0,0x00,0x00,0x07,0xF8,0x00,0x00,0x1F,0x3C,0x00,0x00,0x1E,0x1E,0x00,0x00,0x3C,0x0F,0x00,0x00,0x38,0x07,0x00,0x00,0x38,0x07,0x00,0x00,0x38,0x07,0x00,0x00,0x38,0x07,0x00,0x00,0x38,0x07,0x00,0x00,0x3C,0x0F,0x00,0x00,0x1E,0x0F,0x00,0x00,0x1F,0xFE,0x00,0x00,0x0F,0xFC,0x00,0x00,0x07,0xF8,0x00,0x00,0x00,0x00,0x00,0x00,0x00,0x00,0x00,0x00,0x00,0x00,0x00,0x00,0x00,0x00,0x00,0x00,0x00,0x00,0x00,0x00},
    {0x00,0x00,0x00,0x00,0x00,0x00,0x00,0x00,0x00,0x00,0x00,0x00,0x00,0x00,0x00,0x00,0x00,0x00,0x00,0x00,0x00,0x00,0x00,0x00,0x38,0x03,0xE0,0x00,0x38,0x07,0xC0,0x00,0x38,0x0F,0x80,0x00,0x38,0x1F,0x00,0x00,0x38,0x3E,0x00,0x00,0x38,0x7C,0x00,0x00,0x38,0xF8,0x00,0x00,0x39,0xF0,0x00,0x00,0x3B,0xE0,0x00,0x00,0x3F,0xF0,0x00,0x00,0x3F,0xF0,0x00,0x00,0x3F,0x78,0x00,0x00,0x3E,0x3C,0x00,0x00,0x3C,0x3E,0x00,0x00,0x38,0x1E,0x00,0x00,0x38,0x0F,0x00,0x00,0x38,0x0F,0x80,0x00,0x38,0x07,0xC0,0x00,0x38,0x03,0xC0,0x00,0x38,0x01,0xE0,0x00,0x38,0x01,0xF0,0x00,0x00,0x00,0x00,0x00,0x00,0x00,0x00,0x00,0x00,0x00,0x00,0x00,0x00,0x00,0x00,0x00,0x00,0x00,0x00,0x00},
    {0x00,0x00,0x00,0x00,0x00,0x00,0x00,0x00,0x00,0x00,0x00,0x00,0x00,0x00,0x00,0x00,0x00,0x00,0x00,0x00,0x00,0x00,0x00,0x00,0xF7,0xFF,0xF0,0x00,0xE7,0xFF,0xF0,0x00,0xE7,0xFF,0xF0,0x00,0xC7,0x00,0x00,0x00,0x07,0x00,0x00,0x00,0x07,0x00,0x00,0x00,0x07,0x00,0x00,0x00,0x07,0x00,0x00,0x00,0x07,0x80,0x00,0x00,0x07,0xFF,0xE0,0x00,0x07,0xFF,0xE0,0x00,0x07,0xFF,0xE0,0x00,0x07,0x00,0x00,0x00,0x07,0x00,0x00,0x00,0x07,0x00,0x00,0x00,0x07,0x00,0x00,0x00,0x07,0x00,0x00,0x00,0x07,0x00,0x00,0x00,0x07,0xFF,0xF0,0x00,0x07,0xFF,0xF0,0x00,0x07,0xFF,0xF0,0x00,0x00,0x00,0x00,0x00,0x00,0x00,0x00,0x00,0x00,0x00,0x00,0x00,0x00,0x00,0x00,0x00,0x00,0x00,0x00,0x00},
    {0x00,0x00,0x00,0x00,0x00,0x00,0x00,0x00,0x00,0x00,0x00,0x00,0x00,0x00,0x00,0x00,0x00,0x00,0x00,0x00,0x00,0x00,0x00,0x00,0x70,0x01,0xC0,0x00,0x70,0x01,0xC0,0x00,0x70,0x01,0xC0,0x00,0x70,0x01,0xC0,0x00,0x70,0x01,0xC0,0x00,0x70,0x01,0xC0,0x00,0x70,0x01,0xC0,0x00,0x70,0x01,0xC0,0x00,0x78,0x03,0xC0,0x00,0x7F,0xFF,0xC0,0x00,0x7F,0xFF,0xC0,0x00,0x7F,0xFF,0xC0,0x00,0x70,0x01,0xC0,0x00,0x70,0x01,0xC0,0x00,0x70,0x01,0xC0,0x00,0x70,0x01,0xC0,0x00,0x70,0x01,0xC0,0x00,0x70,0x01,0xC0,0x00,0x70,0x01,0xC0,0x00,0x70,0x01,0xC0,0x00,0x70,0x01,0xC0,0x00,0x00,0x00,0x00,0x00,0x00,0x00,0x00,0x00,0x00,0x00,0x00,0x00,0x00,0x00,0x00,0x00,0x00,0x00,0x00,0x00},
    {0x00,0x00,0x00,0x00,0x00,0x00,0x00,0x00,0x00,0x00,0x00,0x00,0x00,0x00,0x00,0x00,0x00,0x00,0x00,0x00,0x00,0x00,0x00,0x00,0x00,0xE0,0x00,0x00,0x00,0xE0,0x00,0x00,0x00,0xE0,0x00,0x00,0x00,0xE0,0x00,0x00,0x00,0xE0,0x00,0x00,0x00,0xE0,0x00,0x00,0x00,0xE0,0x00,0x00,0x00,0xE0,0x00,0x00,0x00,0xE0,0x00,0x00,0x00,0xE0,0x00,0x00,0x00,0xE0,0x00,0x00,0x00,0xE0,0x00,0x00,0x00,0xE0,0x00,0x00,0x00,0xE0,0x00,0x00,0x00,0xE0,0x00,0x00,0x00,0xE0,0x00,0x00,0x00,0xE0,0x00,0x00,0x00,0xE0,0x00,0x00,0x00,0xE0,0x00,0x00,0x00,0xE0,0x00,0x00,0x00,0xE0,0x00,0x00,0x00,0x00,0x00,0x00,0x00,0x00,0x00,0x00,0x00,0x00,0x00,0x00,0x00,0x00,0x00,0x00,0x00,0x00,0x00,0x00},
    {0x00,0x00,0x00,0x00,0x00,0x00,0x00,0x00,0x00,0x00,0x00,0x00,0x00,0x00,0x00,0x00,0x00,0x00,0x00,0x00,0x00,0x00,0x00,0x00,0xF0,0x00,0xF0,0x00,0xF0,0x01,0xF0,0x00,0xF0,0x01,0xF0,0x00,0xF8,0x03,0xF0,0x00,0xF8,0x03,0xF0,0x00,0xFC,0x03,0xF0,0x00,0xFC,0x07,0xF0,0x00,0xDC,0x07,0x70,0x00,0xDE,0x07,0x70,0x00,0xCE,0x0E,0x70,0x00,0xCE,0x0E,0x70,0x00,0xC7,0x1E,0x70,0x00,0xC7,0x1C,0x70,0x00,0xC7,0x9C,0x70,0x00,0xC3,0xBC,0x70,0x00,0xC3,0xB8,0x70,0x00,0xC3,0xF8,0x70,0x00,0xC1,0xF0,0x70,0x00,0xC1,0xF0,0x70,0x00,0xC0,0xF0,0x70,0x00,0xC0,0xE0,0x70,0x00,0x00,0x00,0x00,0x00,0x00,0x00,0x00,0x00,0x00,0x00,0x00,0x00,0x00,0x00,0x00,0x00,0x00,0x00,0x00,0x00},
    {0x00,0x00,0x00,0x00,0x00,0x00,0x00,0x00,0x00,0x00,0x00,0x00,0x00,0x00,0x00,0x00,0x00,0x00,0x00,0x00,0x00,0x00,0x00,0x00,0x07,0x38,0x00,0x00,0x07,0x3C,0x00,0x00,0x07,0x3C,0x00,0x00,0x06,0x18,0x00,0x00,0x00,0x00,0x00,0x00,0x00,0xC0,0x00,0x00,0x00,0xE0,0x00,0x00,0x00,0xE0,0x00,0x00,0x00,0xE0,0x00,0x00,0x00,0xE0,0x00,0x00,0x00,0xE0,0x00,0x00,0x00,0xE0,0x00,0x00,0x00,0xE0,0x00,0x00,0x00,0xE0,0x00,0x00,0x00,0xE0,0x00,0x00,0x00,0xE0,0x00,0x00,0x00,0xE0,0x00,0x00,0x00,0xE0,0x00,0x00,0x00,0xF0,0x00,0x00,0x00,0xF8,0x00,0x00,0x00,0xF8,0x00,0x00,0x00,0x00,0x00,0x00,0x00,0x00,0x00,0x00,0x00,0x00,0x00,0x00,0x00,0x00,0x00,0x00,0x00,0x00,0x00,0x00},
    {0x00,0x00,0x00,0x00,0x00,0x00,0x00,0x00,0x00,0x00,0x00,0x00,0x00,0x00,0x00,0x00,0x00,0x00,0x00,0x00,0x03,0xF0,0x00,0x00,0x0F,0xFC,0x00,0x00,0x1F,0xFE,0x00,0x00,0x7F,0x3F,0x80,0x00,0x78,0x07,0x80,0x00,0xF0,0x03,0xC0,0x00,0xF0,0x01,0xC0,0x00,0xE0,0x01,0xE0,0x00,0xE0,0x01,0xE0,0x00,0xC0,0x00,0xE0,0x00,0xC0,0x00,0xE0,0x00,0xC0,0x00,0xE0,0x00,0xC0,0x00,0xE0,0x00,0xC0,0x00,0xE0,0x00,0xE0,0x01,0xE0,0x00,0xE0,0x01,0xE0,0x00,0xF0,0x03,0xC0,0x00,0xF8,0x07,0xC0,0x00,0x7C,0x0F,0x80,0x00,0x3F,0xFF,0x00,0x00,0x1F,0xFE,0x00,0x00,0x0F,0xFC,0x00,0x00,0x00,0x00,0x00,0x00,0x00,0x00,0x00,0x00,0x00,0x00,0x00,0x00,0x00,0x00,0x00,0x00,0x00,0x00,0x00,0x00},
    {0x00,0x00,0x00,0x00,0x00,0x00,0x00,0x00,0x00,0x00,0x00,0x00,0x00,0x00,0x00,0x00,0x00,0x00,0x00,0x00,0x00,0x00,0x00,0x00,0x78,0x01,0xC0,0x00,0x7C,0x01,0xC0,0x00,0x7C,0x01,0xC0,0x00,0x7E,0x01,0xC0,0x00,0x7F,0x01,0xC0,0x00,0x7F,0x01,0xC0,0x00,0x77,0x81,0xC0,0x00,0x73,0xC1,0xC0,0x00,0x73,0xC1,0xC0,0x00,0x71,0xE1,0xC0,0x00,0x70,0xE1,0xC0,0x00,0x70,0xF1,0xC0,0x00,0x70,0x79,0xC0,0x00,0x70,0x39,0xC0,0x00,0x70,0x3D,0xC0,0x00,0x70,0x1F,0xC0,0x00,0x70,0x1F,0xC0,0x00,0x70,0x0F,0xC0,0x00,0x70,0x07,0xC0,0x00,0x70,0x07,0xC0,0x00,0x70,0x03,0xC0,0x00,0x00,0x00,0x00,0x00,0x00,0x00,0x00,0x00,0x00,0x00,0x00,0x00,0x00,0x00,0x00,0x00,0x00,0x00,0x00,0x00},
    {0x00,0x00,0x00,0x00,0x00,0x00,0x00,0x00,0x00,0x00,0x00,0x00,0x00,0x00,0x00,0x00,0x00,0x00,0x00,0x00,0x00,0x00,0x00,0x00,0x03,0xF0,0x00,0x00,0x0F,0xFC,0x00,0x00,0x1F,0xFE,0x00,0x00,0x1E,0x1E,0x00,0x00,0x3C,0x0E,0x00,0x00,0x38,0x0F,0x00,0x00,0x38,0x0F,0x00,0x00,0x38,0x0E,0x00,0x00,0x00,0x0E,0x00,0x00,0x00,0x1E,0x00,0x00,0x00,0x7C,0x00,0x00,0x00,0xF8,0x00,0x00,0x03,0xF0,0x00,0x00,0x07,0xC0,0x00,0x00,0x0F,0x80,0x00,0x00,0x1E,0x00,0x00,0x00,0x1C,0x00,0x00,0x00,0x38,0x00,0x00,0x00,0x3F,0xFE,0x00,0x00,0x3F,0xFE,0x00,0x00,0x3F,0xFE,0x00,0x00,0x00,0x00,0x00,0x00,0x00,0x00,0x00,0x00,0x00,0x00,0x00,0x00,0x00,0x00,0x00,0x00,0x00,0x00,0x00,0x00},
    {0x00,0x00,0x00,0x00,0x00,0x00,0x00,0x00,0x00,0x00,0x00,0x00,0x00,0x00,0x00,0x00,0x00,0x00,0x00,0x00,0x00,0x00,0x00,0x00,0x07,0xF0,0x00,0x00,0x0F,0xFC,0x00,0x00,0x1F,0xFC,0x00,0x00,0x1E,0x1E,0x00,0x00,0x3C,0x0E,0x00,0x00,0x38,0x0E,0x00,0x00,0x38,0x0E,0x00,0x00,0x00,0x1E,0x00,0x00,0x00,0x7C,0x00,0x00,0x01,0xF8,0x00,0x00,0x01,0xFC,0x00,0x00,0x00,0x3E,0x00,0x00,0x00,0x0F,0x00,0x00,0x00,0x0F,0x00,0x00,0x38,0x07,0x00,0x00,0x38,0x07,0x00,0x00,0x38,0x0F,0x00,0x00,0x3C,0x1F,0x00,0x00,0x1F,0xFE,0x00,0x00,0x1F,0xFC,0x00,0x00,0x07,0xF8,0x00,0x00,0x00,0x00,0x00,0x00,0x00,0x00,0x00,0x00,0x00,0x00,0x00,0x00,0x00,0x00,0x00,0x00,0x00,0x00,0x00,0x00},
    {0x00,0x00,0x00,0x00,0x00,0x00,0x00,0x00,0x00,0x00,0x00,0x00,0x00,0x00,0x00,0x00,0x00,0x00,0x00,0x00,0x00,0x00,0x00,0x00,0x00,0x38,0x00,0x00,0x00,0x38,0x00,0x00,0x00,0x78,0x00,0x00,0x00,0xF8,0x00,0x00,0x00,0xF8,0x00,0x00,0x01,0xF8,0x00,0x00,0x03,0x98,0x00,0x00,0x03,0x98,0x00,0x00,0x07,0x18,0x00,0x00,0x0E,0x18,0x00,0x00,0x1E,0x18,0x00,0x00,0x1C,0x18,0x00,0x00,0x38,0x18,0x00,0x00,0x3F,0xFF,0x00,0x00,0x3F,0xFF,0x00,0x00,0x3F,0xFF,0x00,0x00,0x00,0x3C,0x00,0x00,0x00,0x18,0x00,0x00,0x00,0x18,0x00,0x00,0x00,0x18,0x00,0x00,0x00,0x18,0x00,0x00,0x00,0x00,0x00,0x00,0x00,0x00,0x00,0x00,0x00,0x00,0x00,0x00,0x00,0x00,0x00,0x00,0x00,0x00,0x00,0x00},
    {0x00,0x00,0x00,0x00,0x00,0x00,0x00,0x00,0x00,0x00,0x00,0x00,0x00,0x00,0x00,0x00,0x00,0x00,0x00,0x00,0x00,0x00,0x00,0x00,0x0F,0xFE,0x00,0x00,0x0F,0xFE,0x00,0x00,0x0F,0xFE,0x00,0x00,0x0E,0x00,0x00,0x00,0x1C,0x00,0x00,0x00,0x1C,0x00,0x00,0x00,0x1C,0x00,0x00,0x00,0x1F,0xF0,0x00,0x00,0x1F,0xFC,0x00,0x00,0x1F,0xFE,0x00,0x00,0x3C,0x1E,0x00,0x00,0x18,0x0F,0x00,0x00,0x00,0x0F,0x00,0x00,0x00,0x07,0x00,0x00,0x00,0x07,0x00,0x00,0x38,0x07,0x00,0x00,0x38,0x0F,0x00,0x00,0x3C,0x1E,0x00,0x00,0x1F,0xFE,0x00,0x00,0x1F,0xFC,0x00,0x00,0x07,0xF0,0x00,0x00,0x00,0x00,0x00,0x00,0x00,0x00,0x00,0x00,0x00,0x00,0x00,0x00,0x00,0x00,0x00,0x00,0x00,0x00,0x00,0x00},
    {0x00,0x00,0x00,0x00,0x00,0x00,0x00,0x00,0x00,0x00,0x00,0x00,0x00,0x00,0x00,0x00,0x00,0x00,0x00,0x00,0x00,0x00,0x00,0x00,0x03,0xF8,0x00,0x00,0x07,0xFC,0x00,0x00,0x0F,0xFE,0x00,0x00,0x1E,0x0E,0x00,0x00,0x1C,0x0F,0x00,0x00,0x1C,0x06,0x00,0x00,0x38,0x00,0x00,0x00,0x38,0xF0,0x00,0x00,0x3B,0xFC,0x00,0x00,0x3F,0xFE,0x00,0x00,0x3F,0x1F,0x00,0x00,0x3C,0x0F,0x00,0x00,0x3C,0x07,0x00,0x00,0x38,0x07,0x00,0x00,0x38,0x07,0x00,0x00,0x3C,0x07,0x00,0x00,0x1C,0x0F,0x00,0x00,0x1E,0x0F,0x00,0x00,0x1F,0xFE,0x00,0x00,0x0F,0xFC,0x00,0x00,0x07,0xF8,0x00,0x00,0x00,0x00,0x00,0x00,0x00,0x00,0x00,0x00,0x00,0x00,0x00,0x00,0x00,0x00,0x00,0x00,0x00,0x00,0x00,0x00},
    {0x00,0x00,0x00,0x00,0x00,0x00,0x00,0x00,0x00,0x00,0x00,0x00,0x00,0x00,0x00,0x00,0x00,0x00,0x00,0x00,0x00,0x00,0x00,0x00,0x3F,0xFF,0x00,0x00,0x3F,0xFF,0x00,0x00,0x3F,0xFF,0x00,0x00,0x00,0x0F,0x00,0x00,0x00,0x1E,0x00,0x00,0x00,0x1C,0x00,0x00,0x00,0x38,0x00,0x00,0x00,0x78,0x00,0x00,0x00,0x70,0x00,0x00,0x00,0xF0,0x00,0x00,0x01,0xE0,0x00,0x00,0x01,0xE0,0x00,0x00,0x01,0xC0,0x00,0x00,0x03,0xC0,0x00,0x00,0x03,0xC0,0x00,0x00,0x03,0x80,0x00,0x00,0x07,0x80,0x00,0x00,0x07,0x80,0x00,0x00,0x07,0x80,0x00,0x00,0x07,0x00,0x00,0x00,0x07,0x00,0x00,0x00,0x00,0x00,0x00,0x00,0x00,0x00,0x00,0x00,0x00,0x00,0x00,0x00,0x00,0x00,0x00,0x00,0x00,0x00,0x00,0x00},
    {0x00,0x00,0x00,0x00,0x00,0x00,0x00,0x00,0x00,0x00,0x00,0x00,0x00,0x00,0x00,0x00,0x00,0x00,0x00,0x00,0x00,0x00,0x00,0x00,0x07,0xF0,0x00,0x00,0x0F,0xFC,0x00,0x00,0x1F,0xFC,0x00,0x00,0x3E,0x1E,0x00,0x00,0x3C,0x0E,0x00,0x00,0x38,0x0F,0x00,0x00,0x38,0x0F,0x00,0x00,0x38,0x0F,0x00,0x00,0x38,0x0F,0x00,0x00,0x3C,0x0F,0x00,0x00,0x3E,0x1F,0x00,0x00,0x1F,0xFF,0x00,0x00,0x0F,0xF7,0x00,0x00,0x03,0xE7,0x00,0x00,0x00,0x0F,0x00,0x00,0x10,0x0E,0x00,0x00,0x38,0x0E,0x00,0x00,0x1C,0x1E,0x00,0x00,0x1F,0xFC,0x00,0x00,0x0F,0xF8,0x00,0x00,0x07,0xF0,0x00,0x00,0x00,0x00,0x00,0x00,0x00,0x00,0x00,0x00,0x00,0x00,0x00,0x00,0x00,0x00,0x00,0x00,0x00,0x00,0x00,0x00},
};

const display_cjk_font_t font_el = {
    .glyphs = el_glyphs,
    .glyphs_2x = el_glyphs_2x,
    .count = sizeof(el_glyphs) / sizeof(el_glyphs[0]),
    .glyph_width = 10,
};
static const uint8_t vi_glyphs[][DISPLAY_CJK_GLYPH_BYTES] = {
    {0x00,0x00,0x00,0x00,0x00,0x00,0x7C,0x00,0xC6,0x00,0x82,0x00,0x80,0x00,0x80,0x00,0x82,0x00,0x82,0x00,0xC6,0x00,0x7C,0x00,0x00,0x00,0x00,0x00,0x00,0x00,0x00,0x00},
    {0x00,0x00,0x00,0x00,0x20,0x00,0x30,0x00,0x10,0x00,0x78,0x00,0x6C,0x00,0x4C,0x00,0x7C,0x00,0xCC,0x00,0xCC,0x00,0x7C,0x00,0x00,0x00,0x00,0x00,0x00,0x00,0x00,0x00},
    {0x00,0x00,0x00,0x00,0x00,0x00,0x10,0x00,0x10,0x00,0x10,0x00,0x10,0x00,0x10,0x00,0x10,0x00,0x10,0x00,0x10,0x00,0x10,0x00,0x00,0x00,0x00,0x00,0x00,0x00,0x00,0x00},
    {0x00,0x00,0x00,0x00,0x00,0x00,0x04,0x00,0x1E,0x00,0x3C,0x00,0x6C,0x00,0xC4,0x00,0xC4,0x00,0xC4,0x00,0x6C,0x00,0x7C,0x00,0x00,0x00,0x00,0x00,0x00,0x00,0x00,0x00},
    {0x00,0x00,0x00,0x00,0x00,0x00,0x38,0x00,0x10,0x00,0x78,0x00,0x6C,0x00,0x4C,0x00,0x7C,0x00,0xCC,0x00,0xCC,0x00,0x7C,0x00,0x00,0x00,0x10,0x00,0x00,0x00,0x00,0x00},
    {0x00,0x00,0x00,0x00,0x00,0x00,0x00,0x00,0x10,0x00,0x38,0x00,0x18,0x00,0x10,0x00,0x10,0x00,0x10,0x00,0x18,0x00,0x1C,0x00,0x00,0x00,0x00,0x00,0x00,0x00,0x00,0x00},
    {0x00,0x00,0x00,0x00,0x00,0x00,0x83,0x00,0x87,0x00,0xC7,0x00,0xCF,0x00,0x4F,0x00,0x6B,0x00,0x3B,0x00,0x33,0x00,0x33,0x00,0x00,0x00,0x00,0x00,0x00,0x00,0x00,0x00},
    {0x00,0x00,0x00,0x00,0x08,0x00,0x18,0x00,0x10,0x00,0x44,0x00,0x44,0x00,0x44,0x00,0x44,0x00,0x44,0x00,0x4C,0x00,0x7C,0x00,0x00,0x00,0x00,0x00,0x00,0x00,0x00,0x00},
    {0x00,0x00,0x00,0x00,0x00,0x00,0x00,0x00,0x00,0x00,0x3C,0x00,0x6C,0x00,0xC4,0x00,0xC4,0x00,0xC4,0x00,0x6C,0x00,0x7C,0x00,0x44,0x00,0x7C,0x00,0x00,0x00,0x00,0x00},
    {0x00,0x00,0x00,0x00,0x40,0x00,0x60,0x00,0x20,0x00,0x76,0x00,0xDC,0x00,0x88,0x00,0x8C,0x00,0x8C,0x00,0xD8,0x00,0xF0,0x00,0x00,0x00,0x00,0x00,0x00,0x00,0x00,0x00},
    {0x00,0x00,0x00,0x00,0x00,0x00,0xF8,0x00,0x8C,0x00,0x86,0x00,0xC2,0x00,0xF2,0x00,0x82,0x00,0x86,0x00,0x8C,0x00,0xF8,0x00,0x00,0x00,0x00,0x00,0x00,0x00,0x00,0x00},
    {0x00,0x00,0x00,0x00,0x00,0x00,0x38,0x00,0x08,0x00,0x38,0x00,0x6C,0x00,0xC4,0x00,0xC4,0x00,0xC4,0x00,0x4C,0x00,0x78,0x00,0x00,0x00,0x10,0x00,0x00,0x00,0x00,0x00},
    {0x00,0x00,0x00,0x00,0x00,0x00,0x00,0x00,0x00,0x00,0x3C,0x00,0x6C,0x00,0x60,0x00,0x3C,0x00,0x06,0x00,0x66,0x00,0x3C,0x00,0x00,0x00,0x00,0x00,0x00,0x00,0x00,0x00},
    {0x00,0x00,0x00,0x00,0x08,0x00,0x10,0x00,0x00,0x00,0x78,0x00,0x6C,0x00,0x4C,0x00,0x7C,0x00,0xCC,0x00,0xCC,0x00,0x7C,0x00,0x00,0x00,0x00,0x00,0x00,0x00,0x00,0x00},
    {0x00,0x00,0x00,0x00,0x00,0x00,0x00,0x00,0x00,0x00,0x78,0x00,0x6C,0x00,0x44,0x00,0x44,0x00,0x44,0x00,0x44,0x00,0x44,0x00,0x00,0x00,0x00,0x00,0x00,0x00,0x00,0x00},
    {0x00,0x00,0x00,0x00,0x00,0x00,0x40,0x00,0x40,0x00,0x40,0x00,0x40,0x00,0x40,0x00,0x40,0x00,0x40,0x00,0x40,0x00,0x7E,0x00,0x00,0x00,0x00,0x00,0x00,0x00,0x00,0x00},
    {0x00,0x00,0x00,0x00,0x00,0x00,0x7E,0x00,0x40,0x00,0x40,0x00,0x60,0x00,0x7E,0x00,0x40,0x00,0x40,0x00,0x40,0x00,0x7E,0x00,0x00,0x00,0x00,0x00,0x00,0x00,0x00,0x00},
    {0x00,0x00,0x00,0x00,0x00,0x00,0xF8,0x00,0x8C,0x00,0x86,0x00,0x82,0x00,0x82,0x00,0x82,0x00,0x86,0x00,0xCC,0x00,0xF8,0x00,0x00,0x00,0x00,0x00,0x00,0x00,0x00,0x00},
    {0x00,0x00,0x00,0x00,0x00,0x00,0x40,0x00,0x40,0x00,0x78,0x00,0x6C,0x00,0x44,0x00,0x44,0x00,0x44,0x00,0x44,0x00,0x44,0x00,0x00,0x00,0x00,0x00,0x00,0x00,0x00,0x00},
    {0x00,0x00,0x06,0x00,0x0C,0x00,0x38,0x00,0x08,0x00,0x78,0x00,0x6C,0x00,0x4C,0x00,0x7C,0x00,0xCC,0x00,0xCC,0x00,0x7C,0x00,0x00,0x00,0x00,0x00,0x00,0x00,0x00,0x00},
    {0x00,0x00,0x00,0x00,0x00,0x00,0x00,0x00,0x00,0x00,0x78,0x00,0x6C,0x00,0x46,0x00,0x46,0x00,0x46,0x00,0x64,0x00,0x7C,0x00,0x40,0x00,0x40,0x00,0x00,0x00,0x00,0x00},
    {0x00,0x00,0x00,0x00,0x00,0x00,0x00,0x00,0x00,0x00,0x42,0x00,0x66,0x00,0x24,0x00,0x34,0x00,0x3C,0x00,0x18,0x00,0x18,0x00,0x10,0x00,0x30,0x00,0x00,0x00,0x00,0x00},
    {0x00,0x00,0x00,0x00,0x00,0x00,0xC6,0x00,0x66,0x00,0x6C,0x00,0x38,0x00,0x38,0x00,0x38,0x00,0x6C,0x00,0x46,0x00,0xC6,0x00,0x00,0x00,0x00,0x00,0x00,0x00,0x00,0x00},
    {0x00,0x00,0x00,0x00,0x00,0x00,0x00,0x00,0x00,0x00,0x38,0x00,0x6C,0x00,0xC4,0x00,0xC6,0x00,0xC6,0x00,0x6C,0x00,0x78,0x00,0x00,0x00,0x00,0x00,0x00,0x00,0x00,0x00},
    {0x00,0x00,0x00,0x00,0x00,0x00,0x00,0x00,0x00,0x00,0x78,0x00,0x6C,0x00,0x4C,0x00,0x7C,0x00,0xCC,0x00,0xCC,0x00,0x7C,0x00,0x00,0x00,0x00,0x00,0x00,0x00,0x00,0x00},
    {0x00,0x00,0x00,0x00,0x00,0x00,0x10,0x00,0x30,0x00,0x70,0x00,0x10,0x00,0x10,0x00,0x10,0x00,0x10,0x00,0x10,0x00,0x10,0x00,0x00,0x00,0x00,0x00,0x00,0x00,0x00,0x00},
    {0x00,0x00,0x00,0x00,0x00,0x00,0x38,0x00,0x6C,0x00,0x4C,0x00,0x7C,0x00,0x7C,0x00,0xC4,0x00,0xC4,0x00,0x6C,0x00,0x78,0x00,0x00,0x00,0x00,0x00,0x00,0x00,0x00,0x00},
    {0x00,0x00,0x00,0x00,0x00,0x00,0x38,0x00,0x6C,0x00,0xC4,0x00,0xC4,0x00,0xC4,0x00,0xC4,0x00,0xC4,0x00,0x6C,0x00,0x78,0x00,0x00,0x00,0x00,0x00,0x00,0x00,0x00,0x00},
    {0x00,0x00,0x00,0x00,0x00,0x00,0x7C,0x00,0xC6,0x00,0x82,0x00,0x80,0x00,0x9F,0x00,0x83,0x00,0x83,0x00,0xC7,0x00,0x7E,0x00,0x00,0x00,0x00,0x00,0x00,0x00,0x00,0x00},
    {0x00,0x00,0x00,0x00,0x10,0x00,0x30,0x00,0x20,0x00,0x76,0x00,0xDC,0x00,0x88,0x00,0x8C,0x00,0x8C,0x00,0xD8,0x00,0xF0,0x00,0x00,0x00,0x00,0x00,0x00,0x00,0x00,0x00},
    {0x00,0x00,0x00,0x00,0x00,0x00,0x38,0x00,0x08,0x00,0x38,0x00,0x6C,0x00,0xC4,0x00,0xFC,0x00,0xC0,0x00,0x4C,0x00,0x78,0x00,0x00,0x00,0x10,0x00,0x00,0x00,0x00,0x00},
    {0x00,0x00,0x00,0x00,0x00,0x00,0x00,0x00,0x00,0x00,0x44,0x00,0x44,0x00,0x44,0x00,0x44,0x00,0x44,0x00,0x4C,0x00,0x7C,0x00,0x00,0x00,0x00,0x00,0x00,0x00,0x00,0x00},
    {0x00,0x00,0x00,0x00,0x00,0x00,0xC2,0x00,0xC2,0x00,0xE2,0x00,0xB2,0x00,0x92,0x00,0x9E,0x00,0x8E,0x00,0x8E,0x00,0x86,0x00,0x00,0x00,0x00,0x00,0x00,0x00,0x00,0x00},
    {0x00,0x00,0x00,0x00,0x00,0x00,0x38,0x00,0x28,0x00,0x38,0x00,0x6C,0x00,0xC4,0x00,0xC6,0x00,0xC6,0x00,0x6C,0x00,0x78,0x00,0x00,0x00,0x00,0x00,0x00,0x00,0x00,0x00},
    {0x00,0x00,0x00,0x00,0x00,0x00,0xF0,0x00,0x00,0x00,0x8E,0x00,0x8E,0x00,0x88,0x00,0x88,0x00,0x88,0x00,0x98,0x00,0xF8,0x00,0x00,0x00,0x00,0x00,0x00,0x00,0x00,0x00},
    {0x00,0x00,0x00,0x00,0x00,0x00,0x7C,0x00,0xC6,0x00,0x83,0x00,0x83,0x00,0x83,0x00,0x83,0x00,0x8A,0x00,0xCE,0x00,0x7E,0x00,0x00,0x00,0x00,0x00,0x00,0x00,0x00,0x00},
    {0x00,0x00,0x00,0x00,0x00,0x00,0x10,0x00,0x10,0x00,0x10,0x00,0x10,0x00,0x10,0x00,0x10,0x00,0x10,0x00,0x10,0x00,0x10,0x00,0x00,0x00,0x00,0x00,0x00,0x00,0x00,0x00},
    {0x00,0x00,0x00,0x00,0x00,0x00,0x00,0x00,0x00,0x00,0x78,0x00,0x6C,0x00,0x4C,0x00,0x7C,0x00,0xCC,0x00,0xCC,0x00,0x7C,0x00,0x00,0x00,0x10,0x00,0x00,0x00,0x00,0x00},
    {0x00,0x00,0x00,0x00,0x00,0x00,0x82,0x00,0x86,0x00,0x86,0x00,0xC6,0x00,0xFE,0x00,0x86,0x00,0x86,0x00,0x86,0x00,0x86,0x00,0x00,0x00,0x00,0x00,0x00,0x00,0x00,0x00},
    {0x00,0x00,0x00,0x00,0x30,0x00,0x10,0x00,0x00,0x00,0x44,0x00,0x44,0x00,0x44,0x00,0x44,0x00,0x44,0x00,0x4C,0x00,0x7C,0x00,0x00,0x00,0x00,0x00,0x00,0x00,0x00,0x00},
    {0x00,0x00,0x00,0x00,0x08,0x00,0x18,0x00,0x00,0x00,0x38,0x00,0x6C,0x00,0xC4,0x00,0xC6,0x00,0xC6,0x00,0x6C,0x00,0x78,0x00,0x00,0x00,0x00,0x00,0x00,0x00,0x00,0x00},
    {0x00,0x00,0x00,0x00,0x00,0x00,0x00,0x00,0x00,0x00,0x38,0x00,0x6C,0x00,0xC4,0x00,0xC0,0x00,0xC4,0x00,0x6C,0x00,0x78,0x00,0x00,0x00,0x00,0x00,0x00,0x00,0x00,0x00},
    {0x00,0x00,0x00,0x00,0x00,0x00,0xFC,0x00,0x8C,0x00,0x84,0x00,0xDC,0x00,0xFC,0x00,0x86,0x00,0x86,0x00,0xCE,0x00,0xFC,0x00,0x00,0x00,0x00,0x00,0x00,0x00,0x00,0x00},
    {0x00,0x00,0x00,0x00,0x00,0x00,0x38,0x00,0x08,0x00,0x78,0x00,0x6C,0x00,0x4C,0x00,0x7C,0x00,0xCC,0x00,0xCC,0x00,0x7C,0x00,0x00,0x00,0x10,0x00,0x00,0x00,0x00,0x00},
    {0x00,0x00,0x00,0x00,0x00,0x00,0xFE,0x00,0x30,0x00,0x10,0x00,0x10,0x00,0x10,0x00,0x10,0x00,0x10,0x00,0x10,0x00,0x10,0x00,0x00,0x00,0x00,0x00,0x00,0x00,0x00,0x00},
    {0x08,0x00,0x18,0x00,0x10,0x00,0x38,0x00,0x10,0x00,0x78,0x00,0x6C,0x00,0x4C,0x00,0x7C,0x00,0xCC,0x00,0xCC,0x00,0x7C,0x00,0x00,0x00,0x00,0x00,0x00,0x00,0x00,0x00},
    {0x00,0x00,0x00,0x00,0x00,0x00,0x86,0x00,0x8C,0x00,0x98,0x00,0xF0,0x00,0xF0,0x00,0xD8,0x00,0x8C,0x00,0x8C,0x00,0x86,0x00,0x00,0x00,0x00,0x00,0x00,0x00,0x00,0x00},
    {0x00,0x00,0x00,0x00,0x60,0x00,0x30,0x00,0x20,0x00,0x8E,0x00,0x8E,0x00,0x88,0x00,0x88,0x00,0x88,0x00,0x98,0x00,0xF8,0x00,0x00,0x00,0x00,0x00,0x00,0x00,0x00,0x00},
    {0x00,0x00,0x00,0x00,0x00,0x00,0x40,0x00,0x40,0x00,0x78,0x00,0x6C,0x00,0x46,0x00,0x46,0x00,0x46,0x00,0x64,0x00,0x7C,0x00,0x00,0x00,0x00,0x00,0x00,0x00,0x00,0x00},
    {0x00,0x00,0x00,0x00,0x00,0x00,0x7C,0x00,0x46,0x00,0x42,0x00,0x46,0x00,0x7E,0x00,0x40,0x00,0x40,0x00,0x40,0x00,0x40,0x00,0x00,0x00,0x00,0x00,0x00,0x00,0x00,0x00},
    {0x00,0x00,0x00,0x00,0x00,0x00,0x78,0x00,0x00,0x00,0x78,0x00,0x6C,0x00,0x4C,0x00,0x7C,0x00,0xCC,0x00,0xCC,0x00,0x7C,0x00,0x00,0x00,0x00,0x00,0x00,0x00,0x00,0x00},
    {0x00,0x00,0x08,0x00,0x0C,0x00,0x38,0x00,0x08,0x00,0x38,0x00,0x6C,0x00,0xC4,0x00,0xC4,0x00,0xC4,0x00,0x4C,0x00,0x78,0x00,0x00,0x00,0x00,0x00,0x00,0x00,0x00,0x00},
    {0x00,0x00,0x00,0x00,0x00,0x00,0x00,0x00,0x00,0x00,0x8E,0x00,0x8E,0x00,0x88,0x00,0x88,0x00,0x88,0x00,0x98,0x00,0xF8,0x00,0x00,0x00,0x00,0x00,0x00,0x00,0x00,0x00},
    {0x00,0x00,0x00,0x00,0x00,0x00,0x00,0x00,0x00,0x00,0x1C,0x00,0x1C,0x00,0x10,0x00,0x10,0x00,0x10,0x00,0x10,0x00,0x10,0x00,0x00,0x00,0x00,0x00,0x00,0x00,0x00,0x00},
    {0x00,0x00,0x00,0x00,0x00,0x00,0x10,0x00,0x39,0x00,0x39,0x00,0x29,0x00,0xAD,0x00,0xEF,0x00,0xC6,0x00,0xC6,0x00,0xC6,0x00,0x00,0x00,0x00,0x00,0x00,0x00,0x00,0x00},
    {0x00,0x00,0x00,0x00,0x00,0x00,0x7E,0x00,0x40,0x00,0x40,0x00,0x60,0x00,0x7C,0x00,0x40,0x00,0x40,0x00,0x40,0x00,0x40,0x00,0x00,0x00,0x00,0x00,0x00,0x00,0x00,0x00},
    {0x00,0x00,0x00,0x00,0x00,0x00,0x00,0x00,0x00,0x00,0x3C,0x00,0x6C,0x00,0xC4,0x00,0xC4,0x00,0xC4,0x00,0x6C,0x00,0x7C,0x00,0x04,0x00,0x04,0x00,0x00,0x00,0x00,0x00},
    {0x00,0x00,0x00,0x00,0x08,0x00,0x10,0x00,0x00,0x00,0x38,0x00,0x6C,0x00,0xC4,0x00,0xFC,0x00,0xC0,0x00,0x4C,0x00,0x78,0x00,0x00,0x00,0x00,0x00,0x00,0x00,0x00,0x00},
    {0x00,0x00,0x00,0x00,0x00,0x00,0x00,0x00,0x00,0x00,0xEE,0x00,0xBB,0x00,0x33,0x00,0x33,0x00,0x33,0x00,0x33,0x00,0x33,0x00,0x00,0x00,0x00,0x00,0x00,0x00,0x00,0x00},
    {0x00,0x00,0x04,0x00,0x0C,0x00,0x38,0x00,0x08,0x00,0x38,0x00,0x6C,0x00,0xC4,0x00,0xFC,0x00,0xC0,0x00,0x4C,0x00,0x78,0x00,0x00,0x00,0x00,0x00,0x00,0x00,0x00,0x00},
    {0x00,0x00,0x00,0x00,0x00,0x00,0x00,0x00,0x00,0x00,0x38,0x00,0x6C,0x00,0xC4,0x00,0xC4,0x00,0xC4,0x00,0x4C,0x00,0x78,0x00,0x00,0x00,0x10,0x00,0x00,0x00,0x00,0x00},
    {0x00,0x00,0x00,0x00,0x20,0x00,0x30,0x00,0x10,0x00,0x10,0x00,0x10,0x00,0x10,0x00,0x10,0x00,0x10,0x00,0x10,0x00,0x10,0x00,0x00,0x00,0x00,0x00,0x00,0x00,0x00,0x00},
    {0x00,0x00,0x00,0x00,0x00,0x00,0x40,0x00,0x40,0x00,0x4C,0x00,0x58,0x00,0x70,0x00,0x70,0x00,0x58,0x00,0x4C,0x00,0x4C,0x00,0x00,0x00,0x00,0x00,0x00,0x00,0x00,0x00},
    {0x00,0x00,0x0C,0x00,0x0C,0x00,0x38,0x00,0x08,0x00,0x78,0x00,0x6C,0x00,0x4C,0x00,0x7C,0x00,0xCC,0x00,0xCC,0x00,0x7C,0x00,0x00,0x00,0x00,0x00,0x00,0x00,0x00,0x00},
    {0x00,0x00,0x06,0x00,0x0C,0x00,0x38,0x00,0x08,0x00,0x38,0x00,0x6C,0x00,0xC4,0x00,0xFC,0x00,0xC0,0x00,0x4C,0x00,0x78,0x00,0x00,0x00,0x00,0x00,0x00,0x00,0x00,0x00},
    {0x00,0x00,0x06,0x00,0x0C,0x00,0x38,0x00,0x08,0x00,0x38,0x00,0x6C,0x00,0xC4,0x00,0xC4,0x00,0xC4,0x00,0x4C,0x00,0x78,0x00,0x00,0x00,0x00,0x00,0x00,0x00,0x00,0x00},
    {0x00,0x00,0x00,0x00,0x00,0x00,0x3C,0x00,0x66,0x00,0x42,0x00,0x70,0x00,0x3E,0x00,0x06,0x00,0xC2,0x00,0x66,0x00,0x3C,0x00,0x00,0x00,0x00,0x00,0x00,0x00,0x00,0x00},
    {0x00,0x00,0x00,0x00,0x00,0x00,0x1C,0x00,0x18,0x00,0x38,0x00,0x18,0x00,0x10,0x00,0x10,0x00,0x10,0x00,0x10,0x00,0x10,0x00,0x00,0x00,0x00,0x00,0x00,0x00,0x00,0x00},
    {0x00,0x00,0x00,0x00,0x00,0x00,0x7C,0x00,0xC6,0x00,0x83,0x00,0x83,0x00,0x83,0x00,0x83,0x00,0x82,0x00,0xC6,0x00,0x7C,0x00,0x00,0x00,0x00,0x00,0x00,0x00,0x00,0x00},
    {0x00,0x00,0x00,0x00,0x00,0x00,0x38,0x00,0x08,0x00,0x38,0x00,0x6C,0x00,0xC4,0x00,0xFC,0x00,0xC0,0x00,0x4C,0x00,0x78,0x00,0x00,0x00,0x00,0x00,0x00,0x00,0x00,0x00},
    {0x00,0x00,0x00,0x00,0x30,0x00,0x18,0x00,0x10,0x00,0x78,0x00,0x6C,0x00,0x4C,0x00,0x7C,0x00,0xCC,0x00,0xCC,0x00,0x7C,0x00,0x00,0x00,0x00,0x00,0x00,0x00,0x00,0x00},
    {0x00,0x00,0x00,0x00,0x00,0x00,0x86,0x00,0x86,0x00,0x86,0x00,0x86,0x00,0x86,0x00,0x86,0x00,0xC6,0x00,0xCE,0x00,0x7C,0x00,0x00,0x00,0x00,0x00,0x00,0x00,0x00,0x00},
    {0x00,0x00,0x00,0x00,0x00,0x00,0xFC,0x00,0x8C,0x00,0x86,0x00,0x84,0x00,0xFC,0x00,0x8C,0x00,0x86,0x00,0x86,0x00,0x86,0x00,0x00,0x00,0x00,0x00,0x00,0x00,0x00,0x00},
    {0x00,0x00,0x00,0x00,0x00,0x00,0x00,0x00,0x00,0x00,0x11,0x00,0x9B,0x00,0xBA,0x00,0xBA,0x00,0xEE,0x00,0x6E,0x00,0x64,0x00,0x00,0x00,0x00,0x00,0x00,0x00,0x00,0x00},
    {0x00,0x00,0x00,0x00,0x00,0x00,0x00,0x00,0x00,0x00,0x38,0x00,0x6C,0x00,0xC4,0x00,0xFC,0x00,0xC0,0x00,0x4C,0x00,0x78,0x00,0x00,0x00,0x00,0x00,0x00,0x00,0x00,0x00},
    {0x00,0x00,0x00,0x00,0x00,0x00,0x18,0x00,0x18,0x00,0x3C,0x00,0x24,0x00,0x64,0x00,0x7E,0x00,0x46,0x00,0xC3,0x00,0x83,0x00,0x00,0x00,0x00,0x00,0x00,0x00,0x00,0x00},
    {0x00,0x00,0x00,0x00,0x20,0x00,0x30,0x00,0x20,0x00,0x76,0x00,0xDC,0x00,0x88,0x00,0x8C,0x00,0x8C,0x00,0xD8,0x00,0xF0,0x00,0x00,0x00,0x00,0x00,0x00,0x00,0x00,0x00},
    {0x00,0x00,0x78,0x00,0x10,0x00,0x38,0x00,0x08,0x00,0x78,0x00,0x6C,0x00,0x4C,0x00,0x7C,0x00,0xCC,0x00,0xCC,0x00,0x7C,0x00,0x00,0x00,0x00,0x00,0x00,0x00,0x00,0x00},
    {0x00,0x00,0x00,0x00,0x00,0x00,0x04,0x00,0x04,0x00,0x3C,0x00,0x6C,0x00,0xC4,0x00,0xC4,0x00,0xC4,0x00,0x6C,0x00,0x7C,0x00,0x00,0x00,0x00,0x00,0x00,0x00,0x00,0x00},
    {0x00,0x00,0x00,0x00,0x40,0x00,0x60,0x00,0x20,0x00,0x8E,0x00,0x8E,0x00,0x88,0x00,0x88,0x00,0x88,0x00,0x98,0x00,0xF8,0x00,0x00,0x00,0x00,0x00,0x00,0x00,0x00,0x00},
    {0x00,0x00,0x78,0x00,0x10,0x00,0x38,0x00,0x08,0x00,0x38,0x00,0x6C,0x00,0xC4,0x00,0xC4,0x00,0xC4,0x00,0x4C,0x00,0x78,0x00,0x00,0x00,0x00,0x00,0x00,0x00,0x00,0x00},
    {0x00,0x00,0x08,0x00,0x0C,0x00,0x38,0x00,0x08,0x00,0x78,0x00,0x6C,0x00,0x4C,0x00,0x7C,0x00,0xCC,0x00,0xCC,0x00,0x7C,0x00,0x00,0x00,0x00,0x00,0x00,0x00,0x00,0x00},
    {0x00,0x00,0x04,0x00,0x0C,0x00,0x38,0x00,0x08,0x00,0x38,0x00,0x6C,0x00,0xC4,0x00,0xC4,0x00,0xC4,0x00,0x4C,0x00,0x78,0x00,0x00,0x00,0x00,0x00,0x00,0x00,0x00,0x00},
    {0x00,0x00,0x00,0x00,0x00,0x00,0x08,0x00,0x08,0x00,0x08,0x00,0x08,0x00,0x08,0x00,0x08,0x00,0xC8,0x00,0xD8,0x00,0x78,0x00,0x00,0x00,0x00,0x00,0x00,0x00,0x00,0x00},
    {0x00,0x00,0x78,0x00,0x10,0x00,0x38,0x00,0x08,0x00,0x38,0x00,0x6C,0x00,0xC4,0x00,0xFC,0x00,0xC0,0x00,0x4C,0x00,0x78,0x00,0x00,0x00,0x00,0x00,0x00,0x00,0x00,0x00},
    {0x00,0x00,0x00,0x00,0x00,0x00,0x38,0x00,0x08,0x00,0x78,0x00,0x6C,0x00,0x4C,0x00,0x7C,0x00,0xCC,0x00,0xCC,0x00,0x7C,0x00,0x00,0x00,0x00,0x00,0x00,0x00,0x00,0x00},
    {0x00,0x00,0x00,0x00,0x00,0x00,0x00,0x00,0x00,0x00,0x42,0x00,0x66,0x00,0x24,0x00,0x34,0x00,0x3C,0x00,0x18,0x00,0x18,0x00,0x00,0x00,0x00,0x00,0x00,0x00,0x00,0x00},
    {0x00,0x00,0x00,0x00,0x00,0x00,0x00,0x00,0x00,0x00,0x8E,0x00,0x8E,0x00,0x88,0x00,0x88,0x00,0x88,0x00,0x98,0x00,0xF8,0x00,0x00,0x00,0x20,0x00,0x00,0x00,0x00,0x00},
    {0x00,0x00,0x00,0x00,0x00,0x00,0x38,0x00,0x6C,0x00,0xC4,0x00,0x0C,0x00,0x18,0x00,0x30,0x00,0x60,0x00,0xC0,0x00,0xFC,0x00,0x00,0x00,0x00,0x00,0x00,0x00,0x00,0x00},
    {0x00,0x00,0x00,0x00,0x00,0x00,0x38,0x00,0x6C,0x00,0xCC,0x00,0x1C,0x00,0x1C,0x00,0x0C,0x00,0xC4,0x00,0xCC,0x00,0x78,0x00,0x00,0x00,0x00,0x00,0x00,0x00,0x00,0x00},
    {0x00,0x00,0x00,0x00,0x00,0x00,0x08,0x00,0x18,0x00,0x38,0x00,0x28,0x00,0x48,0x00,0xCC,0x00,0xFC,0x00,0x08,0x00,0x08,0x00,0x00,0x00,0x00,0x00,0x00,0x00,0x00,0x00},
    {0x00,0x00,0x00,0x00,0x00,0x00,0x7C,0x00,0x60,0x00,0x40,0x00,0x78,0x00,0x4C,0x00,0x04,0x00,0xC4,0x00,0xCC,0x00,0x78,0x00,0x00,0x00,0x00,0x00,0x00,0x00,0x00,0x00},
    {0x00,0x00,0x00,0x00,0x00,0x00,0x38,0x00,0x6C,0x00,0x40,0x00,0xF8,0x00,0xEC,0x00,0xC4,0x00,0xC4,0x00,0x6C,0x00,0x38,0x00,0x00,0x00,0x00,0x00,0x00,0x00,0x00,0x00},
    {0x00,0x00,0x00,0x00,0x00,0x00,0x7C,0x00,0x0C,0x00,0x08,0x00,0x18,0x00,0x10,0x00,0x30,0x00,0x20,0x00,0x20,0x00,0x20,0x00,0x00,0x00,0x00,0x00,0x00,0x00,0x00,0x00},
    {0x00,0x00,0x00,0x00,0x00,0x00,0x38,0x00,0x6C,0x00,0xC4,0x00,0xC4,0x00,0x6C,0x00,0x7C,0x00,0x04,0x00,0x4C,0x00,0x78,0x00,0x00,0x00,0x00,0x00,0x00,0x00,0x00,0x00},
    {0x00,0x00,0x00,0x00,0x00,0x00,0xC2,0x00,0xC2,0x00,0x46,0x00,0x64,0x00,0x64,0x00,0x2C,0x00,0x38,0x00,0x38,0x00,0x18,0x00,0x00,0x00,0x00,0x00,0x00,0x00,0x00,0x00},
};

static const uint8_t vi_glyphs_2x[][DISPLAY_CJK_GLYPH_2X_BYTES] = {
    {0x00,0x00,0x00,0x00,0x00,0x00,0x00,0x00,0x00,0x00,0x00,0x00,0x00,0x00,0x00,0x00,0x00,0x00,0x00,0x00,0x00,0x00,0x00,0x00,0x0F,0xF0,0x00,0x00,0x1F,0xFC,0x00,0x00,0x7F,0x7E,0x00,0x00,0x78,0x1F,0x00,0x00,0xF0,0x0F,0x00,0x00,0xE0,0x07,0x00,0x00,0xE0,0x00,0x00,0x00,0xC0,0x00,0x00,0x00,0xC0,0x00,0x00,0x00,0xC0,0x00,0x00,0x00,0xC0,0x00,0x00,0x00,0xC0,0x00,0x00,0x00,0xC0,0x03,0x00,0x00,0xE0,0x07,0x00,0x00,0xE0,0x07,0x00,0x00,0xF0,0x0F,0x00,0x00,0x78,0x1E,0x00,0x00,0x7E,0x7E,0x00,0x00,0x3F,0xFC,0x00,0x00,0x0F,0xF0,0x00,0x00,0x00,0x00,0x00,0x00,0x00,0x00,0x00,0x00,0x00,0x00,0x00,0x00,0x00,0x00,0x00,0x00,0x00,0x00,0x00,0x00,0x00,0x00,0x00,0x00},
    {0x00,0x00,0x00,0x00,0x00,0x00,0x00,0x00,0x00,0x00,0x00,0x00,0x00,0x00,0x00,0x00,0x00,0x00,0x00,0x00,0x1E,0x00,0x00,0x00,0x0F,0x00,0x00,0x00,0x07,0x00,0x00,0x00,0x03,0x80,0x00,0x00,0x01,0x00,0x00,0x00,0x00,0x00,0x00,0x00,0x07,0xC0,0x00,0x00,0x1F,0xF0,0x00,0x00,0x3F,0xF8,0x00,0x00,0x38,0x78,0x00,0x00,0x70,0x38,0x00,0x00,0x00,0x38,0x00,0x00,0x03,0xF8,0x00,0x00,0x1F,0xF8,0x00,0x00,0x7F,0x38,0x00,0x00,0x78,0x38,0x00,0x00,0x70,0x38,0x00,0x00,0x70,0x78,0x00,0x00,0x79,0xF8,0x00,0x00,0x7F,0xFC,0x00,0x00,0x3F,0x9C,0x00,0x00,0x00,0x00,0x00,0x00,0x00,0x00,0x00,0x00,0x00,0x00,0x00,0x00,0x00,0x00,0x00,0x00,0x00,0x00,0x00,0x00,0x00,0x00,0x00,0x00},
    {0x00,0x00,0x00,0x00,0x00,0x00,0x00,0x00,0x00,0x00,0x00,0x00,0x00,0x00,0x00,0x00,0x00,0x00,0x00,0x00,0x00,0x00,0x00,0x00,0x01,0x80,0x00,0x00,0x01,0x80,0x00,0x00,0x01,0x80,0x00,0x00,0x00,0x00,0x00,0x00,0x00,0x00,0x00,0x00,0x01,0x80,0x00,0x00,0x01,0x80,0x00,0x00,0x01,0x80,0x00,0x00,0x01,0x80,0x00,0x00,0x01,0x80,0x00,0x00,0x01,0x80,0x00,0x00,0x01,0x80,0x00,0x00,0x01,0x80,0x00,0x00,0x01,0x80,0x00,0x00,0x01,0x80,0x00,0x00,0x01,0x80,0x00,0x00,0x01,0x80,0x00,0x00,0x01,0x80,0x00,0x00,0x01,0x80,0x00,0x00,0x01,0x80,0x00,0x00,0x00,0x00,0x00,0x00,0x00,0x00,0x00,0x00,0x00,0x00,0x00,0x00,0x00,0x00,0x00,0x00,0x00,0x00,0x00,0x00,0x00,0x00,0x00,0x00},
    {0x00,0x00,0x00,0x00,0x00,0x00,0x00,0x00,0x00,0x00,0x00,0x00,0x00,0x00,0x00,0x00,0x00,0x00,0x00,0x00,0x00,0x00,0x00,0x00,0x00,0x18,0x00,0x00,0x00,0x18,0x00,0x00,0x03,0xFF,0x00,0x00,0x03,0xFF,0x00,0x00,0x00,0x3C,0x00,0x00,0x0F,0x98,0x00,0x00,0x3F,0xF8,0x00,0x00,0x7F,0xF8,0x00,0x00,0x78,0x78,0x00,0x00,0xF0,0x38,0x00,0x00,0xE0,0x38,0x00,0x00,0xE0,0x18,0x00,0x00,0xE0,0x18,0x00,0x00,0xE0,0x18,0x00,0x00,0xE0,0x38,0x00,0x00,0xE0,0x38,0x00,0x00,0xF0,0x78,0x00,0x00,0x7D,0xF8,0x00,0x00,0x3F,0xF8,0x00,0x00,0x1F,0xD8,0x00,0x00,0x00,0x00,0x00,0x00,0x00,0x00,0x00,0x00,0x00,0x00,0x00,0x00,0x00,0x00,0x00,0x00,0x00,0x00,0x00,0x00,0x00,0x00,0x00,0x00},
    {0x00,0x00,0x00,0x00,0x00,0x00,0x00,0x00,0x00,0x00,0x00,0x00,0x00,0x00,0x00,0x00,0x00,0x00,0x00,0x00,0x18,0x30,0x00,0x00,0x1C,0x70,0x00,0x00,0x0F,0xE0,0x00,0x00,0x0F,0xE0,0x00,0x00,0x01,0x00,0x00,0x00,0x00,0x00,0x00,0x00,0x07,0xC0,0x00,0x00,0x1F,0xF0,0x00,0x00,0x3F,0xF8,0x00,0x00,0x38,0x78,0x00,0x00,0x70,0x38,0x00,0x00,0x00,0x38,0x00,0x00,0x03,0xF8,0x00,0x00,0x1F,0xF8,0x00,0x00,0x7F,0x38,0x00,0x00,0x78,0x38,0x00,0x00,0x70,0x38,0x00,0x00,0x70,0x78,0x00,0x00,0x79,0xF8,0x00,0x00,0x7F,0xFC,0x00,0x00,0x3F,0x9C,0x00,0x00,0x00,0x00,0x00,0x00,0x00,0x00,0x00,0x00,0x03,0x80,0x00,0x00,0x03,0x80,0x00,0x00,0x03,0x80,0x00,0x00,0x00,0x00,0x00,0x00},
    {0x00,0x00,0x00,0x00,0x00,0x00,0x00,0x00,0x00,0x00,0x00,0x00,0x00,0x00,0x00,0x00,0x00,0x00,0x00,0x00,0x00,0x00,0x00,0x00,0x00,0x00,0x00,0x00,0x03,0x00,0x00,0x00,0x07,0x00,0x00,0x00,0x07,0x00,0x00,0x00,0x07,0x00,0x00,0x00,0x1F,0xE0,0x00,0x00,0x1F,0xE0,0x00,0x00,0x1F,0xE0,0x00,0x00,0x07,0x00,0x00,0x00,0x07,0x00,0x00,0x00,0x07,0x00,0x00,0x00,0x07,0x00,0x00,0x00,0x07,0x00,0x00,0x00,0x07,0x00,0x00,0x00,0x07,0x00,0x00,0x00,0x07,0x00,0x00,0x00,0x07,0x00,0x00,0x00,0x07,0xE0,0x00,0x00,0x03,0xE0,0x00,0x00,0x03,0xE0,0x00,0x00,0x00,0x00,0x00,0x00,0x00,0x00,0x00,0x00,0x00,0x00,0x00,0x00,0x00,0x00,0x00,0x00,0x00,0x00,0x00,0x00,0x00,0x00,0x00,0x00},
    {0x00,0x00,0x00,0x00,0x00,0x00,0x00,0x00,0x00,0x00,0x00,0x00,0x00,0x00,0x00,0x00,0x00,0x00,0x00,0x00,0x00,0x00,0x00,0x00,0xC0,0x07,0x00,0x00,0xC0,0x07,0x00,0x00,0xE0,0x07,0x00,0x00,0xE0,0x0F,0x00,0x00,0xF0,0x0F,0x00,0x00,0xF0,0x0F,0x00,0x00,0xF0,0x1F,0x00,0x00,0xB8,0x1D,0x00,0x00,0xB8,0x39,0x00,0x00,0xB8,0x39,0x00,0x00,0x9C,0x39,0x00,0x00,0x9C,0x71,0x00,0x00,0x8E,0x71,0x00,0x00,0x8E,0x71,0x00,0x00,0x8E,0xE1,0x00,0x00,0x87,0xE1,0x00,0x00,0x87,0xC1,0x00,0x00,0x87,0xC1,0x00,0x00,0x83,0xC1,0x00,0x00,0x83,0x81,0x00,0x00,0x00,0x00,0x00,0x00,0x00,0x00,0x00,0x00,0x00,0x00,0x00,0x00,0x00,0x00,0x00,0x00,0x00,0x00,0x00,0x00,0x00,0x00,0x00,0x00},
    {0x00,0x00,0x00,0x00,0x00,0x00,0x00,0x00,0x00,0x00,0x00,0x00,0x00,0x00,0x00,0x00,0x00,0x00,0x00,0x00,0x00,0xF0,0x00,0x00,0x01,0xE0,0x00,0x00,0x01,0xC0,0x00,0x00,0x03,0x80,0x00,0x00,0x03,0x00,0x00,0x00,0x00,0x00,0x00,0x00,0x30,0x18,0x00,0x00,0x70,0x1C,0x00,0x00,0x70,0x1C,0x00,0x00,0x70,0x1C,0x00,0x00,0x70,0x1C,0x00,0x00,0x70,0x1C,0x00,0x00,0x70,0x1C,0x00,0x00,0x70,0x1C,0x00,0x00,0x70,0x1C,0x00,0x00,0x70,0x1C,0x00,0x00,0x38,0x3C,0x00,0x00,0x38,0x3C,0x00,0x00,0x3E,0xFC,0x00,0x00,0x3F,0xFC,0x00,0x00,0x1F,0xD8,0x00,0x00,0x00,0x00,0x00,0x00,0x00,0x00,0x00,0x00,0x00,0x00,0x00,0x00,0x00,0x00,0x00,0x00,0x00,0x00,0x00,0x00,0x00,0x00,0x00,0x00},
    {0x00,0x00,0x00,0x00,0x00,0x00,0x00,0x00,0x00,0x00,0x00,0x00,0x00,0x00,0x00,0x00,0x00,0x00,0x00,0x00,0x00,0x00,0x00,0x00,0x00,0x00,0x00,0x00,0x00,0x00,0x00,0x00,0x00,0x00,0x00,0x00,0x00,0x00,0x00,0x00,0x00,0x00,0x00,0x00,0x03,0x8C,0x00,0x00,0x1F,0xFC,0x00,0x00,0x3F,0xFC,0x00,0x00,0x3C,0x7C,0x00,0x00,0x78,0x3C,0x00,0x00,0x70,0x1C,0x00,0x00,0x70,0x1C,0x00,0x00,0x70,0x1C,0x00,0x00,0x70,0x1C,0x00,0x00,0x70,0x1C,0x00,0x00,0x70,0x3C,0x00,0x00,0x78,0x3C,0x00,0x00,0x3F,0xFC,0x00,0x00,0x1F,0xFC,0x00,0x00,0x0F,0xDC,0x00,0x00,0x00,0x1C,0x00,0x00,0x70,0x3C,0x00,0x00,0x38,0x78,0x00,0x00,0x3F,0xF8,0x00,0x00,0x1F,0xF0,0x00,0x00,0x03,0x00,0x00,0x00},
    {0x00,0x00,0x00,0x00,0x00,0x00,0x00,0x00,0x00,0x00,0x00,0x00,0x00,0x00,0x00,0x00,0x00,0x00,0x00,0x00,0x38,0x00,0x00,0x00,0x1C,0x00,0x00,0x00,0x1E,0x00,0x00,0x00,0x0E,0x00,0x00,0x00,0x06,0x00,0x00,0x00,0x00,0x02,0x00,0x00,0x0F,0x0E,0x00,0x00,0x7F,0xCF,0x00,0x00,0xFF,0xFF,0x00,0x00,0xF0,0xFC,0x00,0x00,0xE0,0x70,0x00,0x00,0xC0,0x70,0x00,0x00,0xC0,0x38,0x00,0x00,0xC0,0x38,0x00,0x00,0xC0,0x38,0x00,0x00,0xC0,0x38,0x00,0x00,0xC0,0x70,0x00,0x00,0xE0,0xF0,0x00,0x00,0xF9,0xE0,0x00,0x00,0x7F,0xE0,0x00,0x00,0x3F,0x80,0x00,0x00,0x00,0x00,0x00,0x00,0x00,0x00,0x00,0x00,0x00,0x00,0x00,0x00,0x00,0x00,0x00,0x00,0x00,0x00,0x00,0x00,0x00,0x00,0x00,0x00},
    {0x00,0x00,0x00,0x00,0x00,0x00,0x00,0x00,0x00,0x00,0x00,0x00,0x00,0x00,0x00,0x00,0x00,0x00,0x00,0x00,0x00,0x00,0x00,0x00,0xFF,0x80,0x00,0x00,0xFF,0xF0,0x00,0x00,0xFF,0xFC,0x00,0x00,0xE0,0x3E,0x00,0x00,0xE0,0x1E,0x00,0x00,0xE0,0x0F,0x00,0x00,0xE0,0x07,0x00,0x00,0xE0,0x07,0x00,0x00,0xE0,0x07,0x00,0x00,0xFF,0x87,0x00,0x00,0xFF,0x87,0x00,0x00,0xE0,0x07,0x00,0x00,0xE0,0x07,0x00,0x00,0xE0,0x0F,0x00,0x00,0xE0,0x0F,0x00,0x00,0xE0,0x1E,0x00,0x00,0xE0,0x3C,0x00,0x00,0xFF,0xFC,0x00,0x00,0xFF,0xF0,0x00,0x00,0xFF,0xC0,0x00,0x00,0x00,0x00,0x00,0x00,0x00,0x00,0x00,0x00,0x00,0x00,0x00,0x00,0x00,0x00,0x00,0x00,0x00,0x00,0x00,0x00,0x00,0x00,0x00,0x00},
    {0x00,0x00,0x00,0x00,0x00,0x00,0x00,0x00,0x00,0x00,0x00,0x00,0x00,0x00,0x00,0x00,0x00,0x00,0x00,0x00,0x03,0x80,0x00,0x00,0x07,0xC0,0x00,0x00,0x0F,0xE0,0x00,0x00,0x0E,0xE0,0x00,0x00,0x0C,0x60,0x00,0x00,0x00,0x00,0x00,0x00,0x07,0xC0,0x00,0x00,0x1F,0xF0,0x00,0x00,0x3F,0xF8,0x00,0x00,0x7C,0x3C,0x00,0x00,0x70,0x1C,0x00,0x00,0x70,0x1C,0x00,0x00,0x70,0x1C,0x00,0x00,0x70,0x1E,0x00,0x00,0x70,0x1C,0x00,0x00,0x70,0x1C,0x00,0x00,0x70,0x1C,0x00,0x00,0x78,0x3C,0x00,0x00,0x3E,0xF8,0x00,0x00,0x1F,0xF0,0x00,0x00,0x0F,0xE0,0x00,0x00,0x00,0x00,0x00,0x00,0x00,0x00,0x00,0x00,0x03,0x80,0x00,0x00,0x03,0x80,0x00,0x00,0x03,0x80,0x00,0x00,0x00,0x00,0x00,0x00},
    {0x00,0x00,0x00,0x00,0x00,0x00,0x00,0x00,0x00,0x00,0x00,0x00,0x00,0x00,0x00,0x00,0x00,0x00,0x00,0x00,0x00,0x00,0x00,0x00,0x00,0x00,0x00,0x00,0x00,0x00,0x00,0x00,0x00,0x00,0x00,0x00,0x00,0x00,0x00,0x00,0x00,0x00,0x00,0x00,0x07,0xC0,0x00,0x00,0x1F,0xF0,0x00,0x00,0x3F,0xF8,0x00,0x00,0x38,0x38,0x00,0x00,0x38,0x38,0x00,0x00,0x3C,0x00,0x00,0x00,0x3F,0xC0,0x00,0x00,0x0F,0xF0,0x00,0x00,0x03,0xF8,0x00,0x00,0x00,0x3C,0x00,0x00,0x30,0x1C,0x00,0x00,0x38,0x1C,0x00,0x00,0x3E,0x7C,0x00,0x00,0x1F,0xF8,0x00,0x00,0x0F,0xF0,0x00,0x00,0x00,0x00,0x00,0x00,0x00,0x00,0x00,0x00,0x00,0x00,0x00,0x00,0x00,0x00,0x00,0x00,0x00,0x00,0x00,0x00,0x00,0x00,0x00,0x00},
    {0x00,0x00,0x00,0x00,0x00,0x00,0x00,0x00,0x00,0x00,0x00,0x00,0x00,0x00,0x00,0x00,0x00,0x00,0x00,0x00,0x01,0xE0,0x00,0x00,0x01,0xC0,0x00,0x00,0x03,0x80,0x00,0x00,0x03,0x80,0x00,0x00,0x02,0x00,0x00,0x00,0x00,0x00,0x00,0x00,0x07,0xC0,0x00,0x00,0x1F,0xF0,0x00,0x00,0x3F,0xF8,0x00,0x00,0x38,0x78,0x00,0x00,0x70,0x38,0x00,0x00,0x00,0x38,0x00,0x00,0x03,0xF8,0x00,0x00,0x1F,0xF8,0x00,0x00,0x7F,0x38,0x00,0x00,0x78,0x38,0x00,0x00,0x70,0x38,0x00,0x00,0x70,0x78,0x00,0x00,0x79,0xF8,0x00,0x00,0x7F,0xFC,0x00,0x00,0x3F,0x9C,0x00,0x00,0x00,0x00,0x00,0x00,0x00,0x00,0x00,0x00,0x00,0x00,0x00,0x00,0x00,0x00,0x00,0x00,0x00,0x00,0x00,0x00,0x00,0x00,0x00,0x00},
    {0x00,0x00,0x00,0x00,0x00,0x00,0x00,0x00,0x00,0x00,0x00,0x00,0x00,0x00,0x00,0x00,0x00,0x00,0x00,0x00,0x00,0x00,0x00,0x00,0x00,0x00,0x00,0x00,0x00,0x00,0x00,0x00,0x00,0x00,0x00,0x00,0x00,0x00,0x00,0x00,0x00,0x00,0x00,0x00,0x31,0xE0,0x00,0x00,0x77,0xF0,0x00,0x00,0x7F,0xF8,0x00,0x00,0x7C,0x38,0x00,0x00,0x78,0x38,0x00,0x00,0x78,0x1C,0x00,0x00,0x70,0x1C,0x00,0x00,0x70,0x1C,0x00,0x00,0x70,0x1C,0x00,0x00,0x70,0x1C,0x00,0x00,0x70,0x1C,0x00,0x00,0x70,0x1C,0x00,0x00,0x70,0x1C,0x00,0x00,0x70,0x1C,0x00,0x00,0x30,0x18,0x00,0x00,0x00,0x00,0x00,0x00,0x00,0x00,0x00,0x00,0x00,0x00,0x00,0x00,0x00,0x00,0x00,0x00,0x00,0x00,0x00,0x00,0x00,0x00,0x00,0x00},
    {0x00,0x00,0x00,0x00,0x00,0x00,0x00,0x00,0x00,0x00,0x00,0x00,0x00,0x00,0x00,0x00,0x00,0x00,0x00,0x00,0x00,0x00,0x00,0x00,0x38,0x00,0x00,0x00,0x38,0x00,0x00,0x00,0x38,0x00,0x00,0x00,0x38,0x00,0x00,0x00,0x38,0x00,0x00,0x00,0x38,0x00,0x00,0x00,0x38,0x00,0x00,0x00,0x38,0x00,0x00,0x00,0x38,0x00,0x00,0x00,0x38,0x00,0x00,0x00,0x38,0x00,0x00,0x00,0x38,0x00,0x00,0x00,0x38,0x00,0x00,0x00,0x38,0x00,0x00,0x00,0x38,0x00,0x00,0x00,0x38,0x00,0x00,0x00,0x38,0x00,0x00,0x00,0x3F,0xFE,0x00,0x00,0x3F,0xFE,0x00,0x00,0x3F,0xFE,0x00,0x00,0x00,0x00,0x00,0x00,0x00,0x00,0x00,0x00,0x00,0x00,0x00,0x00,0x00,0x00,0x00,0x00,0x00,0x00,0x00,0x00,0x00,0x00,0x00,0x00},
    {0x00,0x00,0x00,0x00,0x00,0x00,0x00,0x00,0x00,0x00,0x00,0x00,0x00,0x00,0x00,0x00,0x00,0x00,0x00,0x00,0x00,0x00,0x00,0x00,0x7F,0xFC,0x00,0x00,0x7F,0xFE,0x00,0x00,0x7F,0xFE,0x00,0x00,0x70,0x00,0x00,0x00,0x70,0x00,0x00,0x00,0x70,0x00,0x00,0x00,0x70,0x00,0x00,0x00,0x70,0x00,0x00,0x00,0x7F,0xF8,0x00,0x00,0x7F,0xFC,0x00,0x00,0x7F,0xFC,0x00,0x00,0x70,0x00,0x00,0x00,0x70,0x00,0x00,0x00,0x70,0x00,0x00,0x00,0x70,0x00,0x00,0x00,0x70,0x00,0x00,0x00,0x70,0x00,0x00,0x00,0x7F,0xFE,0x00,0x00,0x7F,0xFE,0x00,0x00,0x7F,0xFE,0x00,0x00,0x00,0x00,0x00,0x00,0x00,0x00,0x00,0x00,0x00,0x00,0x00,0x00,0x00,0x00,0x00,0x00,0x00,0x00,0x00,0x00,0x00,0x00,0x00,0x00},
    {0x00,0x00,0x00,0x00,0x00,0x00,0x00,0x00,0x00,0x00,0x00,0x00,0x00,0x00,0x00,0x00,0x00,0x00,0x00,0x00,0x00,0x00,0x00,0x00,0xFF,0x80,0x00,0x00,0xFF,0xF0,0x00,0x00,0xFF,0xFC,0x00,0x00,0xE0,0x3E,0x00,0x00,0xE0,0x1E,0x00,0x00,0xE0,0x0F,0x00,0x00,0xE0,0x07,0x00,0x00,0xE0,0x07,0x00,0x00,0xE0,0x07,0x00,0x00,0xE0,0x07,0x00,0x00,0xE0,0x07,0x00,0x00,0xE0,0x07,0x00,0x00,0xE0,0x07,0x00,0x00,0xE0,0x0F,0x00,0x00,0xE0,0x0F,0x00,0x00,0xE0,0x1E,0x00,0x00,0xE0,0x3C,0x00,0x00,0xFF,0xFC,0x00,0x00,0xFF,0xF0,0x00,0x00,0xFF,0xC0,0x00,0x00,0x00,0x00,0x00,0x00,0x00,0x00,0x00,0x00,0x00,0x00,0x00,0x00,0x00,0x00,0x00,0x00,0x00,0x00,0x00,0x00,0x00,0x00,0x00,0x00},
    {0x00,0x00,0x00,0x00,0x00,0x00,0x00,0x00,0x00,0x00,0x00,0x00,0x00,0x00,0x00,0x00,0x00,0x00,0x00,0x00,0x00,0x00,0x00,0x00,0x30,0x00,0x00,0x00,0x70,0x00,0x00,0x00,0x70,0x00,0x00,0x00,0x70,0x00,0x00,0x00,0x70,0x00,0x00,0x00,0x73,0xE0,0x00,0x00,0x7F,0xF0,0x00,0x00,0x7F,0xF8,0x00,0x00,0x7C,0x38,0x00,0x00,0x78,0x38,0x00,0x00,0x78,0x1C,0x00,0x00,0x70,0x1C,0x00,0x00,0x70,0x1C,0x00,0x00,0x70,0x1C,0x00,0x00,0x70,0x1C,0x00,0x00,0x70,0x1C,0x00,0x00,0x70,0x1C,0x00,0x00,0x70,0x1C,0x00,0x00,0x70,0x1C,0x00,0x00,0x30,0x18,0x00,0x00,0x00,0x00,0x00,0x00,0x00,0x00,0x00,0x00,0x00,0x00,0x00,0x00,0x00,0x00,0x00,0x00,0x00,0x00,0x00,0x00,0x00,0x00,0x00,0x00},
    {0x00,0x00,0x00,0x00,0x00,0x00,0x00,0x00,0x00,0x1E,0x00,0x00,0x00,0x1C,0x00,0x00,0x00,0x38,0x00,0x00,0x07,0xB8,0x00,0x00,0x07,0xC0,0x00,0x00,0x0F,0xC0,0x00,0x00,0x1C,0xE0,0x00,0x00,0x18,0x60,0x00,0x00,0x00,0x00,0x00,0x00,0x07,0xC0,0x00,0x00,0x1F,0xF0,0x00,0x00,0x3F,0xF8,0x00,0x00,0x38,0x78,0x00,0x00,0x70,0x38,0x00,0x00,0x00,0x38,0x00,0x00,0x03,0xF8,0x00,0x00,0x1F,0xF8,0x00,0x00,0x7F,0x38,0x00,0x00,0x78,0x38,0x00,0x00,0x70,0x38,0x00,0x00,0x70,0x78,0x00,0x00,0x79,0xF8,0x00,0x00,0x7F,0xFC,0x00,0x00,0x3F,0x9C,0x00,0x00,0x00,0x00,0x00,0x00,0x00,0x00,0x00,0x00,0x00,0x00,0x00,0x00,0x00,0x00,0x00,0x00,0x00,0x00,0x00,0x00,0x00,0x00,0x00,0x00},
    {0x00,0x00,0x00,0x00,0x00,0x00,0x00,0x00,0x00,0x00,0x00,0x00,0x00,0x00,0x00,0x00,0x00,0x00,0x00,0x00,0x00,0x00,0x00,0x00,0x00,0x00,0x00,0x00,0x00,0x00,0x00,0x00,0x00,0x00,0x00,0x00,0x00,0x00,0x00,0x00,0x00,0x00,0x00,0x00,0x63,0xC0,0x00,0x00,0x7F,0xF0,0x00,0x00,0x7F,0xF8,0x00,0x00,0x78,0x78,0x00,0x00,0x70,0x3C,0x00,0x00,0x70,0x1C,0x00,0x00,0x60,0x1C,0x00,0x00,0x60,0x1C,0x00,0x00,0x60,0x1C,0x00,0x00,0x70,0x1C,0x00,0x00,0x70,0x1C,0x00,0x00,0x78,0x3C,0x00,0x00,0x7E,0xF8,0x00,0x00,0x7F,0xF0,0x00,0x00,0x6F,0xE0,0x00,0x00,0x60,0x00,0x00,0x00,0x60,0x00,0x00,0x00,0x60,0x00,0x00,0x00,0x60,0x00,0x00,0x00,0x60,0x00,0x00,0x00,0x00,0x00,0x00,0x00},
    {0x00,0x00,0x00,0x00,0x00,0x00,0x00,0x00,0x00,0x00,0x00,0x00,0x00,0x00,0x00,0x00,0x00,0x00,0x00,0x00,0x00,0x00,0x00,0x00,0x00,0x00,0x00,0x00,0x00,0x00,0x00,0x00,0x00,0x00,0x00,0x00,0x00,0x00,0x00,0x00,0x00,0x00,0x00,0x00,0x30,0x0C,0x00,0x00,0x70,0x1C,0x00,0x00,0x38,0x1C,0x00,0x00,0x38,0x1C,0x00,0x00,0x3C,0x38,0x00,0x00,0x1C,0x38,0x00,0x00,0x1C,0x30,0x00,0x00,0x0E,0x70,0x00,0x00,0x0E,0x70,0x00,0x00,0x0E,0xE0,0x00,0x00,0x07,0xE0,0x00,0x00,0x07,0xE0,0x00,0x00,0x03,0xC0,0x00,0x00,0x03,0xC0,0x00,0x00,0x03,0x80,0x00,0x00,0x03,0x80,0x00,0x00,0x03,0x80,0x00,0x00,0x07,0x00,0x00,0x00,0x3F,0x00,0x00,0x00,0x3E,0x00,0x00,0x00,0x18,0x00,0x00,0x00},
    {0x00,0x00,0x00,0x00,0x00,0x00,0x00,0x00,0x00,0x00,0x00,0x00,0x00,0x00,0x00,0x00,0x00,0x00,0x00,0x00,0x00,0x00,0x00,0x00,0xE0,0x0E,0x00,0x00,0xF0,0x1E,0x00,0x00,0xF0,0x3C,0x00,0x00,0x78,0x38,0x00,0x00,0x38,0x78,0x00,0x00,0x3C,0xF0,0x00,0x00,0x1E,0xE0,0x00,0x00,0x0F,0xE0,0x00,0x00,0x0F,0xC0,0x00,0x00,0x07,0x80,0x00,0x00,0x07,0xC0,0x00,0x00,0x0F,0xC0,0x00,0x00,0x1F,0xE0,0x00,0x00,0x1C,0xF0,0x00,0x00,0x3C,0x70,0x00,0x00,0x78,0x78,0x00,0x00,0x70,0x3C,0x00,0x00,0xF0,0x1C,0x00,0x00,0xE0,0x1E,0x00,0x00,0xC0,0x0F,0x00,0x00,0x00,0x00,0x00,0x00,0x00,0x00,0x00,0x00,0x00,0x00,0x00,0x00,0x00,0x00,0x00,0x00,0x00,0x00,0x00,0x00,0x00,0x00,0x00,0x00},
    {0x00,0x00,0x00,0x00,0x00,0x00,0x00,0x00,0x00,0x00,0x00,0x00,0x00,0x00,0x00,0x00,0x00,0x00,0x00,0x00,0x00,0x00,0x00,0x00,0x00,0x00,0x00,0x00,0x00,0x00,0x00,0x00,0x00,0x00,0x00,0x00,0x00,0x00,0x00,0x00,0x00,0x00,0x00,0x00,0x03,0xC0,0x00,0x00,0x1F,0xF0,0x00,0x00,0x3F,0xF8,0x00,0x00,0x3C,0x3C,0x00,0x00,0x78,0x1C,0x00,0x00,0x70,0x1C,0x00,0x00,0x70,0x0E,0x00,0x00,0x70,0x0E,0x00,0x00,0x70,0x0E,0x00,0x00,0x70,0x0E,0x00,0x00,0x70,0x1C,0x00,0x00,0x78,0x3C,0x00,0x00,0x3E,0x78,0x00,0x00,0x1F,0xF8,0x00,0x00,0x0F,0xE0,0x00,0x00,0x00,0x00,0x00,0x00,0x00,0x00,0x00,0x00,0x00,0x00,0x00,0x00,0x00,0x00,0x00,0x00,0x00,0x00,0x00,0x00,0x00,0x00,0x00,0x00},
    {0x00,0x00,0x00,0x00,0x00,0x00,0x00,0x00,0x00,0x00,0x00,0x00,0x00,0x00,0x00,0x00,0x00,0x00,0x00,0x00,0x00,0x00,0x00,0x00,0x00,0x00,0x00,0x00,0x00,0x00,0x00,0x00,0x00,0x00,0x00,0x00,0x00,0x00,0x00,0x00,0x00,0x00,0x00,0x00,0x07,0xC0,0x00,0x00,0x1F,0xF0,0x00,0x00,0x3F,0xF8,0x00,0x00,0x38,0x78,0x00,0x00,0x70,0x38,0x00,0x00,0x00,0x38,0x00,0x00,0x03,0xF8,0x00,0x00,0x1F,0xF8,0x00,0x00,0x7F,0x38,0x00,0x00,0x78,0x38,0x00,0x00,0x70,0x38,0x00,0x00,0x70,0x78,0x00,0x00,0x79,0xF8,0x00,0x00,0x7F,0xFC,0x00,0x00,0x3F,0x9C,0x00,0x00,0x00,0x00,0x00,0x00,0x00,0x00,0x00,0x00,0x00,0x00,0x00,0x00,0x00,0x00,0x00,0x00,0x00,0x00,0x00,0x00,0x00,0x00,0x00,0x00},
    {0x00,0x00,0x00,0x00,0x00,0x00,0x00,0x00,0x00,0x00,0x00,0x00,0x00,0x00,0x00,0x00,0x00,0x00,0x00,0x00,0x00,0x00,0x00,0x00,0x00,0xC0,0x00,0x00,0x01,0xC0,0x00,0x00,0x03,0xC0,0x00,0x00,0x07,0xC0,0x00,0x00,0x3F,0xC0,0x00,0x00,0x3F,0xC0,0x00,0x00,0x01,0xC0,0x00,0x00,0x01,0xC0,0x00,0x00,0x01,0xC0,0x00,0x00,0x01,0xC0,0x00,0x00,0x01,0xC0,0x00,0x00,0x01,0xC0,0x00,0x00,0x01,0xC0,0x00,0x00,0x01,0xC0,0x00,0x00,0x01,0xC0,0x00,0x00,0x01,0xC0,0x00,0x00,0x01,0xC0,0x00,0x00,0x01,0xC0,0x00,0x00,0x01,0xC0,0x00,0x00,0x01,0xC0,0x00,0x00,0x00,0x00,0x00,0x00,0x00,0x00,0x00,0x00,0x00,0x00,0x00,0x00,0x00,0x00,0x00,0x00,0x00,0x00,0x00,0x00,0x00,0x00,0x00,0x00},
    {0x00,0x00,0x00,0x00,0x00,0x00,0x00,0x00,0x00,0x00,0x00,0x00,0x00,0x00,0x00,0x00,0x00,0x00,0x00,0x00,0x00,0x00,0x00,0x00,0x03,0x80,0x00,0x00,0x1F,0xF0,0x00,0x00,0x3F,0xF8,0x00,0x00,0x3C,0x78,0x00,0x00,0x38,0x38,0x00,0x00,0x38,0x38,0x00,0x00,0x38,0x38,0x00,0x00,0x38,0x78,0x00,0x00,0x1F,0xF0,0x00,0x00,0x1F,0xF0,0x00,0x00,0x3F,0xF8,0x00,0x00,0x7C,0x7C,0x00,0x00,0x78,0x3C,0x00,0x00,0x70,0x1C,0x00,0x00,0x70,0x1C,0x00,0x00,0x70,0x1C,0x00,0x00,0x78,0x3C,0x00,0x00,0x3C,0x78,0x00,0x00,0x3F,0xF8,0x00,0x00,0x0F,0xE0,0x00,0x00,0x00,0x00,0x00,0x00,0x00,0x00,0x00,0x00,0x00,0x00,0x00,0x00,0x00,0x00,0x00,0x00,0x00,0x00,0x00,0x00,0x00,0x00,0x00,0x00},
    {0x00,0x00,0x00,0x00,0x00,0x00,0x00,0x00,0x00,0x00,0x00,0x00,0x00,0x00,0x00,0x00,0x00,0x00,0x00,0x00,0x00,0x00,0x00,0x00,0x03,0x80,0x00,0x00,0x1F,0xF0,0x00,0x00,0x1F,0xF8,0x00,0x00,0x3C,0x78,0x00,0x00,0x38,0x38,0x00,0x00,0x70,0x1C,0x00,0x00,0x70,0x1C,0x00,0x00,0x70,0x1C,0x00,0x00,0x70,0x1C,0x00,0x00,0x70,0x1C,0x00,0x00,0x70,0x1C,0x00,0x00,0x70,0x1C,0x00,0x00,0x70,0x1C,0x00,0x00,0x70,0x1C,0x00,0x00,0x70,0x1C,0x00,0x00,0x78,0x3C,0x00,0x00,0x38,0x38,0x00,0x00,0x3E,0xF8,0x00,0x00,0x1F,0xF0,0x00,0x00,0x0F,0xE0,0x00,0x00,0x00,0x00,0x00,0x00,0x00,0x00,0x00,0x00,0x00,0x00,0x00,0x00,0x00,0x00,0x00,0x00,0x00,0x00,0x00,0x00,0x00,0x00,0x00,0x00},
    {0x00,0x00,0x00,0x00,0x00,0x00,0x00,0x00,0x00,0x00,0x00,0x00,0x00,0x00,0x00,0x00,0x00,0x00,0x00,0x00,0x00,0x00,0x00,0x00,0x1F,0xF0,0x00,0x00,0x3F,0xF8,0x00,0x00,0x7E,0xFC,0x00,0x00,0xF0,0x1E,0x00,0x00,0xE0,0x0E,0x00,0x00,0xC0,0x0F,0x00,0x00,0xC0,0x06,0x00,0x00,0x80,0x00,0x00,0x00,0x80,0x00,0x00,0x00,0x81,0xFF,0x00,0x00,0x81,0xFF,0x00,0x00,0x81,0xFF,0x00,0x00,0x80,0x07,0x00,0x00,0xC0,0x07,0x00,0x00,0xC0,0x07,0x00,0x00,0xE0,0x0F,0x00,0x00,0xF0,0x1F,0x00,0x00,0xFE,0xFF,0x00,0x00,0x3F,0xFF,0x00,0x00,0x1F,0xE3,0x00,0x00,0x00,0x00,0x00,0x00,0x00,0x00,0x00,0x00,0x00,0x00,0x00,0x00,0x00,0x00,0x00,0x00,0x00,0x00,0x00,0x00,0x00,0x00,0x00,0x00},
    {0x00,0x00,0x00,0x00,0x00,0x00,0x00,0x00,0x00,0x00,0x00,0x00,0x00,0x00,0x00,0x00,0x00,0x00,0x00,0x00,0x03,0xC0,0x00,0x00,0x03,0x80,0x00,0x00,0x07,0x00,0x00,0x00,0x0E,0x00,0x00,0x00,0x0C,0x00,0x00,0x00,0x00,0x02,0x00,0x00,0x0F,0x0E,0x00,0x00,0x7F,0xCF,0x00,0x00,0xFF,0xFF,0x00,0x00,0xF0,0xFC,0x00,0x00,0xE0,0x70,0x00,0x00,0xC0,0x70,0x00,0x00,0xC0,0x38,0x00,0x00,0xC0,0x38,0x00,0x00,0xC0,0x38,0x00,0x00,0xC0,0x38,0x00,0x00,0xC0,0x70,0x00,0x00,0xE0,0xF0,0x00,0x00,0xF9,0xE0,0x00,0x00,0x7F,0xE0,0x00,0x00,0x3F,0x80,0x00,0x00,0x00,0x00,0x00,0x00,0x00,0x00,0x00,0x00,0x00,0x00,0x00,0x00,0x00,0x00,0x00,0x00,0x00,0x00,0x00,0x00,0x00,0x00,0x00,0x00},
    {0x00,0x00,0x00,0x00,0x00,0x00,0x00,0x00,0x00,0x00,0x00,0x00,0x00,0x00,0x00,0x00,0x00,0x00,0x00,0x00,0x03,0x80,0x00,0x00,0x07,0xC0,0x00,0x00,0x0F,0xE0,0x00,0x00,0x1C,0xE0,0x00,0x00,0x08,0x60,0x00,0x00,0x00,0x00,0x00,0x00,0x03,0x80,0x00,0x00,0x0F,0xE0,0x00,0x00,0x3F,0xF0,0x00,0x00,0x38,0x78,0x00,0x00,0x70,0x3C,0x00,0x00,0x70,0x1C,0x00,0x00,0x7F,0xFC,0x00,0x00,0x7F,0xFC,0x00,0x00,0x7F,0xFC,0x00,0x00,0x70,0x00,0x00,0x00,0x70,0x1C,0x00,0x00,0x78,0x3C,0x00,0x00,0x3E,0xF8,0x00,0x00,0x1F,0xF0,0x00,0x00,0x0F,0xE0,0x00,0x00,0x00,0x00,0x00,0x00,0x00,0x00,0x00,0x00,0x03,0x80,0x00,0x00,0x03,0x80,0x00,0x00,0x03,0x80,0x00,0x00,0x00,0x00,0x00,0x00},
    {0x00,0x00,0x00,0x00,0x00,0x00,0x00,0x00,0x00,0x00,0x00,0x00,0x00,0x00,0x00,0x00,0x00,0x00,0x00,0x00,0x00,0x00,0x00,0x00,0x00,0x00,0x00,0x00,0x00,0x00,0x00,0x00,0x00,0x00,0x00,0x00,0x00,0x00,0x00,0x00,0x00,0x00,0x00,0x00,0x30,0x18,0x00,0x00,0x70,0x1C,0x00,0x00,0x70,0x1C,0x00,0x00,0x70,0x1C,0x00,0x00,0x70,0x1C,0x00,0x00,0x70,0x1C,0x00,0x00,0x70,0x1C,0x00,0x00,0x70,0x1C,0x00,0x00,0x70,0x1C,0x00,0x00,0x70,0x1C,0x00,0x00,0x38,0x3C,0x00,0x00,0x38,0x3C,0x00,0x00,0x3E,0xFC,0x00,0x00,0x3F,0xFC,0x00,0x00,0x1F,0xD8,0x00,0x00,0x00,0x00,0x00,0x00,0x00,0x00,0x00,0x00,0x00,0x00,0x00,0x00,0x00,0x00,0x00,0x00,0x00,0x00,0x00,0x00,0x00,0x00,0x00,0x00},
    {0x00,0x00,0x00,0x00,0x00,0x00,0x00,0x00,0x00,0x00,0x00,0x00,0x00,0x00,0x00,0x00,0x00,0x00,0x00,0x00,0x00,0x00,0x00,0x00,0xE0,0x07,0x00,0x00,0xF0,0x07,0x00,0x00,0xF8,0x07,0x00,0x00,0xF8,0x07,0x00,0x00,0xFC,0x07,0x00,0x00,0xFE,0x07,0x00,0x00,0xEE,0x07,0x00,0x00,0xEF,0x07,0x00,0x00,0xE7,0x87,0x00,0x00,0xE3,0x87,0x00,0x00,0xE3,0xC7,0x00,0x00,0xE1,0xC7,0x00,0x00,0xE1,0xE7,0x00,0x00,0xE0,0xF7,0x00,0x00,0xE0,0x7F,0x00,0x00,0xE0,0x7F,0x00,0x00,0xE0,0x3F,0x00,0x00,0xE0,0x1F,0x00,0x00,0xE0,0x1F,0x00,0x00,0xE0,0x0F,0x00,0x00,0x00,0x00,0x00,0x00,0x00,0x00,0x00,0x00,0x00,0x00,0x00,0x00,0x00,0x00,0x00,0x00,0x00,0x00,0x00,0x00,0x00,0x00,0x00,0x00},
    {0x00,0x00,0x00,0x00,0x00,0x00,0x00,0x00,0x00,0x00,0x00,0x00,0x00,0x00,0x00,0x00,0x00,0x00,0x00,0x00,0x03,0x80,0x00,0x00,0x07,0xC0,0x00,0x00,0x07,0xE0,0x00,0x00,0x0E,0xF0,0x00,0x00,0x0C,0x60,0x00,0x00,0x00,0x00,0x00,0x00,0x03,0xC0,0x00,0x00,0x1F,0xF0,0x00,0x00,0x3F,0xF8,0x00,0x00,0x3C,0x3C,0x00,0x00,0x78,0x1C,0x00,0x00,0x70,0x1C,0x00,0x00,0x70,0x0E,0x00,0x00,0x70,0x0E,0x00,0x00,0x70,0x0E,0x00,0x00,0x70,0x0E,0x00,0x00,0x70,0x1C,0x00,0x00,0x78,0x3C,0x00,0x00,0x3E,0x78,0x00,0x00,0x1F,0xF8,0x00,0x00,0x0F,0xE0,0x00,0x00,0x00,0x00,0x00,0x00,0x00,0x00,0x00,0x00,0x00,0x00,0x00,0x00,0x00,0x00,0x00,0x00,0x00,0x00,0x00,0x00,0x00,0x00,0x00,0x00},
    {0x00,0x00,0x00,0x00,0x00,0x00,0x00,0x00,0x00,0x00,0x00,0x00,0x00,0x00,0x00,0x00,0x00,0x00,0x00,0x00,0x00,0x00,0x00,0x00,0x7C,0xC0,0x00,0x00,0x7F,0xC0,0x00,0x00,0xE7,0x80,0x00,0x00,0x00,0x00,0x00,0x00,0x00,0x00,0x00,0x00,0xC0,0x67,0x00,0x00,0xC0,0x6F,0x00,0x00,0xC0,0x7F,0x00,0x00,0xC0,0x7C,0x00,0x00,0xC0,0x70,0x00,0x00,0xC0,0x60,0x00,0x00,0xC0,0x60,0x00,0x00,0xC0,0x60,0x00,0x00,0xC0,0x60,0x00,0x00,0xC0,0x60,0x00,0x00,0xC0,0xE0,0x00,0x00,0xE0,0xE0,0x00,0x00,0xF3,0xE0,0x00,0x00,0xFF,0xE0,0x00,0x00,0x7F,0x60,0x00,0x00,0x00,0x00,0x00,0x00,0x00,0x00,0x00,0x00,0x00,0x00,0x00,0x00,0x00,0x00,0x00,0x00,0x00,0x00,0x00,0x00,0x00,0x00,0x00,0x00},
    {0x00,0x00,0x00,0x00,0x00,0x00,0x00,0x00,0x00,0x00,0x00,0x00,0x00,0x00,0x00,0x00,0x00,0x00,0x00,0x00,0x00,0x00,0x00,0x00,0x1F,0xE0,0x00,0x00,0x3F,0xF8,0x00,0x00,0xFF,0xFC,0x00,0x00,0xF0,0x3E,0x00,0x00,0xE0,0x0E,0x00,0x00,0xC0,0x0F,0x00,0x00,0xC0,0x07,0x00,0x00,0x80,0x07,0x00,0x00,0x80,0x07,0x00,0x00,0x80,0x03,0x00,0x00,0x80,0x03,0x00,0x00,0x80,0x07,0x00,0x00,0x80,0x07,0x00,0x00,0xC0,0x07,0x00,0x00,0xC0,0xCF,0x00,0x00,0xE0,0xFE,0x00,0x00,0xF0,0xFE,0x00,0x00,0xFE,0xFC,0x00,0x00,0x3F,0xFE,0x00,0x00,0x1F,0xFF,0x00,0x00,0x00,0x07,0x00,0x00,0x00,0x00,0x00,0x00,0x00,0x00,0x00,0x00,0x00,0x00,0x00,0x00,0x00,0x00,0x00,0x00,0x00,0x00,0x00,0x00},
    {0x00,0x00,0x00,0x00,0x00,0x00,0x00,0x00,0x00,0x00,0x00,0x00,0x00,0x00,0x00,0x00,0x00,0x00,0x00,0x00,0x00,0x00,0x00,0x00,0x01,0x80,0x00,0x00,0x01,0x80,0x00,0x00,0x01,0x80,0x00,0x00,0x01,0x80,0x00,0x00,0x01,0x80,0x00,0x00,0x01,0x80,0x00,0x00,0x01,0x80,0x00,0x00,0x01,0x80,0x00,0x00,0x01,0x80,0x00,0x00,0x01,0x80,0x00,0x00,0x01,0x80,0x00,0x00,0x01,0x80,0x00,0x00,0x01,0x80,0x00,0x00,0x01,0x80,0x00,0x00,0x01,0x80,0x00,0x00,0x01,0x80,0x00,0x00,0x01,0x80,0x00,0x00,0x01,0x80,0x00,0x00,0x01,0x80,0x00,0x00,0x01,0x80,0x00,0x00,0x00,0x00,0x00,0x00,0x00,0x00,0x00,0x00,0x00,0x00,0x00,0x00,0x00,0x00,0x00,0x00,0x00,0x00,0x00,0x00,0x00,0x00,0x00,0x00},
    {0x00,0x00,0x00,0x00,0x00,0x00,0x00,0x00,0x00,0x00,0x00,0x00,0x00,0x00,0x00,0x00,0x00,0x00,0x00,0x00,0x00,0x00,0x00,0x00,0x00,0x00,0x00,0x00,0x00,0x00,0x00,0x00,0x00,0x00,0x00,0x00,0x00,0x00,0x00,0x00,0x00,0x00,0x00,0x00,0x07,0xC0,0x00,0x00,0x1F,0xF0,0x00,0x00,0x3F,0xF8,0x00,0x00,0x38,0x78,0x00,0x00,0x70,0x38,0x00,0x00,0x00,0x38,0x00,0x00,0x03,0xF8,0x00,0x00,0x1F,0xF8,0x00,0x00,0x7F,0x38,0x00,0x00,0x78,0x38,0x00,0x00,0x70,0x38,0x00,0x00,0x70,0x78,0x00,0x00,0x79,0xF8,0x00,0x00,0x7F,0xFC,0x00,0x00,0x3F,0x9C,0x00,0x00,0x00,0x00,0x00,0x00,0x00,0x00,0x00,0x00,0x03,0x80,0x00,0x00,0x03,0x80,0x00,0x00,0x03,0x80,0x00,0x00,0x00,0x00,0x00,0x00},
    {0x00,0x00,0x00,0x00,0x00,0x00,0x00,0x00,0x00,0x00,0x00,0x00,0x00,0x00,0x00,0x00,0x00,0x00,0x00,0x00,0x00,0x00,0x00,0x00,0xE0,0x07,0x00,0x00,0xE0,0x07,0x00,0x00,0xE0,0x07,0x00,0x00,0xE0,0x07,0x00,0x00,0xE0,0x07,0x00,0x00,0xE0,0x07,0x00,0x00,0xE0,0x07,0x00,0x00,0xE0,0x07,0x00,0x00,0xFF,0xFF,0x00,0x00,0xFF,0xFF,0x00,0x00,0xFF,0xFF,0x00,0x00,0xE0,0x0F,0x00,0x00,0xE0,0x07,0x00,0x00,0xE0,0x07,0x00,0x00,0xE0,0x07,0x00,0x00,0xE0,0x07,0x00,0x00,0xE0,0x07,0x00,0x00,0xE0,0x07,0x00,0x00,0xE0,0x07,0x00,0x00,0xE0,0x07,0x00,0x00,0x00,0x00,0x00,0x00,0x00,0x00,0x00,0x00,0x00,0x00,0x00,0x00,0x00,0x00,0x00,0x00,0x00,0x00,0x00,0x00,0x00,0x00,0x00,0x00},
    {0x00,0x00,0x00,0x00,0x00,0x00,0x00,0x00,0x00,0x00,0x00,0x00,0x00,0x00,0x00,0x00,0x07,0x80,0x00,0x00,0x07,0xC0,0x00,0x00,0x00,0xC0,0x00,0x00,0x01,0xC0,0x00,0x00,0x03,0x80,0x00,0x00,0x03,0x00,0x00,0x00,0x00,0x00,0x00,0x00,0x30,0x18,0x00,0x00,0x70,0x1C,0x00,0x00,0x70,0x1C,0x00,0x00,0x70,0x1C,0x00,0x00,0x70,0x1C,0x00,0x00,0x70,0x1C,0x00,0x00,0x70,0x1C,0x00,0x00,0x70,0x1C,0x00,0x00,0x70,0x1C,0x00,0x00,0x70,0x1C,0x00,0x00,0x38,0x3C,0x00,0x00,0x38,0x3C,0x00,0x00,0x3E,0xFC,0x00,0x00,0x3F,0xFC,0x00,0x00,0x1F,0xD8,0x00,0x00,0x00,0x00,0x00,0x00,0x00,0x00,0x00,0x00,0x00,0x00,0x00,0x00,0x00,0x00,0x00,0x00,0x00,0x00,0x00,0x00,0x00,0x00,0x00,0x00},
    {0x00,0x00,0x00,0x00,0x00,0x00,0x00,0x00,0x00,0x00,0x00,0x00,0x00,0x00,0x00,0x00,0x00,0x00,0x00,0x00,0x00,0xE0,0x00,0x00,0x01,0xE0,0x00,0x00,0x01,0xC0,0x00,0x00,0x03,0x80,0x00,0x00,0x03,0x00,0x00,0x00,0x00,0x00,0x00,0x00,0x03,0xC0,0x00,0x00,0x1F,0xF0,0x00,0x00,0x3F,0xF8,0x00,0x00,0x3C,0x3C,0x00,0x00,0x78,0x1C,0x00,0x00,0x70,0x1C,0x00,0x00,0x70,0x0E,0x00,0x00,0x70,0x0E,0x00,0x00,0x70,0x0E,0x00,0x00,0x70,0x0E,0x00,0x00,0x70,0x1C,0x00,0x00,0x78,0x3C,0x00,0x00,0x3E,0x78,0x00,0x00,0x1F,0xF8,0x00,0x00,0x0F,0xE0,0x00,0x00,0x00,0x00,0x00,0x00,0x00,0x00,0x00,0x00,0x00,0x00,0x00,0x00,0x00,0x00,0x00,0x00,0x00,0x00,0x00,0x00,0x00,0x00,0x00,0x00},
    {0x00,0x00,0x00,0x00,0x00,0x00,0x00,0x00,0x00,0x00,0x00,0x00,0x00,0x00,0x00,0x00,0x00,0x00,0x00,0x00,0x00,0x00,0x00,0x00,0x00,0x00,0x00,0x00,0x00,0x00,0x00,0x00,0x00,0x00,0x00,0x00,0x00,0x00,0x00,0x00,0x00,0x00,0x00,0x00,0x03,0xC0,0x00,0x00,0x1F,0xF0,0x00,0x00,0x3F,0xF8,0x00,0x00,0x3C,0x38,0x00,0x00,0x78,0x3C,0x00,0x00,0x70,0x00,0x00,0x00,0x70,0x00,0x00,0x00,0x70,0x00,0x00,0x00,0x70,0x00,0x00,0x00,0x70,0x18,0x00,0x00,0x70,0x3C,0x00,0x00,0x78,0x38,0x00,0x00,0x3E,0x78,0x00,0x00,0x1F,0xF0,0x00,0x00,0x0F,0xE0,0x00,0x00,0x00,0x00,0x00,0x00,0x00,0x00,0x00,0x00,0x00,0x00,0x00,0x00,0x00,0x00,0x00,0x00,0x00,0x00,0x00,0x00,0x00,0x00,0x00,0x00},
    {0x00,0x00,0x00,0x00,0x00,0x00,0x00,0x00,0x00,0x00,0x00,0x00,0x00,0x00,0x00,0x00,0x00,0x00,0x00,0x00,0x00,0x00,0x00,0x00,0xFF,0xE0,0x00,0x00,0xFF,0xF8,0x00,0x00,0xFF,0xFC,0x00,0x00,0xE0,0x3C,0x00,0x00,0xE0,0x1E,0x00,0x00,0xE0,0x0E,0x00,0x00,0xE0,0x1C,0x00,0x00,0xE0,0x1C,0x00,0x00,0xFF,0xFC,0x00,0x00,0xFF,0xF8,0x00,0x00,0xFF,0xFC,0x00,0x00,0xE0,0x3E,0x00,0x00,0xE0,0x0E,0x00,0x00,0xE0,0x0E,0x00,0x00,0xE0,0x0F,0x00,0x00,0xE0,0x0E,0x00,0x00,0xE0,0x1E,0x00,0x00,0xFF,0xFE,0x00,0x00,0xFF,0xFC,0x00,0x00,0xFF,0xF0,0x00,0x00,0x00,0x00,0x00,0x00,0x00,0x00,0x00,0x00,0x00,0x00,0x00,0x00,0x00,0x00,0x00,0x00,0x00,0x00,0x00,0x00,0x00,0x00,0x00,0x00},
    {0x00,0x00,0x00,0x00,0x00,0x00,0x00,0x00,0x00,0x00,0x00,0x00,0x00,0x00,0x00,0x00,0x00,0x00,0x00,0x00,0x07,0x80,0x00,0x00,0x07,0xC0,0x00,0x00,0x0F,0xC0,0x00,0x00,0x1C,0xE0,0x00,0x00,0x18,0x60,0x00,0x00,0x00,0x00,0x00,0x00,0x07,0xC0,0x00,0x00,0x1F,0xF0,0x00,0x00,0x3F,0xF8,0x00,0x00,0x38,0x78,0x00,0x00,0x70,0x38,0x00,0x00,0x00,0x38,0x00,0x00,0x03,0xF8,0x00,0x00,0x1F,0xF8,0x00,0x00,0x7F,0x38,0x00,0x00,0x78,0x38,0x00,0x00,0x70,0x38,0x00,0x00,0x70,0x78,0x00,0x00,0x79,0xF8,0x00,0x00,0x7F,0xFC,0x00,0x00,0x3F,0x9C,0x00,0x00,0x00,0x00,0x00,0x00,0x00,0x00,0x00,0x00,0x03,0x80,0x00,0x00,0x03,0x80,0x00,0x00,0x03,0x80,0x00,0x00,0x00,0x00,0x00,0x00},
    {0x00,0x00,0x00,0x00,0x00,0x00,0x00,0x00,0x00,0x00,0x00,0x00,0x00,0x00,0x00,0x00,0x00,0x00,0x00,0x00,0x00,0x00,0x00,0x00,0xFF,0xFF,0x00,0x00,0xFF,0xFF,0x00,0x00,0xFF,0xFF,0x00,0x00,0x03,0x80,0x00,0x00,0x03,0x80,0x00,0x00,0x03,0x80,0x00,0x00,0x03,0x80,0x00,0x00,0x03,0x80,0x00,0x00,0x03,0x80,0x00,0x00,0x03,0x80,0x00,0x00,0x03,0x80,0x00,0x00,0x03,0x80,0x00,0x00,0x03,0x80,0x00,0x00,0x03,0x80,0x00,0x00,0x03,0x80,0x00,0x00,0x03,0x80,0x00,0x00,0x03,0x80,0x00,0x00,0x03,0x80,0x00,0x00,0x03,0x80,0x00,0x00,0x03,0x80,0x00,0x00,0x00,0x00,0x00,0x00,0x00,0x00,0x00,0x00,0x00,0x00,0x00,0x00,0x00,0x00,0x00,0x00,0x00,0x00,0x00,0x00,0x00,0x00,0x00,0x00},
    {0x00,0xF0,0x00,0x00,0x00,0xE0,0x00,0x00,0x01,0xC0,0x00,0x00,0x01,0xC0,0x00,0x00,0x03,0x80,0x00,0x00,0x18,0x30,0x00,0x00,0x1C,0x70,0x00,0x00,0x0F,0xE0,0x00,0x00,0x0F,0xE0,0x00,0x00,0x01,0x00,0x00,0x00,0x00,0x00,0x00,0x00,0x07,0xC0,0x00,0x00,0x1F,0xF0,0x00,0x00,0x3F,0xF8,0x00,0x00,0x38,0x78,0x00,0x00,0x70,0x38,0x00,0x00,0x00,0x38,0x00,0x00,0x03,0xF8,0x00,0x00,0x1F,0xF8,0x00,0x00,0x7F,0x38,0x00,0x00,0x78,0x38,0x00,0x00,0x70,0x38,0x00,0x00,0x70,0x78,0x00,0x00,0x79,0xF8,0x00,0x00,0x7F,0xFC,0x00,0x00,0x3F,0x9C,0x00,0x00,0x00,0x00,0x00,0x00,0x00,0x00,0x00,0x00,0x00,0x00,0x00,0x00,0x00,0x00,0x00,0x00,0x00,0x00,0x00,0x00,0x00,0x00,0x00,0x00},
    {0x00,0x00,0x00,0x00,0x00,0x00,0x00,0x00,0x00,0x00,0x00,0x00,0x00,0x00,0x00,0x00,0x00,0x00,0x00,0x00,0x00,0x00,0x00,0x00,0xE0,0x0F,0x00,0x00,0xE0,0x1E,0x00,0x00,0xE0,0x3C,0x00,0x00,0xE0,0x78,0x00,0x00,0xE0,0xF0,0x00,0x00,0xE1,0xE0,0x00,0x00,0xE3,0xC0,0x00,0x00,0xE7,0x80,0x00,0x00,0xEF,0x00,0x00,0x00,0xFF,0x80,0x00,0x00,0xFF,0xC0,0x00,0x00,0xF9,0xE0,0x00,0x00,0xF1,0xE0,0x00,0x00,0xE0,0xF0,0x00,0x00,0xE0,0x78,0x00,0x00,0xE0,0x78,0x00,0x00,0xE0,0x3C,0x00,0x00,0xE0,0x1E,0x00,0x00,0xE0,0x0F,0x00,0x00,0xE0,0x0F,0x00,0x00,0x00,0x00,0x00,0x00,0x00,0x00,0x00,0x00,0x00,0x00,0x00,0x00,0x00,0x00,0x00,0x00,0x00,0x00,0x00,0x00,0x00,0x00,0x00,0x00},
    {0x00,0x00,0x00,0x00,0x00,0x00,0x00,0x00,0x00,0x00,0x00,0x00,0x00,0x00,0x00,0x00,0x1E,0x00,0x00,0x00,0x1F,0x00,0x00,0x00,0x03,0x00,0x00,0x00,0x07,0x00,0x00,0x00,0x0E,0x00,0x00,0x00,0x0C,0x00,0x00,0x00,0x00,0x00,0x00,0x00,0xC0,0x67,0x00,0x00,0xC0,0x6F,0x00,0x00,0xC0,0x7F,0x00,0x00,0xC0,0x7C,0x00,0x00,0xC0,0x70,0x00,0x00,0xC0,0x60,0x00,0x00,0xC0,0x60,0x00,0x00,0xC0,0x60,0x00,0x00,0xC0,0x60,0x00,0x00,0xC0,0x60,0x00,0x00,0xC0,0xE0,0x00,0x00,0xE0,0xE0,0x00,0x00,0xF3,0xE0,0x00,0x00,0xFF,0xE0,0x00,0x00,0x7F,0x60,0x00,0x00,0x00,0x00,0x00,0x00,0x00,0x00,0x00,0x00,0x00,0x00,0x00,0x00,0x00,0x00,0x00,0x00,0x00,0x00,0x00,0x00,0x00,0x00,0x00,0x00},
    {0x00,0x00,0x00,0x00,0x00,0x00,0x00,0x00,0x00,0x00,0x00,0x00,0x00,0x00,0x00,0x00,0x00,0x00,0x00,0x00,0x00,0x00,0x00,0x00,0x60,0x00,0x00,0x00,0x60,0x00,0x00,0x00,0x60,0x00,0x00,0x00,0x60,0x00,0x00,0x00,0x60,0x00,0x00,0x00,0x63,0xC0,0x00,0x00,0x7F,0xF0,0x00,0x00,0x7F,0xF8,0x00,0x00,0x78,0x78,0x00,0x00,0x70,0x3C,0x00,0x00,0x70,0x1C,0x00,0x00,0x60,0x1C,0x00,0x00,0x60,0x1C,0x00,0x00,0x60,0x1C,0x00,0x00,0x70,0x1C,0x00,0x00,0x70,0x1C,0x00,0x00,0x78,0x3C,0x00,0x00,0x7E,0xF8,0x00,0x00,0x7F,0xF0,0x00,0x00,0x6F,0xE0,0x00,0x00,0x00,0x00,0x00,0x00,0x00,0x00,0x00,0x00,0x00,0x00,0x00,0x00,0x00,0x00,0x00,0x00,0x00,0x00,0x00,0x00,0x00,0x00,0x00,0x00},
    {0x00,0x00,0x00,0x00,0x00,0x00,0x00,0x00,0x00,0x00,0x00,0x00,0x00,0x00,0x00,0x00,0x00,0x00,0x00,0x00,0x00,0x00,0x00,0x00,0x7F,0xF0,0x00,0x00,0x7F,0xFC,0x00,0x00,0x7F,0xFE,0x00,0x00,0x70,0x1E,0x00,0x00,0x70,0x0F,0x00,0x00,0x70,0x0F,0x00,0x00,0x70,0x07,0x00,0x00,0x70,0x0F,0x00,0x00,0x70,0x1E,0x00,0x00,0x7F,0xFE,0x00,0x00,0x7F,0xFC,0x00,0x00,0x7F,0xF8,0x00,0x00,0x70,0x00,0x00,0x00,0x70,0x00,0x00,0x00,0x70,0x00,0x00,0x00,0x70,0x00,0x00,0x00,0x70,0x00,0x00,0x00,0x70,0x00,0x00,0x00,0x70,0x00,0x00,0x00,0x70,0x00,0x00,0x00,0x00,0x00,0x00,0x00,0x00,0x00,0x00,0x00,0x00,0x00,0x00,0x00,0x00,0x00,0x00,0x00,0x00,0x00,0x00,0x00,0x00,0x00,0x00,0x00},
    {0x00,0x00,0x00,0x00,0x00,0x00,0x00,0x00,0x00,0x00,0x00,0x00,0x00,0x00,0x00,0x00,0x00,0x00,0x00,0x00,0x00,0x00,0x00,0x00,0x1F,0x30,0x00,0x00,0x1F,0xF0,0x00,0x00,0x39,0xE0,0x00,0x00,0x00,0x00,0x00,0x00,0x00,0x00,0x00,0x00,0x07,0xC0,0x00,0x00,0x1F,0xF0,0x00,0x00,0x3F,0xF8,0x00,0x00,0x38,0x78,0x00,0x00,0x70,0x38,0x00,0x00,0x00,0x38,0x00,0x00,0x03,0xF8,0x00,0x00,0x1F,0xF8,0x00,0x00,0x7F,0x38,0x00,0x00,0x78,0x38,0x00,0x00,0x70,0x38,0x00,0x00,0x70,0x78,0x00,0x00,0x79,0xF8,0x00,0x00,0x7F,0xFC,0x00,0x00,0x3F,0x9C,0x00,0x00,0x00,0x00,0x00,0x00,0x00,0x00,0x00,0x00,0x00,0x00,0x00,0x00,0x00,0x00,0x00,0x00,0x00,0x00,0x00,0x00,0x00,0x00,0x00,0x00},
    {0x00,0x00,0x00,0x00,0x00,0x00,0x00,0x00,0x00,0xF0,0x00,0x00,0x00,0x78,0x00,0x00,0x00,0x38,0x00,0x00,0x03,0x9C,0x00,0x00,0x07,0xC0,0x00,0x00,0x0F,0xE0,0x00,0x00,0x0E,0xE0,0x00,0x00,0x0C,0x60,0x00,0x00,0x00,0x00,0x00,0x00,0x07,0xC0,0x00,0x00,0x1F,0xF0,0x00,0x00,0x3F,0xF8,0x00,0x00,0x7C,0x3C,0x00,0x00,0x70,0x1C,0x00,0x00,0x70,0x1C,0x00,0x00,0x70,0x1C,0x00,0x00,0x70,0x1E,0x00,0x00,0x70,0x1C,0x00,0x00,0x70,0x1C,0x00,0x00,0x70,0x1C,0x00,0x00,0x78,0x3C,0x00,0x00,0x3E,0xF8,0x00,0x00,0x1F,0xF0,0x00,0x00,0x0F,0xE0,0x00,0x00,0x00,0x00,0x00,0x00,0x00,0x00,0x00,0x00,0x00,0x00,0x00,0x00,0x00,0x00,0x00,0x00,0x00,0x00,0x00,0x00,0x00,0x00,0x00,0x00},
    {0x00,0x00,0x00,0x00,0x00,0x00,0x00,0x00,0x00,0x00,0x00,0x00,0x00,0x00,0x00,0x00,0x00,0x00,0x00,0x00,0x00,0x00,0x00,0x00,0x00,0x00,0x00,0x00,0x00,0x00,0x00,0x00,0x00,0x00,0x00,0x00,0x00,0x00,0x00,0x00,0x00,0x00,0x00,0x00,0xC0,0x67,0x00,0x00,0xC0,0x6F,0x00,0x00,0xC0,0x7F,0x00,0x00,0xC0,0x7C,0x00,0x00,0xC0,0x70,0x00,0x00,0xC0,0x60,0x00,0x00,0xC0,0x60,0x00,0x00,0xC0,0x60,0x00,0x00,0xC0,0x60,0x00,0x00,0xC0,0x60,0x00,0x00,0xC0,0xE0,0x00,0x00,0xE0,0xE0,0x00,0x00,0xF3,0xE0,0x00,0x00,0xFF,0xE0,0x00,0x00,0x7F,0x60,0x00,0x00,0x00,0x00,0x00,0x00,0x00,0x00,0x00,0x00,0x00,0x00,0x00,0x00,0x00,0x00,0x00,0x00,0x00,0x00,0x00,0x00,0x00,0x00,0x00,0x00},
    {0x00,0x00,0x00,0x00,0x00,0x00,0x00,0x00,0x00,0x00,0x00,0x00,0x00,0x00,0x00,0x00,0x00,0x00,0x00,0x00,0x00,0x00,0x00,0x00,0x00,0x00,0x00,0x00,0x00,0x00,0x00,0x00,0x00,0x00,0x00,0x00,0x00,0x00,0x00,0x00,0x00,0x00,0x00,0x00,0x04,0x30,0x00,0x00,0x0E,0xF0,0x00,0x00,0x0F,0xF0,0x00,0x00,0x0F,0xC0,0x00,0x00,0x0F,0x80,0x00,0x00,0x0F,0x00,0x00,0x00,0x0E,0x00,0x00,0x00,0x0E,0x00,0x00,0x00,0x0E,0x00,0x00,0x00,0x0E,0x00,0x00,0x00,0x0E,0x00,0x00,0x00,0x0E,0x00,0x00,0x00,0x0E,0x00,0x00,0x00,0x0E,0x00,0x00,0x00,0x0E,0x00,0x00,0x00,0x00,0x00,0x00,0x00,0x00,0x00,0x00,0x00,0x00,0x00,0x00,0x00,0x00,0x00,0x00,0x00,0x00,0x00,0x00,0x00,0x00,0x00,0x00,0x00},
    {0x00,0x00,0x00,0x00,0x00,0x00,0x00,0x00,0x00,0x00,0x00,0x00,0x00,0x00,0x00,0x00,0x00,0x00,0x00,0x00,0x00,0x00,0x00,0x00,0x03,0x80,0x00,0x00,0x07,0xC0,0x00,0x00,0x07,0xC0,0x00,0x00,0x07,0xC0,0x00,0x00,0x07,0xC0,0x00,0x00,0x0F,0xE0,0x00,0x00,0x0E,0xE1,0x00,0x00,0x0E,0xE1,0x00,0x00,0x0C,0xE1,0x00,0x00,0x1C,0x71,0x00,0x00,0x9C,0x73,0x00,0x00,0x9C,0x73,0x00,0x00,0x98,0x33,0x00,0x00,0xB8,0x3B,0x00,0x00,0xF8,0x3F,0x00,0x00,0xF0,0x3F,0x00,0x00,0xF0,0x1F,0x00,0x00,0xF0,0x1E,0x00,0x00,0xF0,0x1E,0x00,0x00,0xE0,0x1E,0x00,0x00,0x00,0x00,0x00,0x00,0x00,0x00,0x00,0x00,0x00,0x00,0x00,0x00,0x00,0x00,0x00,0x00,0x00,0x00,0x00,0x00,0x00,0x00,0x00,0x00},
    {0x00,0x00,0x00,0x00,0x00,0x00,0x00,0x00,0x00,0x00,0x00,0x00,0x00,0x00,0x00,0x00,0x00,0x00,0x00,0x00,0x00,0x00,0x00,0x00,0x3F,0xFE,0x00,0x00,0x3F,0xFE,0x00,0x00,0x3F,0xFE,0x00,0x00,0x38,0x00,0x00,0x00,0x38,0x00,0x00,0x00,0x38,0x00,0x00,0x00,0x38,0x00,0x00,0x00,0x38,0x00,0x00,0x00,0x3F,0xF8,0x00,0x00,0x3F,0xFC,0x00,0x00,0x3F,0xFC,0x00,0x00,0x38,0x00,0x00,0x00,0x38,0x00,0x00,0x00,0x38,0x00,0x00,0x00,0x38,0x00,0x00,0x00,0x38,0x00,0x00,0x00,0x38,0x00,0x00,0x00,0x38,0x00,0x00,0x00,0x38,0x00,0x00,0x00,0x38,0x00,0x00,0x00,0x00,0x00,0x00,0x00,0x00,0x00,0x00,0x00,0x00,0x00,0x00,0x00,0x00,0x00,0x00,0x00,0x00,0x00,0x00,0x00,0x00,0x00,0x00,0x00},
    {0x00,0x00,0x00,0x00,0x00,0x00,0x00,0x00,0x00,0x00,0x00,0x00,0x00,0x00,0x00,0x00,0x00,0x00,0x00,0x00,0x00,0x00,0x00,0x00,0x00,0x00,0x00,0x00,0x00,0x00,0x00,0x00,0x00,0x00,0x00,0x00,0x00,0x00,0x00,0x00,0x00,0x00,0x00,0x00,0x0F,0x88,0x00,0x00,0x3F,0xF8,0x00,0x00,0x7F,0xF8,0x00,0x00,0x78,0x78,0x00,0x00,0xF0,0x38,0x00,0x00,0xE0,0x38,0x00,0x00,0xE0,0x18,0x00,0x00,0xE0,0x18,0x00,0x00,0xE0,0x18,0x00,0x00,0xE0,0x38,0x00,0x00,0xE0,0x38,0x00,0x00,0xF0,0x78,0x00,0x00,0x7D,0xF8,0x00,0x00,0x3F,0xF8,0x00,0x00,0x1F,0xD8,0x00,0x00,0x00,0x18,0x00,0x00,0x00,0x18,0x00,0x00,0x00,0x18,0x00,0x00,0x00,0x18,0x00,0x00,0x00,0x18,0x00,0x00,0x00,0x00,0x00,0x00},
    {0x00,0x00,0x00,0x00,0x00,0x00,0x00,0x00,0x00,0x00,0x00,0x00,0x00,0x00,0x00,0x00,0x00,0x00,0x00,0x00,0x01,0xE0,0x00,0x00,0x01,0xC0,0x00,0x00,0x03,0x80,0x00,0x00,0x03,0x80,0x00,0x00,0x02,0x00,0x00,0x00,0x00,0x00,0x00,0x00,0x03,0x80,0x00,0x00,0x0F,0xE0,0x00,0x00,0x3F,0xF0,0x00,0x00,0x38,0x78,0x00,0x00,0x70,0x3C,0x00,0x00,0x70,0x1C,0x00,0x00,0x7F,0xFC,0x00,0x00,0x7F,0xFC,0x00,0x00,0x7F,0xFC,0x00,0x00,0x70,0x00,0x00,0x00,0x70,0x1C,0x00,0x00,0x78,0x3C,0x00,0x00,0x3E,0xF8,0x00,0x00,0x1F,0xF0,0x00,0x00,0x0F,0xE0,0x00,0x00,0x00,0x00,0x00,0x00,0x00,0x00,0x00,0x00,0x00,0x00,0x00,0x00,0x00,0x00,0x00,0x00,0x00,0x00,0x00,0x00,0x00,0x00,0x00,0x00},
    {0x00,0x00,0x00,0x00,0x00,0x00,0x00,0x00,0x00,0x00,0x00,0x00,0x00,0x00,0x00,0x00,0x00,0x00,0x00,0x00,0x00,0x00,0x00,0x00,0x00,0x00,0x00,0x00,0x00,0x00,0x00,0x00,0x00,0x00,0x00,0x00,0x00,0x00,0x00,0x00,0x00,0x00,0x00,0x00,0x1C,0x1E,0x00,0x00,0x7F,0x7F,0x00,0x00,0xFF,0xFF,0x00,0x00,0xC7,0xC3,0x00,0x00,0x83,0x81,0x00,0x00,0x03,0x81,0x00,0x00,0x03,0x81,0x00,0x00,0x03,0x81,0x00,0x00,0x03,0x81,0x00,0x00,0x03,0x81,0x00,0x00,0x03,0x81,0x00,0x00,0x03,0x81,0x00,0x00,0x03,0x81,0x00,0x00,0x03,0x81,0x00,0x00,0x03,0x81,0x00,0x00,0x00,0x00,0x00,0x00,0x00,0x00,0x00,0x00,0x00,0x00,0x00,0x00,0x00,0x00,0x00,0x00,0x00,0x00,0x00,0x00,0x00,0x00,0x00,0x00},
    {0x00,0x20,0x00,0x00,0x00,0x7C,0x00,0x00,0x00,0x1C,0x00,0x00,0x00,0x0C,0x00,0x00,0x00,0x38,0x00,0x00,0x03,0xB0,0x00,0x00,0x07,0xC0,0x00,0x00,0x0F,0xE0,0x00,0x00,0x1E,0xE0,0x00,0x00,0x08,0x60,0x00,0x00,0x00,0x00,0x00,0x00,0x03,0x80,0x00,0x00,0x0F,0xE0,0x00,0x00,0x3F,0xF0,0x00,0x00,0x38,0x78,0x00,0x00,0x70,0x3C,0x00,0x00,0x70,0x1C,0x00,0x00,0x7F,0xFC,0x00,0x00,0x7F,0xFC,0x00,0x00,0x7F,0xFC,0x00,0x00,0x70,0x00,0x00,0x00,0x70,0x1C,0x00,0x00,0x78,0x3C,0x00,0x00,0x3E,0xF8,0x00,0x00,0x1F,0xF0,0x00,0x00,0x0F,0xE0,0x00,0x00,0x00,0x00,0x00,0x00,0x00,0x00,0x00,0x00,0x00,0x00,0x00,0x00,0x00,0x00,0x00,0x00,0x00,0x00,0x00,0x00,0x00,0x00,0x00,0x00},
    {0x00,0x00,0x00,0x00,0x00,0x00,0x00,0x00,0x00,0x00,0x00,0x00,0x00,0x00,0x00,0x00,0x00,0x00,0x00,0x00,0x00,0x00,0x00,0x00,0x00,0x00,0x00,0x00,0x00,0x00,0x00,0x00,0x00,0x00,0x00,0x00,0x00,0x00,0x00,0x00,0x00,0x00,0x00,0x00,0x07,0xC0,0x00,0x00,0x1F,0xF0,0x00,0x00,0x3F,0xF8,0x00,0x00,0x7C,0x3C,0x00,0x00,0x70,0x1C,0x00,0x00,0x70,0x1C,0x00,0x00,0x70,0x1C,0x00,0x00,0x70,0x1E,0x00,0x00,0x70,0x1C,0x00,0x00,0x70,0x1C,0x00,0x00,0x70,0x1C,0x00,0x00,0x78,0x3C,0x00,0x00,0x3E,0xF8,0x00,0x00,0x1F,0xF0,0x00,0x00,0x0F,0xE0,0x00,0x00,0x00,0x00,0x00,0x00,0x00,0x00,0x00,0x00,0x03,0x80,0x00,0x00,0x03,0x80,0x00,0x00,0x03,0x80,0x00,0x00,0x00,0x00,0x00,0x00},
    {0x00,0x00,0x00,0x00,0x00,0x00,0x00,0x00,0x00,0x00,0x00,0x00,0x00,0x00,0x00,0x00,0x00,0x00,0x00,0x00,0x0F,0x00,0x00,0x00,0x07,0x00,0x00,0x00,0x03,0x80,0x00,0x00,0x01,0xC0,0x00,0x00,0x00,0x80,0x00,0x00,0x00,0x00,0x00,0x00,0x01,0x80,0x00,0x00,0x01,0x80,0x00,0x00,0x01,0x80,0x00,0x00,0x01,0x80,0x00,0x00,0x01,0x80,0x00,0x00,0x01,0x80,0x00,0x00,0x01,0x80,0x00,0x00,0x01,0x80,0x00,0x00,0x01,0x80,0x00,0x00,0x01,0x80,0x00,0x00,0x01,0x80,0x00,0x00,0x01,0x80,0x00,0x00,0x01,0x80,0x00,0x00,0x01,0x80,0x00,0x00,0x01,0x80,0x00,0x00,0x00,0x00,0x00,0x00,0x00,0x00,0x00,0x00,0x00,0x00,0x00,0x00,0x00,0x00,0x00,0x00,0x00,0x00,0x00,0x00,0x00,0x00,0x00,0x00},
    {0x00,0x00,0x00,0x00,0x00,0x00,0x00,0x00,0x00,0x00,0x00,0x00,0x00,0x00,0x00,0x00,0x00,0x00,0x00,0x00,0x00,0x00,0x00,0x00,0x30,0x00,0x00,0x00,0x30,0x00,0x00,0x00,0x30,0x00,0x00,0x00,0x30,0x00,0x00,0x00,0x30,0x00,0x00,0x00,0x30,0x18,0x00,0x00,0x30,0x78,0x00,0x00,0x30,0xF0,0x00,0x00,0x31,0xE0,0x00,0x00,0x33,0xC0,0x00,0x00,0x3F,0x80,0x00,0x00,0x3F,0x80,0x00,0x00,0x3F,0xC0,0x00,0x00,0x3D,0xC0,0x00,0x00,0x39,0xE0,0x00,0x00,0x30,0xF0,0x00,0x00,0x30,0x70,0x00,0x00,0x30,0x78,0x00,0x00,0x30,0x3C,0x00,0x00,0x30,0x1C,0x00,0x00,0x00,0x00,0x00,0x00,0x00,0x00,0x00,0x00,0x00,0x00,0x00,0x00,0x00,0x00,0x00,0x00,0x00,0x00,0x00,0x00,0x00,0x00,0x00,0x00},
    {0x00,0x20,0x00,0x00,0x00,0x7C,0x00,0x00,0x00,0x1C,0x00,0x00,0x00,0x1C,0x00,0x00,0x00,0x38,0x00,0x00,0x07,0xB0,0x00,0x00,0x07,0xC0,0x00,0x00,0x0F,0xC0,0x00,0x00,0x1C,0xE0,0x00,0x00,0x18,0x60,0x00,0x00,0x00,0x00,0x00,0x00,0x07,0xC0,0x00,0x00,0x1F,0xF0,0x00,0x00,0x3F,0xF8,0x00,0x00,0x38,0x78,0x00,0x00,0x70,0x38,0x00,0x00,0x00,0x38,0x00,0x00,0x03,0xF8,0x00,0x00,0x1F,0xF8,0x00,0x00,0x7F,0x38,0x00,0x00,0x78,0x38,0x00,0x00,0x70,0x38,0x00,0x00,0x70,0x78,0x00,0x00,0x79,0xF8,0x00,0x00,0x7F,0xFC,0x00,0x00,0x3F,0x9C,0x00,0x00,0x00,0x00,0x00,0x00,0x00,0x00,0x00,0x00,0x00,0x00,0x00,0x00,0x00,0x00,0x00,0x00,0x00,0x00,0x00,0x00,0x00,0x00,0x00,0x00},
    {0x00,0x00,0x00,0x00,0x00,0x00,0x00,0x00,0x00,0x0E,0x00,0x00,0x00,0x1C,0x00,0x00,0x00,0x3C,0x00,0x00,0x03,0xB8,0x00,0x00,0x07,0xE0,0x00,0x00,0x0F,0xE0,0x00,0x00,0x0E,0xE0,0x00,0x00,0x0C,0x60,0x00,0x00,0x00,0x00,0x00,0x00,0x03,0x80,0x00,0x00,0x0F,0xE0,0x00,0x00,0x3F,0xF0,0x00,0x00,0x38,0x78,0x00,0x00,0x70,0x3C,0x00,0x00,0x70,0x1C,0x00,0x00,0x7F,0xFC,0x00,0x00,0x7F,0xFC,0x00,0x00,0x7F,0xFC,0x00,0x00,0x70,0x00,0x00,0x00,0x70,0x1C,0x00,0x00,0x78,0x3C,0x00,0x00,0x3E,0xF8,0x00,0x00,0x1F,0xF0,0x00,0x00,0x0F,0xE0,0x00,0x00,0x00,0x00,0x00,0x00,0x00,0x00,0x00,0x00,0x00,0x00,0x00,0x00,0x00,0x00,0x00,0x00,0x00,0x00,0x00,0x00,0x00,0x00,0x00,0x00},
    {0x00,0x00,0x00,0x00,0x00,0x00,0x00,0x00,0x00,0x0E,0x00,0x00,0x00,0x1C,0x00,0x00,0x00,0x3C,0x00,0x00,0x03,0xB8,0x00,0x00,0x07,0xC0,0x00,0x00,0x0F,0xE0,0x00,0x00,0x0E,0xE0,0x00,0x00,0x0C,0x60,0x00,0x00,0x00,0x00,0x00,0x00,0x07,0xC0,0x00,0x00,0x1F,0xF0,0x00,0x00,0x3F,0xF8,0x00,0x00,0x7C,0x3C,0x00,0x00,0x70,0x1C,0x00,0x00,0x70,0x1C,0x00,0x00,0x70,0x1C,0x00,0x00,0x70,0x1E,0x00,0x00,0x70,0x1C,0x00,0x00,0x70,0x1C,0x00,0x00,0x70,0x1C,0x00,0x00,0x78,0x3C,0x00,0x00,0x3E,0xF8,0x00,0x00,0x1F,0xF0,0x00,0x00,0x0F,0xE0,0x00,0x00,0x00,0x00,0x00,0x00,0x00,0x00,0x00,0x00,0x00,0x00,0x00,0x00,0x00,0x00,0x00,0x00,0x00,0x00,0x00,0x00,0x00,0x00,0x00,0x00},
    {0x00,0x00,0x00,0x00,0x00,0x00,0x00,0x00,0x00,0x00,0x00,0x00,0x00,0x00,0x00,0x00,0x00,0x00,0x00,0x00,0x00,0x00,0x00,0x00,0x0F,0xF0,0x00,0x00,0x3F,0xF8,0x00,0x00,0x7E,0xFC,0x00,0x00,0x70,0x1C,0x00,0x00,0x70,0x1E,0x00,0x00,0xF0,0x0E,0x00,0x00,0xF0,0x00,0x00,0x00,0x78,0x00,0x00,0x00,0x7F,0x80,0x00,0x00,0x3F,0xF0,0x00,0x00,0x07,0xFC,0x00,0x00,0x00,0x7E,0x00,0x00,0x00,0x1E,0x00,0x00,0xE0,0x0F,0x00,0x00,0xE0,0x0F,0x00,0x00,0xE0,0x0F,0x00,0x00,0xF0,0x0E,0x00,0x00,0x7E,0x3E,0x00,0x00,0x3F,0xFC,0x00,0x00,0x0F,0xF0,0x00,0x00,0x00,0x00,0x00,0x00,0x00,0x00,0x00,0x00,0x00,0x00,0x00,0x00,0x00,0x00,0x00,0x00,0x00,0x00,0x00,0x00,0x00,0x00,0x00,0x00},
    {0x00,0x00,0x00,0x00,0x00,0x00,0x00,0x00,0x00,0x00,0x00,0x00,0x00,0x00,0x00,0x00,0x00,0x00,0x00,0x00,0x00,0x00,0x00,0x00,0x00,0xF0,0x00,0x00,0x01,0xF0,0x00,0x00,0x01,0xF0,0x00,0x00,0x03,0x80,0x00,0x00,0x03,0x80,0x00,0x00,0x0F,0xE0,0x00,0x00,0x0F,0xF0,0x00,0x00,0x0F,0xF0,0x00,0x00,0x03,0x80,0x00,0x00,0x03,0x80,0x00,0x00,0x03,0x80,0x00,0x00,0x03,0x80,0x00,0x00,0x03,0x80,0x00,0x00,0x03,0x80,0x00,0x00,0x03,0x80,0x00,0x00,0x03,0x80,0x00,0x00,0x03,0x80,0x00,0x00,0x03,0x80,0x00,0x00,0x03,0x80,0x00,0x00,0x01,0x80,0x00,0x00,0x00,0x00,0x00,0x00,0x00,0x00,0x00,0x00,0x00,0x00,0x00,0x00,0x00,0x00,0x00,0x00,0x00,0x00,0x00,0x00,0x00,0x00,0x00,0x00},
    {0x00,0x00,0x00,0x00,0x00,0x00,0x00,0x00,0x00,0x00,0x00,0x00,0x00,0x00,0x00,0x00,0x00,0x00,0x00,0x00,0x00,0x00,0x00,0x00,0x1F,0xE0,0x00,0x00,0x3F,0xF8,0x00,0x00,0xFF,0xFC,0x00,0x00,0xF0,0x3E,0x00,0x00,0xE0,0x0E,0x00,0x00,0xC0,0x0F,0x00,0x00,0xC0,0x07,0x00,0x00,0x80,0x07,0x00,0x00,0x80,0x07,0x00,0x00,0x80,0x03,0x00,0x00,0x80,0x03,0x00,0x00,0x80,0x07,0x00,0x00,0x80,0x07,0x00,0x00,0xC0,0x07,0x00,0x00,0xC0,0x0F,0x00,0x00,0xE0,0x0E,0x00,0x00,0xF0,0x1E,0x00,0x00,0xFE,0xFC,0x00,0x00,0x3F,0xF8,0x00,0x00,0x1F,0xF0,0x00,0x00,0x00,0x00,0x00,0x00,0x00,0x00,0x00,0x00,0x00,0x00,0x00,0x00,0x00,0x00,0x00,0x00,0x00,0x00,0x00,0x00,0x00,0x00,0x00,0x00},
    {0x00,0x00,0x00,0x00,0x00,0x00,0x00,0x00,0x00,0x00,0x00,0x00,0x00,0x00,0x00,0x00,0x00,0x00,0x00,0x00,0x07,0x80,0x00,0x00,0x07,0xC0,0x00,0x00,0x0F,0xC0,0x00,0x00,0x1C,0xE0,0x00,0x00,0x18,0x60,0x00,0x00,0x00,0x00,0x00,0x00,0x03,0x80,0x00,0x00,0x0F,0xE0,0x00,0x00,0x3F,0xF0,0x00,0x00,0x38,0x78,0x00,0x00,0x70,0x3C,0x00,0x00,0x70,0x1C,0x00,0x00,0x7F,0xFC,0x00,0x00,0x7F,0xFC,0x00,0x00,0x7F,0xFC,0x00,0x00,0x70,0x00,0x00,0x00,0x70,0x1C,0x00,0x00,0x78,0x3C,0x00,0x00,0x3E,0xF8,0x00,0x00,0x1F,0xF0,0x00,0x00,0x0F,0xE0,0x00,0x00,0x00,0x00,0x00,0x00,0x00,0x00,0x00,0x00,0x00,0x00,0x00,0x00,0x00,0x00,0x00,0x00,0x00,0x00,0x00,0x00,0x00,0x00,0x00,0x00},
    {0x00,0x00,0x00,0x00,0x00,0x00,0x00,0x00,0x00,0x00,0x00,0x00,0x00,0x00,0x00,0x00,0x07,0x80,0x00,0x00,0x07,0xC0,0x00,0x00,0x00,0xC0,0x00,0x00,0x01,0xC0,0x00,0x00,0x03,0x80,0x00,0x00,0x03,0x00,0x00,0x00,0x00,0x00,0x00,0x00,0x07,0xC0,0x00,0x00,0x1F,0xF0,0x00,0x00,0x3F,0xF8,0x00,0x00,0x38,0x78,0x00,0x00,0x70,0x38,0x00,0x00,0x00,0x38,0x00,0x00,0x03,0xF8,0x00,0x00,0x1F,0xF8,0x00,0x00,0x7F,0x38,0x00,0x00,0x78,0x38,0x00,0x00,0x70,0x38,0x00,0x00,0x70,0x78,0x00,0x00,0x79,0xF8,0x00,0x00,0x7F,0xFC,0x00,0x00,0x3F,0x9C,0x00,0x00,0x00,0x00,0x00,0x00,0x00,0x00,0x00,0x00,0x00,0x00,0x00,0x00,0x00,0x00,0x00,0x00,0x00,0x00,0x00,0x00,0x00,0x00,0x00,0x00},
    {0x00,0x00,0x00,0x00,0x00,0x00,0x00,0x00,0x00,0x00,0x00,0x00,0x00,0x00,0x00,0x00,0x00,0x00,0x00,0x00,0x00,0x00,0x00,0x00,0xE0,0x07,0x00,0x00,0xE0,0x07,0x00,0x00,0xE0,0x07,0x00,0x00,0xE0,0x07,0x00,0x00,0xE0,0x07,0x00,0x00,0xE0,0x07,0x00,0x00,0xE0,0x07,0x00,0x00,0xE0,0x07,0x00,0x00,0xE0,0x07,0x00,0x00,0xE0,0x07,0x00,0x00,0xE0,0x07,0x00,0x00,0xE0,0x07,0x00,0x00,0xE0,0x07,0x00,0x00,0xE0,0x07,0x00,0x00,0xE0,0x0F,0x00,0x00,0xF0,0x0E,0x00,0x00,0xF0,0x1E,0x00,0x00,0x7E,0x7C,0x00,0x00,0x3F,0xFC,0x00,0x00,0x1F,0xF0,0x00,0x00,0x00,0x00,0x00,0x00,0x00,0x00,0x00,0x00,0x00,0x00,0x00,0x00,0x00,0x00,0x00,0x00,0x00,0x00,0x00,0x00,0x00,0x00,0x00,0x00},
    {0x00,0x00,0x00,0x00,0x00,0x00,0x00,0x00,0x00,0x00,0x00,0x00,0x00,0x00,0x00,0x00,0x00,0x00,0x00,0x00,0x00,0x00,0x00,0x00,0xFF,0xF0,0x00,0x00,0xFF,0xFC,0x00,0x00,0xFF,0xFC,0x00,0x00,0xE0,0x1E,0x00,0x00,0xE0,0x0E,0x00,0x00,0xE0,0x0E,0x00,0x00,0xE0,0x0E,0x00,0x00,0xE0,0x0E,0x00,0x00,0xE0,0x1E,0x00,0x00,0xFF,0xFC,0x00,0x00,0xFF,0xF8,0x00,0x00,0xFF,0xFC,0x00,0x00,0xE0,0x1E,0x00,0x00,0xE0,0x1E,0x00,0x00,0xE0,0x0E,0x00,0x00,0xE0,0x0E,0x00,0x00,0xE0,0x0E,0x00,0x00,0xE0,0x0E,0x00,0x00,0xE0,0x0E,0x00,0x00,0xE0,0x0F,0x00,0x00,0x00,0x00,0x00,0x00,0x00,0x00,0x00,0x00,0x00,0x00,0x00,0x00,0x00,0x00,0x00,0x00,0x00,0x00,0x00,0x00,0x00,0x00,0x00,0x00},
    {0x00,0x00,0x00,0x00,0x00,0x00,0x00,0x00,0x00,0x00,0x00,0x00,0x00,0x00,0x00,0x00,0x00,0x00,0x00,0x00,0x00,0x00,0x00,0x00,0x00,0x00,0x00,0x00,0x00,0x00,0x00,0x00,0x00,0x00,0x00,0x00,0x00,0x00,0x00,0x00,0x00,0x00,0x00,0x00,0x03,0x01,0x00,0x00,0x83,0x83,0x00,0x00,0x87,0x83,0x00,0x00,0x87,0xC3,0x00,0x00,0x87,0xC7,0x00,0x00,0xC7,0xC7,0x00,0x00,0xCE,0xC7,0x00,0x00,0xCE,0xEE,0x00,0x00,0xCC,0xEE,0x00,0x00,0xEC,0xEE,0x00,0x00,0xFC,0x7C,0x00,0x00,0x7C,0x7C,0x00,0x00,0x78,0x7C,0x00,0x00,0x78,0x78,0x00,0x00,0x38,0x38,0x00,0x00,0x00,0x00,0x00,0x00,0x00,0x00,0x00,0x00,0x00,0x00,0x00,0x00,0x00,0x00,0x00,0x00,0x00,0x00,0x00,0x00,0x00,0x00,0x00,0x00},
    {0x00,0x00,0x00,0x00,0x00,0x00,0x00,0x00,0x00,0x00,0x00,0x00,0x00,0x00,0x00,0x00,0x00,0x00,0x00,0x00,0x00,0x00,0x00,0x00,0x00,0x00,0x00,0x00,0x00,0x00,0x00,0x00,0x00,0x00,0x00,0x00,0x00,0x00,0x00,0x00,0x00,0x00,0x00,0x00,0x03,0x80,0x00,0x00,0x0F,0xE0,0x00,0x00,0x3F,0xF0,0x00,0x00,0x38,0x78,0x00,0x00,0x70,0x3C,0x00,0x00,0x70,0x1C,0x00,0x00,0x7F,0xFC,0x00,0x00,0x7F,0xFC,0x00,0x00,0x7F,0xFC,0x00,0x00,0x70,0x00,0x00,0x00,0x70,0x1C,0x00,0x00,0x78,0x3C,0x00,0x00,0x3E,0xF8,0x00,0x00,0x1F,0xF0,0x00,0x00,0x0F,0xE0,0x00,0x00,0x00,0x00,0x00,0x00,0x00,0x00,0x00,0x00,0x00,0x00,0x00,0x00,0x00,0x00,0x00,0x00,0x00,0x00,0x00,0x00,0x00,0x00,0x00,0x00},
    {0x00,0x00,0x00,0x00,0x00,0x00,0x00,0x00,0x00,0x00,0x00,0x00,0x00,0x00,0x00,0x00,0x00,0x00,0x00,0x00,0x00,0x00,0x00,0x00,0x03,0xC0,0x00,0x00,0x03,0xC0,0x00,0x00,0x07,0xC0,0x00,0x00,0x07,0xE0,0x00,0x00,0x0E,0xE0,0x00,0x00,0x0E,0xF0,0x00,0x00,0x0E,0x70,0x00,0x00,0x1C,0x70,0x00,0x00,0x1C,0x78,0x00,0x00,0x3C,0x38,0x00,0x00,0x38,0x38,0x00,0x00,0x3F,0xFC,0x00,0x00,0x7F,0xFC,0x00,0x00,0x7F,0xFE,0x00,0x00,0xF0,0x0E,0x00,0x00,0xE0,0x0E,0x00,0x00,0xE0,0x0F,0x00,0x00,0xE0,0x07,0x00,0x00,0xC0,0x07,0x00,0x00,0xC0,0x07,0x00,0x00,0x00,0x00,0x00,0x00,0x00,0x00,0x00,0x00,0x00,0x00,0x00,0x00,0x00,0x00,0x00,0x00,0x00,0x00,0x00,0x00,0x00,0x00,0x00,0x00},
    {0x00,0x00,0x00,0x00,0x00,0x00,0x00,0x00,0x00,0x00,0x00,0x00,0x00,0x00,0x00,0x00,0x0F,0x00,0x00,0x00,0x0F,0x00,0x00,0x00,0x03,0x80,0x00,0x00,0x07,0x00,0x00,0x00,0x06,0x00,0x00,0x00,0x04,0x00,0x00,0x00,0x00,0x02,0x00,0x00,0x0F,0x0E,0x00,0x00,0x7F,0xCF,0x00,0x00,0xFF,0xFF,0x00,0x00,0xF0,0xFC,0x00,0x00,0xE0,0x70,0x00,0x00,0xC0,0x70,0x00,0x00,0xC0,0x38,0x00,0x00,0xC0,0x38,0x00,0x00,0xC0,0x38,0x00,0x00,0xC0,0x38,0x00,0x00,0xC0,0x70,0x00,0x00,0xE0,0xF0,0x00,0x00,0xF9,0xE0,0x00,0x00,0x7F,0xE0,0x00,0x00,0x3F,0x80,0x00,0x00,0x00,0x00,0x00,0x00,0x00,0x00,0x00,0x00,0x00,0x00,0x00,0x00,0x00,0x00,0x00,0x00,0x00,0x00,0x00,0x00,0x00,0x00,0x00,0x00},
    {0x00,0x10,0x00,0x00,0x1F,0x30,0x00,0x00,0x1F,0xF0,0x00,0x00,0x39,0xE0,0x00,0x00,0x00,0x00,0x00,0x00,0x07,0x80,0x00,0x00,0x07,0xC0,0x00,0x00,0x0F,0xC0,0x00,0x00,0x1C,0xE0,0x00,0x00,0x18,0x60,0x00,0x00,0x00,0x00,0x00,0x00,0x07,0xC0,0x00,0x00,0x1F,0xF0,0x00,0x00,0x3F,0xF8,0x00,0x00,0x38,0x78,0x00,0x00,0x70,0x38,0x00,0x00,0x00,0x38,0x00,0x00,0x03,0xF8,0x00,0x00,0x1F,0xF8,0x00,0x00,0x7F,0x38,0x00,0x00,0x78,0x38,0x00,0x00,0x70,0x38,0x00,0x00,0x70,0x78,0x00,0x00,0x79,0xF8,0x00,0x00,0x7F,0xFC,0x00,0x00,0x3F,0x9C,0x00,0x00,0x00,0x00,0x00,0x00,0x00,0x00,0x00,0x00,0x00,0x00,0x00,0x00,0x00,0x00,0x00,0x00,0x00,0x00,0x00,0x00,0x00,0x00,0x00,0x00},
    {0x00,0x00,0x00,0x00,0x00,0x00,0x00,0x00,0x00,0x00,0x00,0x00,0x00,0x00,0x00,0x00,0x00,0x00,0x00,0x00,0x00,0x00,0x00,0x00,0x00,0x18,0x00,0x00,0x00,0x18,0x00,0x00,0x00,0x18,0x00,0x00,0x00,0x18,0x00,0x00,0x00,0x18,0x00,0x00,0x0F,0x98,0x00,0x00,0x3F,0xF8,0x00,0x00,0x7F,0xF8,0x00,0x00,0x78,0x78,0x00,0x00,0xF0,0x38,0x00,0x00,0xE0,0x38,0x00,0x00,0xE0,0x18,0x00,0x00,0xE0,0x18,0x00,0x00,0xE0,0x18,0x00,0x00,0xE0,0x38,0x00,0x00,0xE0,0x38,0x00,0x00,0xF0,0x78,0x00,0x00,0x7D,0xF8,0x00,0x00,0x3F,0xF8,0x00,0x00,0x1F,0xD8,0x00,0x00,0x00,0x00,0x00,0x00,0x00,0x00,0x00,0x00,0x00,0x00,0x00,0x00,0x00,0x00,0x00,0x00,0x00,0x00,0x00,0x00,0x00,0x00,0x00,0x00},
    {0x00,0x00,0x00,0x00,0x00,0x00,0x00,0x00,0x00,0x00,0x00,0x00,0x00,0x00,0x00,0x00,0x00,0x00,0x00,0x00,0x38,0x00,0x00,0x00,0x1C,0x00,0x00,0x00,0x1E,0x00,0x00,0x00,0x0E,0x00,0x00,0x00,0x06,0x00,0x00,0x00,0x00,0x00,0x00,0x00,0xC0,0x67,0x00,0x00,0xC0,0x6F,0x00,0x00,0xC0,0x7F,0x00,0x00,0xC0,0x7C,0x00,0x00,0xC0,0x70,0x00,0x00,0xC0,0x60,0x00,0x00,0xC0,0x60,0x00,0x00,0xC0,0x60,0x00,0x00,0xC0,0x60,0x00,0x00,0xC0,0x60,0x00,0x00,0xC0,0xE0,0x00,0x00,0xE0,0xE0,0x00,0x00,0xF3,0xE0,0x00,0x00,0xFF,0xE0,0x00,0x00,0x7F,0x60,0x00,0x00,0x00,0x00,0x00,0x00,0x00,0x00,0x00,0x00,0x00,0x00,0x00,0x00,0x00,0x00,0x00,0x00,0x00,0x00,0x00,0x00,0x00,0x00,0x00,0x00},
    {0x00,0x10,0x00,0x00,0x1F,0x30,0x00,0x00,0x1F,0xF0,0x00,0x00,0x19,0xE0,0x00,0x00,0x00,0x00,0x00,0x00,0x03,0x80,0x00,0x00,0x07,0xC0,0x00,0x00,0x0F,0xE0,0x00,0x00,0x0E,0xE0,0x00,0x00,0x0C,0x60,0x00,0x00,0x00,0x00,0x00,0x00,0x07,0xC0,0x00,0x00,0x1F,0xF0,0x00,0x00,0x3F,0xF8,0x00,0x00,0x7C,0x3C,0x00,0x00,0x70,0x1C,0x00,0x00,0x70,0x1C,0x00,0x00,0x70,0x1C,0x00,0x00,0x70,0x1E,0x00,0x00,0x70,0x1C,0x00,0x00,0x70,0x1C,0x00,0x00,0x70,0x1C,0x00,0x00,0x78,0x3C,0x00,0x00,0x3E,0xF8,0x00,0x00,0x1F,0xF0,0x00,0x00,0x0F,0xE0,0x00,0x00,0x00,0x00,0x00,0x00,0x00,0x00,0x00,0x00,0x00,0x00,0x00,0x00,0x00,0x00,0x00,0x00,0x00,0x00,0x00,0x00,0x00,0x00,0x00,0x00},
    {0x00,0x00,0x00,0x00,0x00,0x00,0x00,0x00,0x00,0xF0,0x00,0x00,0x00,0x70,0x00,0x00,0x00,0x38,0x00,0x00,0x07,0x9C,0x00,0x00,0x07,0xC0,0x00,0x00,0x0F,0xC0,0x00,0x00,0x1C,0xE0,0x00,0x00,0x18,0x60,0x00,0x00,0x00,0x00,0x00,0x00,0x07,0xC0,0x00,0x00,0x1F,0xF0,0x00,0x00,0x3F,0xF8,0x00,0x00,0x38,0x78,0x00,0x00,0x70,0x38,0x00,0x00,0x00,0x38,0x00,0x00,0x03,0xF8,0x00,0x00,0x1F,0xF8,0x00,0x00,0x7F,0x38,0x00,0x00,0x78,0x38,0x00,0x00,0x70,0x38,0x00,0x00,0x70,0x78,0x00,0x00,0x79,0xF8,0x00,0x00,0x7F,0xFC,0x00,0x00,0x3F,0x9C,0x00,0x00,0x00,0x00,0x00,0x00,0x00,0x00,0x00,0x00,0x00,0x00,0x00,0x00,0x00,0x00,0x00,0x00,0x00,0x00,0x00,0x00,0x00,0x00,0x00,0x00},
    {0x00,0x20,0x00,0x00,0x00,0x7C,0x00,0x00,0x00,0x1C,0x00,0x00,0x00,0x0C,0x00,0x00,0x00,0x38,0x00,0x00,0x03,0xB0,0x00,0x00,0x07,0xC0,0x00,0x00,0x0F,0xE0,0x00,0x00,0x0E,0xE0,0x00,0x00,0x0C,0x60,0x00,0x00,0x00,0x00,0x00,0x00,0x07,0xC0,0x00,0x00,0x1F,0xF0,0x00,0x00,0x3F,0xF8,0x00,0x00,0x7C,0x3C,0x00,0x00,0x70,0x1C,0x00,0x00,0x70,0x1C,0x00,0x00,0x70,0x1C,0x00,0x00,0x70,0x1E,0x00,0x00,0x70,0x1C,0x00,0x00,0x70,0x1C,0x00,0x00,0x70,0x1C,0x00,0x00,0x78,0x3C,0x00,0x00,0x3E,0xF8,0x00,0x00,0x1F,0xF0,0x00,0x00,0x0F,0xE0,0x00,0x00,0x00,0x00,0x00,0x00,0x00,0x00,0x00,0x00,0x00,0x00,0x00,0x00,0x00,0x00,0x00,0x00,0x00,0x00,0x00,0x00,0x00,0x00,0x00,0x00},
    {0x00,0x00,0x00,0x00,0x00,0x00,0x00,0x00,0x00,0x00,0x00,0x00,0x00,0x00,0x00,0x00,0x00,0x00,0x00,0x00,0x00,0x00,0x00,0x00,0x00,0x70,0x00,0x00,0x00,0x70,0x00,0x00,0x00,0x70,0x00,0x00,0x00,0x70,0x00,0x00,0x00,0x70,0x00,0x00,0x00,0x70,0x00,0x00,0x00,0x70,0x00,0x00,0x00,0x70,0x00,0x00,0x00,0x70,0x00,0x00,0x00,0x70,0x00,0x00,0x00,0x70,0x00,0x00,0x00,0x70,0x00,0x00,0x00,0x70,0x00,0x00,0x60,0x70,0x00,0x00,0xE0,0x70,0x00,0x00,0xF0,0x70,0x00,0x00,0x70,0xF0,0x00,0x00,0x79,0xF0,0x00,0x00,0x7F,0xE0,0x00,0x00,0x1F,0xC0,0x00,0x00,0x00,0x00,0x00,0x00,0x00,0x00,0x00,0x00,0x00,0x00,0x00,0x00,0x00,0x00,0x00,0x00,0x00,0x00,0x00,0x00,0x00,0x00,0x00,0x00},
    {0x00,0x10,0x00,0x00,0x1F,0x30,0x00,0x00,0x1F,0xF0,0x00,0x00,0x19,0xE0,0x00,0x00,0x00,0x00,0x00,0x00,0x03,0x80,0x00,0x00,0x07,0xC0,0x00,0x00,0x0F,0xE0,0x00,0x00,0x0E,0xE0,0x00,0x00,0x0C,0x60,0x00,0x00,0x00,0x00,0x00,0x00,0x03,0x80,0x00,0x00,0x0F,0xE0,0x00,0x00,0x3F,0xF0,0x00,0x00,0x38,0x78,0x00,0x00,0x70,0x3C,0x00,0x00,0x70,0x1C,0x00,0x00,0x7F,0xFC,0x00,0x00,0x7F,0xFC,0x00,0x00,0x7F,0xFC,0x00,0x00,0x70,0x00,0x00,0x00,0x70,0x1C,0x00,0x00,0x78,0x3C,0x00,0x00,0x3E,0xF8,0x00,0x00,0x1F,0xF0,0x00,0x00,0x0F,0xE0,0x00,0x00,0x00,0x00,0x00,0x00,0x00,0x00,0x00,0x00,0x00,0x00,0x00,0x00,0x00,0x00,0x00,0x00,0x00,0x00,0x00,0x00,0x00,0x00,0x00,0x00},
    {0x00,0x00,0x00,0x00,0x00,0x00,0x00,0x00,0x00,0x00,0x00,0x00,0x00,0x00,0x00,0x00,0x00,0x00,0x00,0x00,0x07,0x80,0x00,0x00,0x07,0xC0,0x00,0x00,0x0F,0xC0,0x00,0x00,0x1C,0xE0,0x00,0x00,0x18,0x60,0x00,0x00,0x00,0x00,0x00,0x00,0x07,0xC0,0x00,0x00,0x1F,0xF0,0x00,0x00,0x3F,0xF8,0x00,0x00,0x38,0x78,0x00,0x00,0x70,0x38,0x00,0x00,0x00,0x38,0x00,0x00,0x03,0xF8,0x00,0x00,0x1F,0xF8,0x00,0x00,0x7F,0x38,0x00,0x00,0x78,0x38,0x00,0x00,0x70,0x38,0x00,0x00,0x70,0x78,0x00,0x00,0x79,0xF8,0x00,0x00,0x7F,0xFC,0x00,0x00,0x3F,0x9C,0x00,0x00,0x00,0x00,0x00,0x00,0x00,0x00,0x00,0x00,0x00,0x00,0x00,0x00,0x00,0x00,0x00,0x00,0x00,0x00,0x00,0x00,0x00,0x00,0x00,0x00},
    {0x00,0x00,0x00,0x00,0x00,0x00,0x00,0x00,0x00,0x00,0x00,0x00,0x00,0x00,0x00,0x00,0x00,0x00,0x00,0x00,0x00,0x00,0x00,0x00,0x00,0x00,0x00,0x00,0x00,0x00,0x00,0x00,0x00,0x00,0x00,0x00,0x00,0x00,0x00,0x00,0x00,0x00,0x00,0x00,0x30,0x0C,0x00,0x00,0x78,0x1C,0x00,0x00,0x38,0x1C,0x00,0x00,0x38,0x38,0x00,0x00,0x3C,0x38,0x00,0x00,0x1C,0x38,0x00,0x00,0x1C,0x70,0x00,0x00,0x0E,0x70,0x00,0x00,0x0E,0x70,0x00,0x00,0x0E,0xE0,0x00,0x00,0x07,0xE0,0x00,0x00,0x07,0xE0,0x00,0x00,0x07,0xC0,0x00,0x00,0x03,0xC0,0x00,0x00,0x03,0x80,0x00,0x00,0x00,0x00,0x00,0x00,0x00,0x00,0x00,0x00,0x00,0x00,0x00,0x00,0x00,0x00,0x00,0x00,0x00,0x00,0x00,0x00,0x00,0x00,0x00,0x00},
    {0x00,0x00,0x00,0x00,0x00,0x00,0x00,0x00,0x00,0x00,0x00,0x00,0x00,0x00,0x00,0x00,0x00,0x00,0x00,0x00,0x00,0x00,0x00,0x00,0x00,0x00,0x00,0x00,0x00,0x00,0x00,0x00,0x00,0x00,0x00,0x00,0x00,0x00,0x00,0x00,0x00,0x00,0x00,0x00,0xC0,0x67,0x00,0x00,0xC0,0x6F,0x00,0x00,0xC0,0x7F,0x00,0x00,0xC0,0x7C,0x00,0x00,0xC0,0x70,0x00,0x00,0xC0,0x60,0x00,0x00,0xC0,0x60,0x00,0x00,0xC0,0x60,0x00,0x00,0xC0,0x60,0x00,0x00,0xC0,0x60,0x00,0x00,0xC0,0xE0,0x00,0x00,0xE0,0xE0,0x00,0x00,0xF3,0xE0,0x00,0x00,0xFF,0xE0,0x00,0x00,0x7F,0x60,0x00,0x00,0x00,0x00,0x00,0x00,0x00,0x00,0x00,0x00,0x0E,0x00,0x00,0x00,0x0E,0x00,0x00,0x00,0x0E,0x00,0x00,0x00,0x00,0x00,0x00,0x00},
    {0x00,0x00,0x00,0x00,0x00,0x00,0x00,0x00,0x00,0x00,0x00,0x00,0x00,0x00,0x00,0x00,0x00,0x00,0x00,0x00,0x00,0x00,0x00,0x00,0x03,0x80,0x00,0x00,0x1F,0xE0,0x00,0x00,0x3F,0xF0,0x00,0x00,0x3C,0x78,0x00,0x00,0x78,0x38,0x00,0x00,0x70,0x3C,0x00,0x00,0x70,0x1C,0x00,0x00,0x60,0x38,0x00,0x00,0x00,0x38,0x00,0x00,0x00,0x78,0x00,0x00,0x01,0xF0,0x00,0x00,0x03,0xE0,0x00,0x00,0x0F,0xC0,0x00,0x00,0x1F,0x00,0x00,0x00,0x3C,0x00,0x00,0x00,0x38,0x00,0x00,0x00,0x70,0x00,0x00,0x00,0x7F,0xF8,0x00,0x00,0x7F,0xF8,0x00,0x00,0xFF,0xF8,0x00,0x00,0x00,0x00,0x00,0x00,0x00,0x00,0x00,0x00,0x00,0x00,0x00,0x00,0x00,0x00,0x00,0x00,0x00,0x00,0x00,0x00,0x00,0x00,0x00,0x00},
    {0x00,0x00,0x00,0x00,0x00,0x00,0x00,0x00,0x00,0x00,0x00,0x00,0x00,0x00,0x00,0x00,0x00,0x00,0x00,0x00,0x00,0x00,0x00,0x00,0x03,0x80,0x00,0x00,0x1F,0xE0,0x00,0x00,0x3F,0xF0,0x00,0x00,0x38,0x78,0x00,0x00,0x70,0x38,0x00,0x00,0x70,0x38,0x00,0x00,0x70,0x38,0x00,0x00,0x00,0x78,0x00,0x00,0x01,0xF0,0x00,0x00,0x03,0xF0,0x00,0x00,0x03,0xF8,0x00,0x00,0x00,0x78,0x00,0x00,0x00,0x3C,0x00,0x00,0x00,0x1C,0x00,0x00,0x70,0x1C,0x00,0x00,0x70,0x1C,0x00,0x00,0x78,0x3C,0x00,0x00,0x7C,0xF8,0x00,0x00,0x3F,0xF0,0x00,0x00,0x0F,0xE0,0x00,0x00,0x00,0x00,0x00,0x00,0x00,0x00,0x00,0x00,0x00,0x00,0x00,0x00,0x00,0x00,0x00,0x00,0x00,0x00,0x00,0x00,0x00,0x00,0x00,0x00},
    {0x00,0x00,0x00,0x00,0x00,0x00,0x00,0x00,0x00,0x00,0x00,0x00,0x00,0x00,0x00,0x00,0x00,0x00,0x00,0x00,0x00,0x00,0x00,0x00,0x00,0x60,0x00,0x00,0x00,0xF0,0x00,0x00,0x00,0xF0,0x00,0x00,0x01,0xF0,0x00,0x00,0x03,0xF0,0x00,0x00,0x03,0xF0,0x00,0x00,0x07,0x70,0x00,0x00,0x0E,0x70,0x00,0x00,0x1C,0x70,0x00,0x00,0x1C,0x70,0x00,0x00,0x38,0x70,0x00,0x00,0x70,0x70,0x00,0x00,0x70,0x70,0x00,0x00,0xFF,0xFC,0x00,0x00,0xFF,0xFC,0x00,0x00,0x00,0xF0,0x00,0x00,0x00,0x70,0x00,0x00,0x00,0x70,0x00,0x00,0x00,0x70,0x00,0x00,0x00,0x70,0x00,0x00,0x00,0x00,0x00,0x00,0x00,0x00,0x00,0x00,0x00,0x00,0x00,0x00,0x00,0x00,0x00,0x00,0x00,0x00,0x00,0x00,0x00,0x00,0x00,0x00},
    {0x00,0x00,0x00,0x00,0x00,0x00,0x00,0x00,0x00,0x00,0x00,0x00,0x00,0x00,0x00,0x00,0x00,0x00,0x00,0x00,0x00,0x00,0x00,0x00,0x00,0x00,0x00,0x00,0x1F,0xF8,0x00,0x00,0x1F,0xF8,0x00,0x00,0x38,0x00,0x00,0x00,0x38,0x00,0x00,0x00,0x38,0x00,0x00,0x00,0x38,0x00,0x00,0x00,0x3F,0xE0,0x00,0x00,0x3F,0xF0,0x00,0x00,0x7F,0xF8,0x00,0x00,0x78,0x38,0x00,0x00,0x00,0x3C,0x00,0x00,0x00,0x1C,0x00,0x00,0x00,0x1C,0x00,0x00,0x60,0x1C,0x00,0x00,0x70,0x1C,0x00,0x00,0x78,0x38,0x00,0x00,0x7C,0xF8,0x00,0x00,0x3F,0xF0,0x00,0x00,0x0F,0xE0,0x00,0x00,0x00,0x00,0x00,0x00,0x00,0x00,0x00,0x00,0x00,0x00,0x00,0x00,0x00,0x00,0x00,0x00,0x00,0x00,0x00,0x00,0x00,0x00,0x00,0x00},
    {0x00,0x00,0x00,0x00,0x00,0x00,0x00,0x00,0x00,0x00,0x00,0x00,0x00,0x00,0x00,0x00,0x00,0x00,0x00,0x00,0x00,0x00,0x00,0x00,0x03,0xC0,0x00,0x00,0x0F,0xF0,0x00,0x00,0x1F,0xF8,0x00,0x00,0x3C,0x78,0x00,0x00,0x38,0x3C,0x00,0x00,0x30,0x1C,0x00,0x00,0x70,0x00,0x00,0x00,0x73,0xC0,0x00,0x00,0x7F,0xF0,0x00,0x00,0x7F,0xF8,0x00,0x00,0x7C,0x3C,0x00,0x00,0x78,0x1C,0x00,0x00,0x70,0x1C,0x00,0x00,0x70,0x1C,0x00,0x00,0x70,0x1C,0x00,0x00,0x78,0x1C,0x00,0x00,0x38,0x3C,0x00,0x00,0x3E,0x78,0x00,0x00,0x1F,0xF0,0x00,0x00,0x0F,0xE0,0x00,0x00,0x00,0x00,0x00,0x00,0x00,0x00,0x00,0x00,0x00,0x00,0x00,0x00,0x00,0x00,0x00,0x00,0x00,0x00,0x00,0x00,0x00,0x00,0x00,0x00},
    {0x00,0x00,0x00,0x00,0x00,0x00,0x00,0x00,0x00,0x00,0x00,0x00,0x00,0x00,0x00,0x00,0x00,0x00,0x00,0x00,0x00,0x00,0x00,0x00,0x00,0x00,0x00,0x00,0x7F,0xFC,0x00,0x00,0x7F,0xFC,0x00,0x00,0x00,0x3C,0x00,0x00,0x00,0x38,0x00,0x00,0x00,0x70,0x00,0x00,0x00,0xE0,0x00,0x00,0x00,0xE0,0x00,0x00,0x01,0xC0,0x00,0x00,0x03,0xC0,0x00,0x00,0x03,0x80,0x00,0x00,0x03,0x80,0x00,0x00,0x07,0x00,0x00,0x00,0x07,0x00,0x00,0x00,0x0F,0x00,0x00,0x00,0x0E,0x00,0x00,0x00,0x0E,0x00,0x00,0x00,0x0E,0x00,0x00,0x00,0x0E,0x00,0x00,0x00,0x0E,0x00,0x00,0x00,0x00,0x00,0x00,0x00,0x00,0x00,0x00,0x00,0x00,0x00,0x00,0x00,0x00,0x00,0x00,0x00,0x00,0x00,0x00,0x00,0x00,0x00,0x00,0x00},
    {0x00,0x00,0x00,0x00,0x00,0x00,0x00,0x00,0x00,0x00,0x00,0x00,0x00,0x00,0x00,0x00,0x00,0x00,0x00,0x00,0x00,0x00,0x00,0x00,0x03,0x80,0x00,0x00,0x1F,0xE0,0x00,0x00,0x3F,0xF0,0x00,0x00,0x78,0x78,0x00,0x00,0x70,0x38,0x00,0x00,0x70,0x3C,0x00,0x00,0x70,0x1C,0x00,0x00,0x70,0x1C,0x00,0x00,0x70,0x3C,0x00,0x00,0x78,0x3C,0x00,0x00,0x3C,0xFC,0x00,0x00,0x3F,0xFC,0x00,0x00,0x1F,0xDC,0x00,0x00,0x00,0x1C,0x00,0x00,0x00,0x1C,0x00,0x00,0x70,0x38,0x00,0x00,0x78,0x78,0x00,0x00,0x3E,0xF0,0x00,0x00,0x3F,0xF0,0x00,0x00,0x0F,0xC0,0x00,0x00,0x00,0x00,0x00,0x00,0x00,0x00,0x00,0x00,0x00,0x00,0x00,0x00,0x00,0x00,0x00,0x00,0x00,0x00,0x00,0x00,0x00,0x00,0x00,0x00},
    {0x00,0x00,0x00,0x00,0x00,0x00,0x00,0x00,0x00,0x00,0x00,0x00,0x00,0x00,0x00,0x00,0x00,0x00,0x00,0x00,0x00,0x00,0x00,0x00,0xC0,0x07,0x00,0x00,0xC0,0x0F,0x00,0x00,0xE0,0x0E,0x00,0x00,0xE0,0x1E,0x00,0x00,0xE0,0x1C,0x00,0x00,0xF0,0x1C,0x00,0x00,0x70,0x3C,0x00,0x00,0x70,0x38,0x00,0x00,0x78,0x38,0x00,0x00,0x38,0x78,0x00,0x00,0x38,0x70,0x00,0x00,0x1C,0x70,0x00,0x00,0x1C,0x70,0x00,0x00,0x1C,0xE0,0x00,0x00,0x0E,0xE0,0x00,0x00,0x0F,0xE0,0x00,0x00,0x0F,0xC0,0x00,0x00,0x07,0xC0,0x00,0x00,0x07,0x80,0x00,0x00,0x07,0x80,0x00,0x00,0x00,0x00,0x00,0x00,0x00,0x00,0x00,0x00,0x00,0x00,0x00,0x00,0x00,0x00,0x00,0x00,0x00,0x00,0x00,0x00,0x00,0x00,0x00,0x00},
};

const display_cjk_font_t font_vi = {
    .glyphs = vi_glyphs,
    .glyphs_2x = vi_glyphs_2x,
    .count = sizeof(vi_glyphs) / sizeof(vi_glyphs[0]),
    .glyph_width = 8,
};
